2026-10-02T10:46:51.8161561Z Current runner version: '2.337.0'
2026-10-02T10:46:51.8187030Z ##[group]Runner Image Provisioner
2026-10-02T10:46:51.8187940Z Hosted Compute Agent
2026-10-02T10:46:51.8188571Z Version: 20260901.588
2026-10-02T10:46:51.8189517Z Commit: f88ec8081b781fac6c440065ac7ff9e710ce3d0b
2026-10-02T10:46:51.8190325Z Build Date: 2026-09-01T19:56:44Z
2026-10-02T10:46:51.8191082Z Worker ID: {9871619c-aa74-4cd1-a8ff-9ac5d3351c7e}
2026-10-02T10:46:51.8191829Z Azure Region: eastus
2026-10-02T10:46:51.8192442Z ##[endgroup]
2026-10-02T10:46:51.8194508Z ##[group]Operating System
2026-10-02T10:46:51.8195173Z Ubuntu
2026-10-02T10:46:51.8195693Z 24.04.5
2026-10-02T10:46:51.8196310Z LTS
2026-10-02T10:46:51.8196870Z ##[endgroup]
2026-10-02T10:46:51.8197471Z ##[group]Runner Image
2026-10-02T10:46:51.8198129Z Image: ubuntu-24.04
2026-10-02T10:46:51.8198679Z Version: 20260927.320.1
2026-10-02T10:46:51.8200539Z Included Software: https://github.com/actions/runner-images/blob/ubuntu24/20260927.320/images/ubuntu/Ubuntu2404-Readme.md
2026-10-02T10:46:51.8202427Z Image Release: https://github.com/actions/runner-images/releases/tag/ubuntu24%2F20260927.320
2026-10-02T10:46:51.8203435Z ##[endgroup]
2026-10-02T10:46:51.8204573Z ##[group]GITHUB_TOKEN Permissions
2026-10-02T10:46:51.8206575Z Contents: read
2026-10-02T10:46:51.8207189Z Metadata: read
2026-10-02T10:46:51.8207876Z ##[endgroup]
2026-10-02T10:46:51.8210462Z Secret source: Actions
2026-10-02T10:46:51.8211557Z Cache mode: write
2026-10-02T10:46:51.8212297Z Prepare workflow directory
2026-10-02T10:46:51.8637230Z Prepare all required actions
2026-10-02T10:46:51.8691795Z Getting action download info
2026-10-02T10:46:52.1257517Z Download action repository 'actions/checkout@v4' (SHA:11d5960a326750d5838078e36cf38b85af677262)
2026-10-02T10:46:52.2440396Z Download action repository 'actions/setup-node@v4' (SHA:49933ea5288caeca8642d1e84afbd3f7d6820020)
2026-10-02T10:46:52.4337156Z Complete job name: regressions
2026-10-02T10:46:52.5100458Z ##[group]Run actions/checkout@v4
2026-10-02T10:46:52.5101353Z with:
2026-10-02T10:46:52.5101845Z   repository: trimcrae/Kid-games
2026-10-02T10:46:52.5105720Z   token: ***
2026-10-02T10:46:52.5106159Z   ssh-strict: true
2026-10-02T10:46:52.5106604Z   ssh-user: git
2026-10-02T10:46:52.5107071Z   persist-credentials: true
2026-10-02T10:46:52.5107562Z   clean: true
2026-10-02T10:46:52.5108021Z   sparse-checkout-cone-mode: true
2026-10-02T10:46:52.5108556Z   fetch-depth: 1
2026-10-02T10:46:52.5109176Z   fetch-tags: false
2026-10-02T10:46:52.5109644Z   show-progress: true
2026-10-02T10:46:52.5110095Z   lfs: false
2026-10-02T10:46:52.5110512Z   submodules: false
2026-10-02T10:46:52.5110963Z   set-safe-directory: true
2026-10-02T10:46:52.5111474Z   allow-unsafe-pr-checkout: false
2026-10-02T10:46:52.5112258Z ##[endgroup]
2026-10-02T10:46:52.6156600Z Syncing repository: trimcrae/Kid-games
2026-10-02T10:46:52.6158500Z ##[group]Getting Git version info
2026-10-02T10:46:52.6159632Z Working directory is '/home/runner/work/Kid-games/Kid-games'
2026-10-02T10:46:52.6160866Z [command]/usr/bin/git version
2026-10-02T10:46:52.6260551Z git version 2.55.0
2026-10-02T10:46:52.6296664Z ##[endgroup]
2026-10-02T10:46:52.6307378Z Temporarily overriding HOME='/home/runner/work/_temp/24250fe2-2847-4a1d-b36a-62ceb1ef23d4' before making global git config changes
2026-10-02T10:46:52.6310130Z Adding repository directory to the temporary git global config as a safe directory
2026-10-02T10:46:52.6314326Z [command]/usr/bin/git config --global --add safe.directory /home/runner/work/Kid-games/Kid-games
2026-10-02T10:46:52.6371970Z Deleting the contents of '/home/runner/work/Kid-games/Kid-games'
2026-10-02T10:46:52.6376884Z ##[group]Initializing the repository
2026-10-02T10:46:52.6381444Z [command]/usr/bin/git init /home/runner/work/Kid-games/Kid-games
2026-10-02T10:46:52.6507630Z hint: Using 'master' as the name for the initial branch. This default branch name
2026-10-02T10:46:52.6509867Z hint: will change to "main" in Git 3.0. To configure the initial branch name
2026-10-02T10:46:52.6511541Z hint: to use in all of your new repositories, which will suppress this warning,
2026-10-02T10:46:52.6513365Z hint: call:
2026-10-02T10:46:52.6514102Z hint:
2026-10-02T10:46:52.6515024Z hint: 	git config --global init.defaultBranch <name>
2026-10-02T10:46:52.6516199Z hint:
2026-10-02T10:46:52.6517324Z hint: Names commonly chosen instead of 'master' are 'main', 'trunk' and
2026-10-02T10:46:52.6519279Z hint: 'development'. The just-created branch can be renamed via this command:
2026-10-02T10:46:52.6520679Z hint:
2026-10-02T10:46:52.6521433Z hint: 	git branch -m <name>
2026-10-02T10:46:52.6522274Z hint:
2026-10-02T10:46:52.6523353Z hint: Disable this message with "git config set advice.defaultBranchName false"
2026-10-02T10:46:52.6524964Z Initialized empty Git repository in /home/runner/work/Kid-games/Kid-games/.git/
2026-10-02T10:46:52.6529356Z [command]/usr/bin/git remote add origin https://github.com/trimcrae/Kid-games
2026-10-02T10:46:52.6585099Z ##[endgroup]
2026-10-02T10:46:52.6586454Z ##[group]Disabling automatic garbage collection
2026-10-02T10:46:52.6589896Z [command]/usr/bin/git config --local gc.auto 0
2026-10-02T10:46:52.6626522Z ##[endgroup]
2026-10-02T10:46:52.6633636Z ##[group]Setting up auth
2026-10-02T10:46:52.6635132Z [command]/usr/bin/git config --local --name-only --get-regexp core\.sshCommand
2026-10-02T10:46:52.6683307Z [command]/usr/bin/git submodule foreach --recursive sh -c "git config --local --name-only --get-regexp 'core\.sshCommand' && git config --local --unset-all 'core.sshCommand' || :"
2026-10-02T10:46:52.7086931Z [command]/usr/bin/git config --local --name-only --get-regexp http\.https\:\/\/github\.com\/\.extraheader
2026-10-02T10:46:52.7123761Z [command]/usr/bin/git submodule foreach --recursive sh -c "git config --local --name-only --get-regexp 'http\.https\:\/\/github\.com\/\.extraheader' && git config --local --unset-all 'http.https://github.com/.extraheader' || :"
2026-10-02T10:46:52.7357424Z [command]/usr/bin/git config --local --name-only --get-regexp ^includeIf\.gitdir:
2026-10-02T10:46:52.7393280Z [command]/usr/bin/git submodule foreach --recursive git config --local --show-origin --name-only --get-regexp remote.origin.url
2026-10-02T10:46:52.7624151Z [command]/usr/bin/git config --local http.https://github.com/.extraheader AUTHORIZATION: basic ***
2026-10-02T10:46:52.7666764Z ##[endgroup]
2026-10-02T10:46:52.7668229Z ##[group]Fetching the repository
2026-10-02T10:46:52.7677241Z [command]/usr/bin/git -c protocol.version=2 fetch --no-tags --prune --no-recurse-submodules --depth=1 origin +a1be08eae9f6e39c9d6de89a55fd8cc877c84ba7:refs/remotes/pull/10/merge
2026-10-02T10:47:03.7788897Z From https://github.com/trimcrae/Kid-games
2026-10-02T10:47:03.7791188Z  * [new ref]         a1be08eae9f6e39c9d6de89a55fd8cc877c84ba7 -> pull/10/merge
2026-10-02T10:47:03.7795865Z ##[endgroup]
2026-10-02T10:47:03.7797739Z ##[group]Determining the checkout info
2026-10-02T10:47:03.7799567Z ##[endgroup]
2026-10-02T10:47:03.7804459Z [command]/usr/bin/git sparse-checkout disable
2026-10-02T10:47:03.7861036Z [command]/usr/bin/git config --local --unset-all extensions.worktreeConfig
2026-10-02T10:47:03.7896238Z ##[group]Checking out the ref
2026-10-02T10:47:03.7899666Z [command]/usr/bin/git checkout --progress --force refs/remotes/pull/10/merge
2026-10-02T10:47:04.6610655Z Note: switching to 'refs/remotes/pull/10/merge'.
2026-10-02T10:47:04.6611429Z 
2026-10-02T10:47:04.6611904Z You are in 'detached HEAD' state. You can look around, make experimental
2026-10-02T10:47:04.6613009Z changes and commit them, and you can discard any commits you make in this
2026-10-02T10:47:04.6614060Z state without impacting any branches by switching back to a branch.
2026-10-02T10:47:04.6614497Z 
2026-10-02T10:47:04.6614798Z If you want to create a new branch to retain commits you create, you may
2026-10-02T10:47:04.6615499Z do so (now or later) by using -c with the switch command. Example:
2026-10-02T10:47:04.6615914Z 
2026-10-02T10:47:04.6616149Z   git switch -c <new-branch-name>
2026-10-02T10:47:04.6616414Z 
2026-10-02T10:47:04.6616610Z Or undo this operation with:
2026-10-02T10:47:04.6617135Z 
2026-10-02T10:47:04.6617288Z   git switch -
2026-10-02T10:47:04.6617520Z 
2026-10-02T10:47:04.6617851Z Turn off this advice by setting config variable advice.detachedHead to false
2026-10-02T10:47:04.6618305Z 
2026-10-02T10:47:04.6618812Z HEAD is now at a1be08e Merge 7c130a8e5b3e6d90a271fb9f91d4ba8827446b03 into 7fd3f37c107e2c76e456bc6ab41c4806984dcaef
2026-10-02T10:47:04.6682724Z ##[endgroup]
2026-10-02T10:47:04.6733050Z [command]/usr/bin/git log -1 --format=%H
2026-10-02T10:47:04.6763771Z a1be08eae9f6e39c9d6de89a55fd8cc877c84ba7
2026-10-02T10:47:04.7037296Z ##[group]Run actions/setup-node@v4
2026-10-02T10:47:04.7037678Z with:
2026-10-02T10:47:04.7037936Z   node-version: 22
2026-10-02T10:47:04.7038203Z   always-auth: false
2026-10-02T10:47:04.7038468Z   check-latest: false
2026-10-02T10:47:04.7041421Z   token: ***
2026-10-02T10:47:04.7041698Z ##[endgroup]
2026-10-02T10:47:04.8552318Z Found in cache @ /opt/hostedtoolcache/node/22.23.3/x64
2026-10-02T10:47:04.8556832Z (node:2281) [DEP0040] DeprecationWarning: The `punycode` module is deprecated. Please use a userland alternative instead.
2026-10-02T10:47:04.8558292Z (Use `node --trace-deprecation ...` to show where the warning was created)
2026-10-02T10:47:04.8560722Z ##[group]Environment details
2026-10-02T10:47:05.3266451Z node: v22.23.3
2026-10-02T10:47:05.3266863Z npm: 10.9.9
2026-10-02T10:47:05.3267093Z yarn: 1.22.22
2026-10-02T10:47:05.3268243Z ##[endgroup]
2026-10-02T10:47:05.3415350Z ##[group]Run npm install --no-package-lock --no-audit --no-fund
2026-10-02T10:47:05.3415930Z [36;1mnpm install --no-package-lock --no-audit --no-fund[0m
2026-10-02T10:47:05.3728384Z shell: /usr/bin/bash -e {0}
2026-10-02T10:47:05.3728740Z ##[endgroup]
2026-10-02T10:47:07.9786924Z 
2026-10-02T10:47:07.9793881Z added 1 package in 3s
2026-10-02T10:47:08.0253926Z ##[group]Run node node_modules/playwright-core/cli.js install --with-deps --no-shell chromium
2026-10-02T10:47:08.0254657Z [36;1mnode node_modules/playwright-core/cli.js install --with-deps --no-shell chromium[0m
2026-10-02T10:47:08.0320640Z shell: /usr/bin/bash -e {0}
2026-10-02T10:47:08.0320928Z ##[endgroup]
2026-10-02T10:47:08.3638463Z Installing dependencies...
2026-10-02T10:47:08.3738428Z Switching to root user to install dependencies...
2026-10-02T10:47:08.4813290Z Get:1 file:/etc/apt/apt-mirrors.txt Mirrorlist [144 B]
2026-10-02T10:47:08.5133726Z Hit:2 http://azure.archive.ubuntu.com/ubuntu noble InRelease
2026-10-02T10:47:08.5146719Z Get:3 http://azure.archive.ubuntu.com/ubuntu noble-updates InRelease [126 kB]
2026-10-02T10:47:08.5177501Z Get:4 http://azure.archive.ubuntu.com/ubuntu noble-backports InRelease [126 kB]
2026-10-02T10:47:08.5239603Z Get:5 http://azure.archive.ubuntu.com/ubuntu noble-security InRelease [126 kB]
2026-10-02T10:47:08.5470774Z Get:6 https://packages.microsoft.com/ubuntu/24.04/prod noble InRelease [3600 B]
2026-10-02T10:47:08.6500602Z Get:7 http://azure.archive.ubuntu.com/ubuntu noble-updates/main amd64 Packages [1364 kB]
2026-10-02T10:47:08.6648258Z Get:8 http://azure.archive.ubuntu.com/ubuntu noble-updates/main Translation-en [304 kB]
2026-10-02T10:47:08.6653350Z Get:9 http://azure.archive.ubuntu.com/ubuntu noble-updates/main amd64 Components [180 kB]
2026-10-02T10:47:08.6670504Z Get:10 http://azure.archive.ubuntu.com/ubuntu noble-updates/universe amd64 Packages [1699 kB]
2026-10-02T10:47:08.6757729Z Get:11 http://azure.archive.ubuntu.com/ubuntu noble-updates/universe Translation-en [341 kB]
2026-10-02T10:47:08.6783686Z Get:12 http://azure.archive.ubuntu.com/ubuntu noble-updates/universe amd64 Components [388 kB]
2026-10-02T10:47:08.6809686Z Get:13 http://azure.archive.ubuntu.com/ubuntu noble-updates/restricted amd64 Packages [1720 kB]
2026-10-02T10:47:08.6897829Z Get:14 http://azure.archive.ubuntu.com/ubuntu noble-updates/restricted Translation-en [394 kB]
2026-10-02T10:47:08.6942724Z Get:15 http://azure.archive.ubuntu.com/ubuntu noble-updates/multiverse amd64 Components [940 B]
2026-10-02T10:47:08.7146293Z Get:16 http://azure.archive.ubuntu.com/ubuntu noble-backports/main amd64 Components [5764 B]
2026-10-02T10:47:08.7569460Z Get:17 http://azure.archive.ubuntu.com/ubuntu noble-backports/universe amd64 Components [12.6 kB]
2026-10-02T10:47:08.7674301Z Get:18 http://azure.archive.ubuntu.com/ubuntu noble-security/main amd64 Packages [1069 kB]
2026-10-02T10:47:08.7742181Z Get:19 http://azure.archive.ubuntu.com/ubuntu noble-security/main Translation-en [221 kB]
2026-10-02T10:47:08.7763021Z Get:20 http://azure.archive.ubuntu.com/ubuntu noble-security/main amd64 Components [46.3 kB]
2026-10-02T10:47:08.7775168Z Get:21 http://azure.archive.ubuntu.com/ubuntu noble-security/universe amd64 Packages [1216 kB]
2026-10-02T10:47:08.7855471Z Get:22 http://azure.archive.ubuntu.com/ubuntu noble-security/universe Translation-en [244 kB]
2026-10-02T10:47:08.7875048Z Get:23 http://azure.archive.ubuntu.com/ubuntu noble-security/universe amd64 Components [76.3 kB]
2026-10-02T10:47:08.7888422Z Get:24 http://azure.archive.ubuntu.com/ubuntu noble-security/restricted amd64 Packages [1566 kB]
2026-10-02T10:47:08.7971663Z Get:25 http://azure.archive.ubuntu.com/ubuntu noble-security/restricted Translation-en [361 kB]
2026-10-02T10:47:08.8203442Z Get:26 https://packages.microsoft.com/ubuntu/24.04/prod noble/main armhf Packages [12.6 kB]
2026-10-02T10:47:08.8261575Z Get:27 https://packages.microsoft.com/ubuntu/24.04/prod noble/main arm64 Packages [458 kB]
2026-10-02T10:47:08.8360316Z Get:28 https://packages.microsoft.com/ubuntu/24.04/prod noble/main amd64 Packages [510 kB]
2026-10-02T10:47:13.0753785Z Fetched 12.6 MB in 1s (9331 kB/s)
2026-10-02T10:47:13.8805865Z Reading package lists...
2026-10-02T10:47:13.9050554Z Reading package lists...
2026-10-02T10:47:14.0663641Z Building dependency tree...
2026-10-02T10:47:14.0671103Z Reading state information...
2026-10-02T10:47:14.2055859Z libasound2t64 is already the newest version (1.2.11-1ubuntu0.3).
2026-10-02T10:47:14.2056987Z libasound2t64 set to manually installed.
2026-10-02T10:47:14.2057938Z libatk-bridge2.0-0t64 is already the newest version (2.52.0-1build1).
2026-10-02T10:47:14.2059652Z libatk-bridge2.0-0t64 set to manually installed.
2026-10-02T10:47:14.2060472Z libatk1.0-0t64 is already the newest version (2.52.0-1build1).
2026-10-02T10:47:14.2061215Z libatk1.0-0t64 set to manually installed.
2026-10-02T10:47:14.2061985Z libatspi2.0-0t64 is already the newest version (2.52.0-1build1).
2026-10-02T10:47:14.2062743Z libatspi2.0-0t64 set to manually installed.
2026-10-02T10:47:14.2063500Z libcairo2 is already the newest version (1.18.0-3build1).
2026-10-02T10:47:14.2064634Z libcairo2 set to manually installed.
2026-10-02T10:47:14.2065419Z libcups2t64 is already the newest version (2.4.7-1.2ubuntu7.14).
2026-10-02T10:47:14.2066092Z libcups2t64 set to manually installed.
2026-10-02T10:47:14.2066714Z libdbus-1-3 is already the newest version (1.14.10-4ubuntu4.1).
2026-10-02T10:47:14.2067299Z libdbus-1-3 set to manually installed.
2026-10-02T10:47:14.2067916Z libdrm2 is already the newest version (2.4.125-1ubuntu0.1~24.04.2).
2026-10-02T10:47:14.2068510Z libdrm2 set to manually installed.
2026-10-02T10:47:14.2069277Z libglib2.0-0t64 is already the newest version (2.80.0-6ubuntu3.9).
2026-10-02T10:47:14.2069894Z libglib2.0-0t64 set to manually installed.
2026-10-02T10:47:14.2070496Z libnspr4 is already the newest version (2:4.35-1.1build1).
2026-10-02T10:47:14.2071059Z libnspr4 set to manually installed.
2026-10-02T10:47:14.2071622Z libnss3 is already the newest version (2:3.98-1ubuntu0.2).
2026-10-02T10:47:14.2072160Z libnss3 set to manually installed.
2026-10-02T10:47:14.2072761Z libpango-1.0-0 is already the newest version (1.52.1+ds-1build1).
2026-10-02T10:47:14.2073359Z libpango-1.0-0 set to manually installed.
2026-10-02T10:47:14.2074037Z libx11-6 is already the newest version (2:1.8.7-1build1).
2026-10-02T10:47:14.2074590Z libx11-6 set to manually installed.
2026-10-02T10:47:14.2075118Z libxcb1 is already the newest version (1.15-1ubuntu2).
2026-10-02T10:47:14.2075645Z libxcb1 set to manually installed.
2026-10-02T10:47:14.2076206Z libxcomposite1 is already the newest version (1:0.4.5-1build3).
2026-10-02T10:47:14.2076893Z libxcomposite1 set to manually installed.
2026-10-02T10:47:14.2077336Z libxdamage1 is already the newest version (1:1.1.6-1build1).
2026-10-02T10:47:14.2077755Z libxdamage1 set to manually installed.
2026-10-02T10:47:14.2078175Z libxext6 is already the newest version (2:1.3.4-1build2).
2026-10-02T10:47:14.2078573Z libxext6 set to manually installed.
2026-10-02T10:47:14.2079112Z libxfixes3 is already the newest version (1:6.0.0-2build1).
2026-10-02T10:47:14.2079783Z libxfixes3 set to manually installed.
2026-10-02T10:47:14.2080331Z libxkbcommon0 is already the newest version (1.6.0-1build1).
2026-10-02T10:47:14.2080754Z libxkbcommon0 set to manually installed.
2026-10-02T10:47:14.2081182Z libxrandr2 is already the newest version (2:1.5.2-2build1).
2026-10-02T10:47:14.2081582Z libxrandr2 set to manually installed.
2026-10-02T10:47:14.2081989Z xvfb is already the newest version (2:21.1.12-1ubuntu1.8).
2026-10-02T10:47:14.2082581Z fonts-noto-color-emoji is already the newest version (2.047-0ubuntu0.24.04.1).
2026-10-02T10:47:14.2083165Z libfontconfig1 is already the newest version (2.15.0-1.1ubuntu2).
2026-10-02T10:47:14.2083597Z libfontconfig1 set to manually installed.
2026-10-02T10:47:14.2084058Z libfreetype6 is already the newest version (2.13.2+dfsg-1ubuntu0.1).
2026-10-02T10:47:14.2084500Z libfreetype6 set to manually installed.
2026-10-02T10:47:14.2084932Z fonts-liberation is already the newest version (1:2.1.5-3).
2026-10-02T10:47:14.2085361Z fonts-liberation set to manually installed.
2026-10-02T10:47:14.2085782Z The following additional packages will be installed:
2026-10-02T10:47:14.2086256Z   libgl1-mesa-dri libglx-mesa0 libwayland-server0 mesa-libgallium
2026-10-02T10:47:14.2086660Z   xfonts-encodings xfonts-utils
2026-10-02T10:47:14.2087102Z Recommended packages:
2026-10-02T10:47:14.2087415Z   fonts-ipafont-mincho fonts-tlwg-loma
2026-10-02T10:47:14.2261513Z The following NEW packages will be installed:
2026-10-02T10:47:14.2262293Z   fonts-freefont-ttf fonts-ipafont-gothic fonts-tlwg-loma-otf fonts-unifont
2026-10-02T10:47:14.2267170Z   fonts-wqy-zenhei libwayland-server0 xfonts-cyrillic xfonts-encodings
2026-10-02T10:47:14.2267812Z   xfonts-scalable xfonts-utils
2026-10-02T10:47:14.2271451Z The following packages will be upgraded:
2026-10-02T10:47:14.2275860Z   libgbm1 libgl1-mesa-dri libglx-mesa0 mesa-libgallium
2026-10-02T10:47:14.2435818Z 4 upgraded, 10 newly installed, 0 to remove and 21 not upgraded.
2026-10-02T10:47:14.2436299Z Need to get 32.1 MB of archives.
2026-10-02T10:47:14.2436783Z After this operation, 79.7 MB of additional disk space will be used.
2026-10-02T10:47:14.2437317Z Get:1 file:/etc/apt/apt-mirrors.txt Mirrorlist [144 B]
2026-10-02T10:47:14.2868237Z Get:2 http://azure.archive.ubuntu.com/ubuntu noble/universe amd64 fonts-ipafont-gothic all 00303-21ubuntu1 [3513 kB]
2026-10-02T10:47:14.4751020Z Get:3 http://azure.archive.ubuntu.com/ubuntu noble/main amd64 fonts-freefont-ttf all 20211204+svn4273-2 [5641 kB]
2026-10-02T10:47:14.6432524Z Get:4 http://azure.archive.ubuntu.com/ubuntu noble/universe amd64 fonts-tlwg-loma-otf all 1:0.7.3-1 [107 kB]
2026-10-02T10:47:14.6613104Z Get:5 http://azure.archive.ubuntu.com/ubuntu noble/universe amd64 fonts-unifont all 1:15.1.01-1build1 [2993 kB]
2026-10-02T10:47:14.7877696Z Get:6 http://azure.archive.ubuntu.com/ubuntu noble/universe amd64 fonts-wqy-zenhei all 0.9.45-8 [7472 kB]
2026-10-02T10:47:15.0320065Z Get:7 http://azure.archive.ubuntu.com/ubuntu noble-updates/main amd64 libgl1-mesa-dri amd64 25.2.8-0ubuntu0.24.04.3 [37.9 kB]
2026-10-02T10:47:15.0490109Z Get:8 http://azure.archive.ubuntu.com/ubuntu noble/main amd64 libwayland-server0 amd64 1.22.0-2.1build1 [33.9 kB]
2026-10-02T10:47:15.0652603Z Get:9 http://azure.archive.ubuntu.com/ubuntu noble-updates/main amd64 libglx-mesa0 amd64 25.2.8-0ubuntu0.24.04.3 [110 kB]
2026-10-02T10:47:15.0876318Z Get:10 http://azure.archive.ubuntu.com/ubuntu noble-updates/main amd64 libgbm1 amd64 25.2.8-0ubuntu0.24.04.3 [34.3 kB]
2026-10-02T10:47:15.1032820Z Get:11 http://azure.archive.ubuntu.com/ubuntu noble-updates/main amd64 mesa-libgallium amd64 25.2.8-0ubuntu0.24.04.3 [10.8 MB]
2026-10-02T10:47:15.5480539Z Get:12 http://azure.archive.ubuntu.com/ubuntu noble/main amd64 xfonts-encodings all 1:1.0.5-0ubuntu2 [578 kB]
2026-10-02T10:47:15.5873645Z Get:13 http://azure.archive.ubuntu.com/ubuntu noble/main amd64 xfonts-utils amd64 1:7.7+6build3 [94.4 kB]
2026-10-02T10:47:15.6150577Z Get:14 http://azure.archive.ubuntu.com/ubuntu noble/universe amd64 xfonts-cyrillic all 1:1.0.5+nmu1 [384 kB]
2026-10-02T10:47:15.6451744Z Get:15 http://azure.archive.ubuntu.com/ubuntu noble/main amd64 xfonts-scalable all 1:1.0.3-1.3 [304 kB]
2026-10-02T10:47:16.0668565Z Fetched 32.1 MB in 1s (22.5 MB/s)
2026-10-02T10:47:16.0909670Z Selecting previously unselected package fonts-ipafont-gothic.
2026-10-02T10:47:16.1218448Z (Reading database ... 
2026-10-02T10:47:16.1219337Z (Reading database ... 5%
2026-10-02T10:47:16.1219883Z (Reading database ... 10%
2026-10-02T10:47:16.1220270Z (Reading database ... 15%
2026-10-02T10:47:16.1220621Z (Reading database ... 20%
2026-10-02T10:47:16.1220950Z (Reading database ... 25%
2026-10-02T10:47:16.1221275Z (Reading database ... 30%
2026-10-02T10:47:16.1221668Z (Reading database ... 35%
2026-10-02T10:47:16.1222012Z (Reading database ... 40%
2026-10-02T10:47:16.1222335Z (Reading database ... 45%
2026-10-02T10:47:16.1222651Z (Reading database ... 50%
2026-10-02T10:47:16.1271214Z (Reading database ... 55%
2026-10-02T10:47:16.2282033Z (Reading database ... 60%
2026-10-02T10:47:16.4716828Z (Reading database ... 65%
2026-10-02T10:47:16.6220051Z (Reading database ... 70%
2026-10-02T10:47:16.8242647Z (Reading database ... 75%
2026-10-02T10:47:16.9240713Z (Reading database ... 80%
2026-10-02T10:47:17.1136334Z (Reading database ... 85%
2026-10-02T10:47:17.2460019Z (Reading database ... 90%
2026-10-02T10:47:17.3833452Z (Reading database ... 95%
2026-10-02T10:47:17.3834163Z (Reading database ... 100%
2026-10-02T10:47:17.3835138Z (Reading database ... 202296 files and directories currently installed.)
2026-10-02T10:47:17.3878214Z Preparing to unpack .../00-fonts-ipafont-gothic_00303-21ubuntu1_all.deb ...
2026-10-02T10:47:17.3974699Z Unpacking fonts-ipafont-gothic (00303-21ubuntu1) ...
2026-10-02T10:47:17.6359290Z Selecting previously unselected package fonts-freefont-ttf.
2026-10-02T10:47:17.6483738Z Preparing to unpack .../01-fonts-freefont-ttf_20211204+svn4273-2_all.deb ...
2026-10-02T10:47:17.6492208Z Unpacking fonts-freefont-ttf (20211204+svn4273-2) ...
2026-10-02T10:47:17.7294643Z Selecting previously unselected package fonts-tlwg-loma-otf.
2026-10-02T10:47:17.7417023Z Preparing to unpack .../02-fonts-tlwg-loma-otf_1%3a0.7.3-1_all.deb ...
2026-10-02T10:47:17.7425798Z Unpacking fonts-tlwg-loma-otf (1:0.7.3-1) ...
2026-10-02T10:47:17.7627421Z Selecting previously unselected package fonts-unifont.
2026-10-02T10:47:17.7747633Z Preparing to unpack .../03-fonts-unifont_1%3a15.1.01-1build1_all.deb ...
2026-10-02T10:47:17.7756520Z Unpacking fonts-unifont (1:15.1.01-1build1) ...
2026-10-02T10:47:17.8883351Z Selecting previously unselected package fonts-wqy-zenhei.
2026-10-02T10:47:17.9007105Z Preparing to unpack .../04-fonts-wqy-zenhei_0.9.45-8_all.deb ...
2026-10-02T10:47:17.9128146Z Unpacking fonts-wqy-zenhei (0.9.45-8) ...
2026-10-02T10:47:18.3805148Z Preparing to unpack .../05-libgl1-mesa-dri_25.2.8-0ubuntu0.24.04.3_amd64.deb ...
2026-10-02T10:47:18.3944731Z Unpacking libgl1-mesa-dri:amd64 (25.2.8-0ubuntu0.24.04.3) over (25.2.8-0ubuntu0.24.04.2) ...
2026-10-02T10:47:18.4309319Z Selecting previously unselected package libwayland-server0:amd64.
2026-10-02T10:47:18.4435547Z Preparing to unpack .../06-libwayland-server0_1.22.0-2.1build1_amd64.deb ...
2026-10-02T10:47:18.4466794Z Unpacking libwayland-server0:amd64 (1.22.0-2.1build1) ...
2026-10-02T10:47:18.4787564Z Preparing to unpack .../07-libglx-mesa0_25.2.8-0ubuntu0.24.04.3_amd64.deb ...
2026-10-02T10:47:18.4824789Z Unpacking libglx-mesa0:amd64 (25.2.8-0ubuntu0.24.04.3) over (25.2.8-0ubuntu0.24.04.2) ...
2026-10-02T10:47:18.5183573Z Preparing to unpack .../08-libgbm1_25.2.8-0ubuntu0.24.04.3_amd64.deb ...
2026-10-02T10:47:18.5208876Z Unpacking libgbm1:amd64 (25.2.8-0ubuntu0.24.04.3) over (25.2.8-0ubuntu0.24.04.2) ...
2026-10-02T10:47:18.5566607Z Preparing to unpack .../09-mesa-libgallium_25.2.8-0ubuntu0.24.04.3_amd64.deb ...
2026-10-02T10:47:18.5591712Z Unpacking mesa-libgallium:amd64 (25.2.8-0ubuntu0.24.04.3) over (25.2.8-0ubuntu0.24.04.2) ...
2026-10-02T10:47:18.7263621Z Selecting previously unselected package xfonts-encodings.
2026-10-02T10:47:18.7389887Z Preparing to unpack .../10-xfonts-encodings_1%3a1.0.5-0ubuntu2_all.deb ...
2026-10-02T10:47:18.7398189Z Unpacking xfonts-encodings (1:1.0.5-0ubuntu2) ...
2026-10-02T10:47:18.7681298Z Selecting previously unselected package xfonts-utils.
2026-10-02T10:47:18.7804740Z Preparing to unpack .../11-xfonts-utils_1%3a7.7+6build3_amd64.deb ...
2026-10-02T10:47:18.7812520Z Unpacking xfonts-utils (1:7.7+6build3) ...
2026-10-02T10:47:18.8227127Z Selecting previously unselected package xfonts-cyrillic.
2026-10-02T10:47:18.8350082Z Preparing to unpack .../12-xfonts-cyrillic_1%3a1.0.5+nmu1_all.deb ...
2026-10-02T10:47:18.8359335Z Unpacking xfonts-cyrillic (1:1.0.5+nmu1) ...
2026-10-02T10:47:18.8674416Z Selecting previously unselected package xfonts-scalable.
2026-10-02T10:47:18.8797311Z Preparing to unpack .../13-xfonts-scalable_1%3a1.0.3-1.3_all.deb ...
2026-10-02T10:47:18.8814380Z Unpacking xfonts-scalable (1:1.0.3-1.3) ...
2026-10-02T10:47:18.9237786Z Setting up libwayland-server0:amd64 (1.22.0-2.1build1) ...
2026-10-02T10:47:18.9267336Z Setting up mesa-libgallium:amd64 (25.2.8-0ubuntu0.24.04.3) ...
2026-10-02T10:47:18.9289897Z Setting up libgbm1:amd64 (25.2.8-0ubuntu0.24.04.3) ...
2026-10-02T10:47:18.9310270Z Setting up libgl1-mesa-dri:amd64 (25.2.8-0ubuntu0.24.04.3) ...
2026-10-02T10:47:18.9384625Z Setting up fonts-wqy-zenhei (0.9.45-8) ...
2026-10-02T10:47:18.9511623Z Setting up fonts-freefont-ttf (20211204+svn4273-2) ...
2026-10-02T10:47:18.9534541Z Setting up fonts-tlwg-loma-otf (1:0.7.3-1) ...
2026-10-02T10:47:18.9554915Z Setting up xfonts-encodings (1:1.0.5-0ubuntu2) ...
2026-10-02T10:47:18.9572577Z Setting up fonts-ipafont-gothic (00303-21ubuntu1) ...
2026-10-02T10:47:18.9675616Z update-alternatives: using /usr/share/fonts/opentype/ipafont-gothic/ipag.ttf to provide /usr/share/fonts/truetype/fonts-japanese-gothic.ttf (fonts-japanese-gothic.ttf) in auto mode
2026-10-02T10:47:18.9689985Z Setting up fonts-unifont (1:15.1.01-1build1) ...
2026-10-02T10:47:18.9708271Z Setting up libglx-mesa0:amd64 (25.2.8-0ubuntu0.24.04.3) ...
2026-10-02T10:47:18.9725041Z Setting up xfonts-utils (1:7.7+6build3) ...
2026-10-02T10:47:18.9765929Z Setting up xfonts-cyrillic (1:1.0.5+nmu1) ...
2026-10-02T10:47:19.0061809Z Setting up xfonts-scalable (1:1.0.3-1.3) ...
2026-10-02T10:47:19.0342797Z Processing triggers for libc-bin (2.39-0ubuntu8.9) ...
2026-10-02T10:47:19.0741160Z Processing triggers for man-db (2.12.0-4build2) ...
2026-10-02T10:47:19.0771220Z Not building database; man-db/auto-update is not 'true'.
2026-10-02T10:47:19.0783579Z Processing triggers for fontconfig (2.15.0-1.1ubuntu2) ...
2026-10-02T10:47:19.8336304Z 
2026-10-02T10:47:19.8336941Z Running kernel seems to be up-to-date.
2026-10-02T10:47:19.8337455Z 
2026-10-02T10:47:19.8337801Z No services need to be restarted.
2026-10-02T10:47:19.8338210Z 
2026-10-02T10:47:19.8338539Z No containers need to be restarted.
2026-10-02T10:47:19.8339174Z 
2026-10-02T10:47:19.8339595Z No user sessions are running outdated binaries.
2026-10-02T10:47:19.8340100Z 
2026-10-02T10:47:19.8340773Z No VM guests are running outdated hypervisor (qemu) binaries on this host.
2026-10-02T10:47:20.6402991Z Downloading Chrome for Testing 153.0.8010.12 (playwright chromium v1243) from https://cdn.playwright.dev/builds/cft/153.0.8010.12/linux64/chrome-linux64.zip
2026-10-02T10:47:21.0129796Z |                                                                                |   0% of 186.8 MiB
2026-10-02T10:47:21.1917865Z |■■■■■■■■                                                                        |  10% of 186.8 MiB
2026-10-02T10:47:21.2856609Z |■■■■■■■■■■■■■■■■                                                                |  20% of 186.8 MiB
2026-10-02T10:47:21.3604142Z |■■■■■■■■■■■■■■■■■■■■■■■■                                                        |  30% of 186.8 MiB
2026-10-02T10:47:21.4316096Z |■■■■■■■■■■■■■■■■■■■■■■■■■■■■■■■■                                                |  40% of 186.8 MiB
2026-10-02T10:47:21.5078114Z |■■■■■■■■■■■■■■■■■■■■■■■■■■■■■■■■■■■■■■■■                                        |  50% of 186.8 MiB
2026-10-02T10:47:21.5765700Z |■■■■■■■■■■■■■■■■■■■■■■■■■■■■■■■■■■■■■■■■■■■■■■■■                                |  60% of 186.8 MiB
2026-10-02T10:47:21.6392247Z |■■■■■■■■■■■■■■■■■■■■■■■■■■■■■■■■■■■■■■■■■■■■■■■■■■■■■■■■                        |  70% of 186.8 MiB
2026-10-02T10:47:21.7030517Z |■■■■■■■■■■■■■■■■■■■■■■■■■■■■■■■■■■■■■■■■■■■■■■■■■■■■■■■■■■■■■■■■                |  80% of 186.8 MiB
2026-10-02T10:47:21.7629165Z |■■■■■■■■■■■■■■■■■■■■■■■■■■■■■■■■■■■■■■■■■■■■■■■■■■■■■■■■■■■■■■■■■■■■■■■■        |  90% of 186.8 MiB
2026-10-02T10:47:21.8263754Z |■■■■■■■■■■■■■■■■■■■■■■■■■■■■■■■■■■■■■■■■■■■■■■■■■■■■■■■■■■■■■■■■■■■■■■■■■■■■■■■■| 100% of 186.8 MiB
2026-10-02T10:47:24.6079742Z Chrome for Testing 153.0.8010.12 (playwright chromium v1243) downloaded to /home/runner/.cache/ms-playwright/chromium-1243
2026-10-02T10:47:24.6083557Z Downloading FFmpeg (playwright ffmpeg v1011) from https://cdn.playwright.dev/dbazure/download/playwright/builds/ffmpeg/1011/ffmpeg-linux.zip
2026-10-02T10:47:24.9831900Z |                                                                                |   0% of 2.3 MiB
2026-10-02T10:47:24.9887122Z |■■■■■■■■                                                                        |  10% of 2.3 MiB
2026-10-02T10:47:24.9912980Z |■■■■■■■■■■■■■■■■                                                                |  20% of 2.3 MiB
2026-10-02T10:47:24.9939847Z |■■■■■■■■■■■■■■■■■■■■■■■■                                                        |  30% of 2.3 MiB
2026-10-02T10:47:24.9961335Z |■■■■■■■■■■■■■■■■■■■■■■■■■■■■■■■■                                                |  40% of 2.3 MiB
2026-10-02T10:47:24.9978223Z |■■■■■■■■■■■■■■■■■■■■■■■■■■■■■■■■■■■■■■■■                                        |  50% of 2.3 MiB
2026-10-02T10:47:24.9995580Z |■■■■■■■■■■■■■■■■■■■■■■■■■■■■■■■■■■■■■■■■■■■■■■■■                                |  60% of 2.3 MiB
2026-10-02T10:47:25.0015511Z |■■■■■■■■■■■■■■■■■■■■■■■■■■■■■■■■■■■■■■■■■■■■■■■■■■■■■■■■                        |  70% of 2.3 MiB
2026-10-02T10:47:25.0028253Z |■■■■■■■■■■■■■■■■■■■■■■■■■■■■■■■■■■■■■■■■■■■■■■■■■■■■■■■■■■■■■■■■                |  80% of 2.3 MiB
2026-10-02T10:47:25.0041454Z |■■■■■■■■■■■■■■■■■■■■■■■■■■■■■■■■■■■■■■■■■■■■■■■■■■■■■■■■■■■■■■■■■■■■■■■■        |  90% of 2.3 MiB
2026-10-02T10:47:25.0051170Z |■■■■■■■■■■■■■■■■■■■■■■■■■■■■■■■■■■■■■■■■■■■■■■■■■■■■■■■■■■■■■■■■■■■■■■■■■■■■■■■■| 100% of 2.3 MiB
2026-10-02T10:47:25.0719263Z FFmpeg (playwright ffmpeg v1011) downloaded to /home/runner/.cache/ms-playwright/ffmpeg-1011
2026-10-02T10:47:25.0870323Z ##[group]Run node -e 'const { chromium } = require("playwright-core"); const fs = require("node:fs"); const executable = chromium.executablePath(); fs.accessSync(executable, fs.constants.X_OK); fs.appendFileSync(process.env.GITHUB_ENV, `CHROMIUM_PATH=${executable}\n`);'
2026-10-02T10:47:25.0872208Z [36;1mnode -e 'const { chromium } = require("playwright-core"); const fs = require("node:fs"); const executable = chromium.executablePath(); fs.accessSync(executable, fs.constants.X_OK); fs.appendFileSync(process.env.GITHUB_ENV, `CHROMIUM_PATH=${executable}\n`);'[0m
2026-10-02T10:47:25.0936523Z shell: /usr/bin/bash -e {0}
2026-10-02T10:47:25.0936803Z ##[endgroup]
2026-10-02T10:47:25.4561907Z ##[group]Run npm run test:regressions
2026-10-02T10:47:25.4562811Z [36;1mnpm run test:regressions[0m
2026-10-02T10:47:25.4637399Z shell: /usr/bin/bash -e {0}
2026-10-02T10:47:25.4637697Z env:
2026-10-02T10:47:25.4638095Z   CHROMIUM_PATH: /home/runner/.cache/ms-playwright/chromium-1243/chrome-linux64/chrome
2026-10-02T10:47:25.4638571Z ##[endgroup]
2026-10-02T10:47:25.5692418Z 
2026-10-02T10:47:25.5693102Z > kid-games-playtests@1.0.0 test:regressions
2026-10-02T10:47:25.5693820Z > node regressions.cjs
2026-10-02T10:47:25.5694114Z 
2026-10-02T10:47:25.8773600Z Running 26 focused regression suites with /home/runner/.cache/ms-playwright/chromium-1243/chrome-linux64/chrome
2026-10-02T10:47:25.8774595Z 
2026-10-02T10:47:25.8775165Z --- life-prediction-credit.cjs ---
2026-10-02T10:47:25.9269743Z PASS independent rule fixture: block
2026-10-02T10:47:25.9279383Z PASS independent rule fixture: edge-reaching blinker
2026-10-02T10:47:25.9288263Z PASS independent rule fixture: finite separated corners
2026-10-02T10:47:25.9296406Z PASS independent rule fixture: corner L
2026-10-02T10:47:25.9316427Z PASS wrapped corners distinguish finite prediction boundary
2026-10-02T10:47:25.9332464Z PASS one credit despite repeated checks, start 0
2026-10-02T10:47:25.9360080Z PASS earned wrong/edit/reset remain practice, start 0
2026-10-02T10:47:25.9374667Z PASS wrong-before-credit correction stays learnable, start 0
2026-10-02T10:47:25.9385595Z PASS Show stays ineligible after double edit, start 0
2026-10-02T10:47:25.9400604Z PASS Show stays ineligible after reset, start 0
2026-10-02T10:47:25.9420405Z PASS Show explicitly resets streak after earned credit, start 0
2026-10-02T10:47:25.9432103Z PASS one credit despite repeated checks, start 2
2026-10-02T10:47:25.9444978Z PASS earned wrong/edit/reset remain practice, start 2
2026-10-02T10:47:25.9455450Z PASS wrong-before-credit correction stays learnable, start 2
2026-10-02T10:47:25.9466833Z PASS Show stays ineligible after double edit, start 2
2026-10-02T10:47:25.9480442Z PASS Show stays ineligible after reset, start 2
2026-10-02T10:47:25.9493276Z PASS Show explicitly resets streak after earned credit, start 2
2026-10-02T10:47:25.9504845Z PASS one credit despite repeated checks, start 7
2026-10-02T10:47:25.9522780Z PASS earned wrong/edit/reset remain practice, start 7
2026-10-02T10:47:25.9544320Z PASS wrong-before-credit correction stays learnable, start 7
2026-10-02T10:47:25.9555494Z PASS Show stays ineligible after double edit, start 7
2026-10-02T10:47:25.9567055Z PASS Show stays ineligible after reset, start 7
2026-10-02T10:47:25.9579961Z PASS Show explicitly resets streak after earned credit, start 7
2026-10-02T10:47:25.9595399Z PASS three new puzzle rounds legitimately earn Fortune Teller once
2026-10-02T10:47:25.9604622Z PASS pre-existing best and badge retained without another badge reward
2026-10-02T10:47:25.9615068Z PASS uncredited reset retains eligibility
2026-10-02T10:47:25.9640788Z PASS native labels expose original board and current guesses
2026-10-02T10:47:25.9641658Z Life prediction credit: 27 production cases passed.
2026-10-02T10:47:25.9691012Z PASS: life-prediction-credit.cjs (0.1s)
2026-10-02T10:47:25.9691604Z 
2026-10-02T10:47:25.9691934Z --- life-prediction-credit-browser.cjs ---
2026-10-02T10:47:33.3527815Z Life prediction Desktop: native checks/keyboard, practice/reveal/new rounds, independent rule oracle and persisted progress passed.
2026-10-02T10:47:41.1189564Z Life prediction iPad: native checks/keyboard/touch, practice/reveal/new rounds, independent rule oracle and persisted progress passed.
2026-10-02T10:47:49.8185412Z Life prediction iPhone: native checks/keyboard/touch, practice/reveal/new rounds, independent rule oracle and persisted progress passed.
2026-10-02T10:47:49.9073453Z PASS: life-prediction-credit-browser.cjs (23.9s)
2026-10-02T10:47:49.9074024Z 
2026-10-02T10:47:49.9074354Z --- craepets-game-active-save.cjs ---
2026-10-02T10:47:49.9537800Z PASS craepets.jeannie refuses partial JSON without replacing bytes
2026-10-02T10:47:49.9633904Z PASS craepets.jeannie refuses empty string without replacing bytes
2026-10-02T10:47:49.9720342Z PASS craepets.jeannie refuses whitespace without replacing bytes
2026-10-02T10:47:49.9814664Z PASS craepets.jeannie refuses JSON null without replacing bytes
2026-10-02T10:47:49.9908886Z PASS craepets.jeannie refuses array without replacing bytes
2026-10-02T10:47:49.9993373Z PASS craepets.jeannie refuses number without replacing bytes
2026-10-02T10:47:50.0076652Z PASS craepets.jeannie refuses boolean without replacing bytes
2026-10-02T10:47:50.0153614Z PASS craepets.jeannie refuses old version without replacing bytes
2026-10-02T10:47:50.0238654Z PASS craepets.jeannie refuses bad pet without replacing bytes
2026-10-02T10:47:50.0333604Z PASS craepets.jeannie refuses stats string without replacing bytes
2026-10-02T10:47:50.0429997Z PASS craepets.jeannie refuses fractional house without replacing bytes
2026-10-02T10:47:50.0527852Z PASS craepets.jeannie refuses bad review without replacing bytes
2026-10-02T10:47:50.0620476Z PASS craepets.jeannie refuses blank broken stats without replacing bytes
2026-10-02T10:47:50.0718941Z PASS craepets.jeannie refuses blank broken house without replacing bytes
2026-10-02T10:47:50.0796247Z PASS craepets.jeannie read failure is not absence
2026-10-02T10:47:50.0877817Z PASS craepets.jeannie admits current blank without temporary pet or writes
2026-10-02T10:47:50.0963441Z PASS craepets.jeannie admits legacy pet null without temporary pet or writes
2026-10-02T10:47:50.1038850Z PASS craepets.jeannie admits legacy missing pet without temporary pet or writes
2026-10-02T10:47:50.1141922Z PASS craepets.jeannie admits genuinely absent new valley
2026-10-02T10:47:50.1234738Z PASS craepets.jeannie retains valid earned progress and legacy defaults
2026-10-02T10:47:50.1313404Z PASS craepets.jeannie rejects sibling switch before changing healthy player/session
2026-10-02T10:47:50.1387478Z PASS craepets.jeannie rejects damaged family visit without changing active lesson
2026-10-02T10:47:50.1467759Z PASS craepets.jeannie active storage event pauses stale persistence
2026-10-02T10:47:50.1541088Z PASS craepets.jeannie failed active startup is write-free
2026-10-02T10:47:50.1635638Z PASS craepets.cory refuses partial JSON without replacing bytes
2026-10-02T10:47:50.1711310Z PASS craepets.cory refuses empty string without replacing bytes
2026-10-02T10:47:50.1794130Z PASS craepets.cory refuses whitespace without replacing bytes
2026-10-02T10:47:50.1882908Z PASS craepets.cory refuses JSON null without replacing bytes
2026-10-02T10:47:50.1971005Z PASS craepets.cory refuses array without replacing bytes
2026-10-02T10:47:50.2059512Z PASS craepets.cory refuses number without replacing bytes
2026-10-02T10:47:50.2134483Z PASS craepets.cory refuses boolean without replacing bytes
2026-10-02T10:47:50.2214772Z PASS craepets.cory refuses old version without replacing bytes
2026-10-02T10:47:50.2305013Z PASS craepets.cory refuses bad pet without replacing bytes
2026-10-02T10:47:50.2404237Z PASS craepets.cory refuses stats string without replacing bytes
2026-10-02T10:47:50.2482621Z PASS craepets.cory refuses fractional house without replacing bytes
2026-10-02T10:47:50.2562195Z PASS craepets.cory refuses bad review without replacing bytes
2026-10-02T10:47:50.2640958Z PASS craepets.cory refuses blank broken stats without replacing bytes
2026-10-02T10:47:50.2741268Z PASS craepets.cory refuses blank broken house without replacing bytes
2026-10-02T10:47:50.2816989Z PASS craepets.cory read failure is not absence
2026-10-02T10:47:50.2893786Z PASS craepets.cory admits current blank without temporary pet or writes
2026-10-02T10:47:50.2968939Z PASS craepets.cory admits legacy pet null without temporary pet or writes
2026-10-02T10:47:50.3045592Z PASS craepets.cory admits legacy missing pet without temporary pet or writes
2026-10-02T10:47:50.3121913Z PASS craepets.cory admits genuinely absent new valley
2026-10-02T10:47:50.3221456Z PASS craepets.cory retains valid earned progress and legacy defaults
2026-10-02T10:47:50.3301688Z PASS craepets.cory rejects sibling switch before changing healthy player/session
2026-10-02T10:47:50.3376486Z PASS craepets.cory rejects damaged family visit without changing active lesson
2026-10-02T10:47:50.3450058Z PASS craepets.cory active storage event pauses stale persistence
2026-10-02T10:47:50.3524617Z PASS craepets.cory failed active startup is write-free
2026-10-02T10:47:50.3621911Z PASS craepets.ellie refuses partial JSON without replacing bytes
2026-10-02T10:47:50.3699356Z PASS craepets.ellie refuses empty string without replacing bytes
2026-10-02T10:47:50.3776429Z PASS craepets.ellie refuses whitespace without replacing bytes
2026-10-02T10:47:50.3854443Z PASS craepets.ellie refuses JSON null without replacing bytes
2026-10-02T10:47:50.3949890Z PASS craepets.ellie refuses array without replacing bytes
2026-10-02T10:47:50.4027489Z PASS craepets.ellie refuses number without replacing bytes
2026-10-02T10:47:50.4104101Z PASS craepets.ellie refuses boolean without replacing bytes
2026-10-02T10:47:50.4193766Z PASS craepets.ellie refuses old version without replacing bytes
2026-10-02T10:47:50.4320440Z PASS craepets.ellie refuses bad pet without replacing bytes
2026-10-02T10:47:50.4417486Z PASS craepets.ellie refuses stats string without replacing bytes
2026-10-02T10:47:50.4499560Z PASS craepets.ellie refuses fractional house without replacing bytes
2026-10-02T10:47:50.4583050Z PASS craepets.ellie refuses bad review without replacing bytes
2026-10-02T10:47:50.4662112Z PASS craepets.ellie refuses blank broken stats without replacing bytes
2026-10-02T10:47:50.4761334Z PASS craepets.ellie refuses blank broken house without replacing bytes
2026-10-02T10:47:50.4836779Z PASS craepets.ellie read failure is not absence
2026-10-02T10:47:50.4914187Z PASS craepets.ellie admits current blank without temporary pet or writes
2026-10-02T10:47:50.4989752Z PASS craepets.ellie admits legacy pet null without temporary pet or writes
2026-10-02T10:47:50.5067203Z PASS craepets.ellie admits legacy missing pet without temporary pet or writes
2026-10-02T10:47:50.5143785Z PASS craepets.ellie admits genuinely absent new valley
2026-10-02T10:47:50.5243542Z PASS craepets.ellie retains valid earned progress and legacy defaults
2026-10-02T10:47:50.5322349Z PASS craepets.ellie rejects sibling switch before changing healthy player/session
2026-10-02T10:47:50.5413099Z PASS craepets.ellie rejects damaged family visit without changing active lesson
2026-10-02T10:47:50.5506425Z PASS craepets.ellie active storage event pauses stale persistence
2026-10-02T10:47:50.5580016Z PASS craepets.ellie failed active startup is write-free
2026-10-02T10:47:50.5656877Z PASS craepets.kieran refuses partial JSON without replacing bytes
2026-10-02T10:47:50.5732871Z PASS craepets.kieran refuses empty string without replacing bytes
2026-10-02T10:47:50.5809434Z PASS craepets.kieran refuses whitespace without replacing bytes
2026-10-02T10:47:50.5898883Z PASS craepets.kieran refuses JSON null without replacing bytes
2026-10-02T10:47:50.5975018Z PASS craepets.kieran refuses array without replacing bytes
2026-10-02T10:47:50.6051268Z PASS craepets.kieran refuses number without replacing bytes
2026-10-02T10:47:50.6127176Z PASS craepets.kieran refuses boolean without replacing bytes
2026-10-02T10:47:50.6222360Z PASS craepets.kieran refuses old version without replacing bytes
2026-10-02T10:47:50.6301684Z PASS craepets.kieran refuses bad pet without replacing bytes
2026-10-02T10:47:50.6381157Z PASS craepets.kieran refuses stats string without replacing bytes
2026-10-02T10:47:50.6460662Z PASS craepets.kieran refuses fractional house without replacing bytes
2026-10-02T10:47:50.6540994Z PASS craepets.kieran refuses bad review without replacing bytes
2026-10-02T10:47:50.6635361Z PASS craepets.kieran refuses blank broken stats without replacing bytes
2026-10-02T10:47:50.6718146Z PASS craepets.kieran refuses blank broken house without replacing bytes
2026-10-02T10:47:50.6791751Z PASS craepets.kieran read failure is not absence
2026-10-02T10:47:50.6867653Z PASS craepets.kieran admits current blank without temporary pet or writes
2026-10-02T10:47:50.6941228Z PASS craepets.kieran admits legacy pet null without temporary pet or writes
2026-10-02T10:47:50.7031453Z PASS craepets.kieran admits legacy missing pet without temporary pet or writes
2026-10-02T10:47:50.7105487Z PASS craepets.kieran admits genuinely absent new valley
2026-10-02T10:47:50.7183057Z PASS craepets.kieran retains valid earned progress and legacy defaults
2026-10-02T10:47:50.7261167Z PASS craepets.kieran rejects sibling switch before changing healthy player/session
2026-10-02T10:47:50.7333147Z PASS craepets.kieran rejects damaged family visit without changing active lesson
2026-10-02T10:47:50.7422366Z PASS craepets.kieran active storage event pauses stale persistence
2026-10-02T10:47:50.7494345Z PASS craepets.kieran failed active startup is write-free
2026-10-02T10:47:50.7569936Z PASS craepets.shannon refuses partial JSON without replacing bytes
2026-10-02T10:47:50.7644554Z PASS craepets.shannon refuses empty string without replacing bytes
2026-10-02T10:47:50.7733482Z PASS craepets.shannon refuses whitespace without replacing bytes
2026-10-02T10:47:50.7809139Z PASS craepets.shannon refuses JSON null without replacing bytes
2026-10-02T10:47:50.7885240Z PASS craepets.shannon refuses array without replacing bytes
2026-10-02T10:47:50.7960251Z PASS craepets.shannon refuses number without replacing bytes
2026-10-02T10:47:50.8035413Z PASS craepets.shannon refuses boolean without replacing bytes
2026-10-02T10:47:50.8124958Z PASS craepets.shannon refuses old version without replacing bytes
2026-10-02T10:47:50.8202212Z PASS craepets.shannon refuses bad pet without replacing bytes
2026-10-02T10:47:50.8279177Z PASS craepets.shannon refuses stats string without replacing bytes
2026-10-02T10:47:50.8358873Z PASS craepets.shannon refuses fractional house without replacing bytes
2026-10-02T10:47:50.8455305Z PASS craepets.shannon refuses bad review without replacing bytes
2026-10-02T10:47:50.8533670Z PASS craepets.shannon refuses blank broken stats without replacing bytes
2026-10-02T10:47:50.8612828Z PASS craepets.shannon refuses blank broken house without replacing bytes
2026-10-02T10:47:50.8685306Z PASS craepets.shannon read failure is not absence
2026-10-02T10:47:50.8760909Z PASS craepets.shannon admits current blank without temporary pet or writes
2026-10-02T10:47:50.8852347Z PASS craepets.shannon admits legacy pet null without temporary pet or writes
2026-10-02T10:47:50.8927601Z PASS craepets.shannon admits legacy missing pet without temporary pet or writes
2026-10-02T10:47:50.9001753Z PASS craepets.shannon admits genuinely absent new valley
2026-10-02T10:47:50.9079770Z PASS craepets.shannon retains valid earned progress and legacy defaults
2026-10-02T10:47:50.9161881Z PASS craepets.shannon rejects sibling switch before changing healthy player/session
2026-10-02T10:47:50.9268732Z PASS craepets.shannon rejects damaged family visit without changing active lesson
2026-10-02T10:47:50.9343613Z PASS craepets.shannon active storage event pauses stale persistence
2026-10-02T10:47:50.9416269Z PASS craepets.shannon failed active startup is write-free
2026-10-02T10:47:50.9492737Z PASS craepets.tristan refuses partial JSON without replacing bytes
2026-10-02T10:47:50.9570457Z PASS craepets.tristan refuses empty string without replacing bytes
2026-10-02T10:47:50.9666951Z PASS craepets.tristan refuses whitespace without replacing bytes
2026-10-02T10:47:50.9743911Z PASS craepets.tristan refuses JSON null without replacing bytes
2026-10-02T10:47:50.9820677Z PASS craepets.tristan refuses array without replacing bytes
2026-10-02T10:47:50.9897684Z PASS craepets.tristan refuses number without replacing bytes
2026-10-02T10:47:50.9991797Z PASS craepets.tristan refuses boolean without replacing bytes
2026-10-02T10:47:51.0070047Z PASS craepets.tristan refuses old version without replacing bytes
2026-10-02T10:47:51.0147597Z PASS craepets.tristan refuses bad pet without replacing bytes
2026-10-02T10:47:51.0226963Z PASS craepets.tristan refuses stats string without replacing bytes
2026-10-02T10:47:51.0308791Z PASS craepets.tristan refuses fractional house without replacing bytes
2026-10-02T10:47:51.0405930Z PASS craepets.tristan refuses bad review without replacing bytes
2026-10-02T10:47:51.0485568Z PASS craepets.tristan refuses blank broken stats without replacing bytes
2026-10-02T10:47:51.0566037Z PASS craepets.tristan refuses blank broken house without replacing bytes
2026-10-02T10:47:51.0642186Z PASS craepets.tristan read failure is not absence
2026-10-02T10:47:51.0762691Z PASS craepets.tristan admits current blank without temporary pet or writes
2026-10-02T10:47:51.0844865Z PASS craepets.tristan admits legacy pet null without temporary pet or writes
2026-10-02T10:47:51.0918673Z PASS craepets.tristan admits legacy missing pet without temporary pet or writes
2026-10-02T10:47:51.0992208Z PASS craepets.tristan admits genuinely absent new valley
2026-10-02T10:47:51.1070914Z PASS craepets.tristan retains valid earned progress and legacy defaults
2026-10-02T10:47:51.1148216Z PASS craepets.tristan rejects sibling switch before changing healthy player/session
2026-10-02T10:47:51.1222441Z PASS craepets.tristan rejects damaged family visit without changing active lesson
2026-10-02T10:47:51.1308784Z PASS craepets.tristan active storage event pauses stale persistence
2026-10-02T10:47:51.1382359Z PASS craepets.tristan failed active startup is write-free
2026-10-02T10:47:51.1457476Z PASS craepets.guest refuses partial JSON without replacing bytes
2026-10-02T10:47:51.1533059Z PASS craepets.guest refuses empty string without replacing bytes
2026-10-02T10:47:51.1624131Z PASS craepets.guest refuses whitespace without replacing bytes
2026-10-02T10:47:51.1712273Z PASS craepets.guest refuses JSON null without replacing bytes
2026-10-02T10:47:51.1805967Z PASS craepets.guest refuses array without replacing bytes
2026-10-02T10:47:51.1881979Z PASS craepets.guest refuses number without replacing bytes
2026-10-02T10:47:51.1957995Z PASS craepets.guest refuses boolean without replacing bytes
2026-10-02T10:47:51.2050099Z PASS craepets.guest refuses old version without replacing bytes
2026-10-02T10:47:51.2130585Z PASS craepets.guest refuses bad pet without replacing bytes
2026-10-02T10:47:51.2208730Z PASS craepets.guest refuses stats string without replacing bytes
2026-10-02T10:47:51.2288859Z PASS craepets.guest refuses fractional house without replacing bytes
2026-10-02T10:47:51.2385523Z PASS craepets.guest refuses bad review without replacing bytes
2026-10-02T10:47:51.2465738Z PASS craepets.guest refuses blank broken stats without replacing bytes
2026-10-02T10:47:51.2546325Z PASS craepets.guest refuses blank broken house without replacing bytes
2026-10-02T10:47:51.2620513Z PASS craepets.guest read failure is not absence
2026-10-02T10:47:51.2700110Z PASS craepets.guest admits current blank without temporary pet or writes
2026-10-02T10:47:51.2790896Z PASS craepets.guest admits legacy pet null without temporary pet or writes
2026-10-02T10:47:51.2866378Z PASS craepets.guest admits legacy missing pet without temporary pet or writes
2026-10-02T10:47:51.2941387Z PASS craepets.guest admits genuinely absent new valley
2026-10-02T10:47:51.3019978Z PASS craepets.guest retains valid earned progress and legacy defaults
2026-10-02T10:47:51.3097977Z PASS craepets.guest rejects sibling switch before changing healthy player/session
2026-10-02T10:47:51.3189910Z PASS craepets.guest rejects damaged family visit without changing active lesson
2026-10-02T10:47:51.3265439Z PASS craepets.guest active storage event pauses stale persistence
2026-10-02T10:47:51.3338605Z PASS craepets.guest failed active startup is write-free
2026-10-02T10:47:51.3410183Z PASS craepets. native-ID fence refuses unknown keys before reading
2026-10-02T10:47:51.3484269Z PASS craepets.WHO read unavailable pauses startup without writes
2026-10-02T10:47:51.3561955Z PASS craepets.invalid WHO pauses startup without writes
2026-10-02T10:47:51.3656343Z PASS native original jeannie unsafe sibling writes are refused
2026-10-02T10:47:51.3730492Z PASS native original cory unsafe sibling writes are refused
2026-10-02T10:47:51.3805537Z PASS native original ellie unsafe sibling writes are refused
2026-10-02T10:47:51.3882035Z PASS native original kieran unsafe sibling writes are refused
2026-10-02T10:47:51.3955579Z PASS native original shannon unsafe sibling writes are refused
2026-10-02T10:47:51.4045444Z PASS native original tristan unsafe sibling writes are refused
2026-10-02T10:47:51.4118581Z PASS native original guest unsafe sibling writes are refused
2026-10-02T10:47:51.4196090Z PASS native original jeannie hidden selection event preflights before live state changes
2026-10-02T10:47:51.4269291Z PASS native original cory hidden selection event preflights before live state changes
2026-10-02T10:47:51.4343689Z PASS native original ellie hidden selection event preflights before live state changes
2026-10-02T10:47:51.4417533Z PASS native original kieran hidden selection event preflights before live state changes
2026-10-02T10:47:51.4508195Z PASS native original shannon hidden selection event preflights before live state changes
2026-10-02T10:47:51.4582857Z PASS native original tristan hidden selection event preflights before live state changes
2026-10-02T10:47:51.4657554Z PASS native original guest hidden selection event preflights before live state changes
2026-10-02T10:47:51.4733589Z PASS import independently rechecks corrupted active raw before writing
2026-10-02T10:47:51.4808215Z PASS reset independently rechecks corrupted active raw before writing
2026-10-02T10:47:51.4902295Z PASS native original jeannie paused startup inspector mutations are safe with null state
2026-10-02T10:47:51.4975283Z PASS native original cory paused startup inspector mutations are safe with null state
2026-10-02T10:47:51.5047934Z PASS native original ellie paused startup inspector mutations are safe with null state
2026-10-02T10:47:51.5121064Z PASS native original kieran paused startup inspector mutations are safe with null state
2026-10-02T10:47:51.5193994Z PASS native original shannon paused startup inspector mutations are safe with null state
2026-10-02T10:47:51.5266458Z PASS native original tristan paused startup inspector mutations are safe with null state
2026-10-02T10:47:51.5355844Z PASS native original guest paused startup inspector mutations are safe with null state
2026-10-02T10:47:51.5435561Z PASS pending native-reader callback paused cannot overwrite damaged raw
2026-10-02T10:47:51.5512414Z PASS pending native-reader callback before storage event cannot overwrite damaged raw
2026-10-02T10:47:51.5589681Z PASS pending actual wheel award refuses paused state before coin mutation
2026-10-02T10:47:51.5665186Z PASS new actual modal refuses paused recovery overlay
2026-10-02T10:47:51.5667497Z PASS original-game active saved-data loader: 198 production cases across seven original profiles; malformed/read-failure raw preservation, blank/legacy/earned progress, startup, sibling/visit admission, inspector safety and delayed-reader refusal.
2026-10-02T10:47:51.5846607Z PASS: craepets-game-active-save.cjs (1.7s)
2026-10-02T10:47:51.5847101Z 
2026-10-02T10:47:51.5847478Z --- craepets-game-active-save-browser.cjs ---
2026-10-02T10:48:27.2770408Z PASS original-game loader Chromium Desktop: seven profiles, exact original/house/selection bytes, literal download, read/WHO refusal and retry, real sibling/visit controls, native deferred-reader/storage/visibility transitions, genuine learning and blank/legacy reload.
2026-10-02T10:48:57.0762592Z PASS original-game loader Chromium iPad: seven profiles, exact original/house/selection bytes, literal download, read/WHO refusal and retry, real sibling/visit controls, native deferred-reader/storage/visibility transitions, genuine learning and blank/legacy reload.
2026-10-02T10:49:26.1236702Z PASS original-game loader Chromium iPhone: seven profiles, exact original/house/selection bytes, literal download, read/WHO refusal and retry, real sibling/visit controls, native deferred-reader/storage/visibility transitions, genuine learning and blank/legacy reload.
2026-10-02T10:49:26.2582678Z PASS: craepets-game-active-save-browser.cjs (94.7s)
2026-10-02T10:49:26.2584744Z 
2026-10-02T10:49:26.2585019Z --- craepets-active-save.cjs ---
2026-10-02T10:49:26.3085511Z PASS craepets.house.jeannie refuses partial JSON without replacing bytes
2026-10-02T10:49:26.3180048Z PASS craepets.house.jeannie refuses empty string without replacing bytes
2026-10-02T10:49:26.3262975Z PASS craepets.house.jeannie refuses whitespace without replacing bytes
2026-10-02T10:49:26.3354529Z PASS craepets.house.jeannie refuses JSON null without replacing bytes
2026-10-02T10:49:26.3445742Z PASS craepets.house.jeannie refuses array without replacing bytes
2026-10-02T10:49:26.3522295Z PASS craepets.house.jeannie refuses number without replacing bytes
2026-10-02T10:49:26.3605720Z PASS craepets.house.jeannie refuses boolean without replacing bytes
2026-10-02T10:49:26.3689734Z PASS craepets.house.jeannie refuses old version without replacing bytes
2026-10-02T10:49:26.3775370Z PASS craepets.house.jeannie refuses bad pet without replacing bytes
2026-10-02T10:49:26.3868541Z PASS craepets.house.jeannie refuses stats string without replacing bytes
2026-10-02T10:49:26.3960233Z PASS craepets.house.jeannie refuses fractional house without replacing bytes
2026-10-02T10:49:26.4060359Z PASS craepets.house.jeannie refuses bad review without replacing bytes
2026-10-02T10:49:26.4151204Z PASS craepets.house.jeannie refuses blank broken stats without replacing bytes
2026-10-02T10:49:26.4267513Z PASS craepets.house.jeannie refuses blank broken house without replacing bytes
2026-10-02T10:49:26.4343661Z PASS craepets.house.jeannie read failure is not absence
2026-10-02T10:49:26.4423629Z PASS craepets.house.jeannie admits current blank without temporary pet or writes
2026-10-02T10:49:26.4510217Z PASS craepets.house.jeannie admits legacy pet null without temporary pet or writes
2026-10-02T10:49:26.4584565Z PASS craepets.house.jeannie admits legacy missing pet without temporary pet or writes
2026-10-02T10:49:26.4685252Z PASS craepets.house.jeannie admits genuinely absent new valley
2026-10-02T10:49:26.4766072Z PASS craepets.house.jeannie retains valid earned progress and legacy defaults
2026-10-02T10:49:26.4844249Z PASS craepets.house.jeannie rejects sibling switch before changing healthy player/session
2026-10-02T10:49:26.4925563Z PASS craepets.house.jeannie rejects damaged family visit without changing active lesson
2026-10-02T10:49:26.4997898Z PASS craepets.house.jeannie public owner activity rejects before leaving current lesson
2026-10-02T10:49:26.5071162Z PASS craepets.house.jeannie active storage event pauses stale persistence
2026-10-02T10:49:26.5154790Z PASS craepets.house.jeannie damaged refresh pauses before state/player mutation
2026-10-02T10:49:26.5227447Z PASS craepets.house.jeannie failed active startup is write-free
2026-10-02T10:49:26.5320518Z PASS craepets.house.cory refuses partial JSON without replacing bytes
2026-10-02T10:49:26.5394479Z PASS craepets.house.cory refuses empty string without replacing bytes
2026-10-02T10:49:26.5469103Z PASS craepets.house.cory refuses whitespace without replacing bytes
2026-10-02T10:49:26.5558355Z PASS craepets.house.cory refuses JSON null without replacing bytes
2026-10-02T10:49:26.5663617Z PASS craepets.house.cory refuses array without replacing bytes
2026-10-02T10:49:26.5762083Z PASS craepets.house.cory refuses number without replacing bytes
2026-10-02T10:49:26.5836980Z PASS craepets.house.cory refuses boolean without replacing bytes
2026-10-02T10:49:26.5915818Z PASS craepets.house.cory refuses old version without replacing bytes
2026-10-02T10:49:26.6005775Z PASS craepets.house.cory refuses bad pet without replacing bytes
2026-10-02T10:49:26.6113942Z PASS craepets.house.cory refuses stats string without replacing bytes
2026-10-02T10:49:26.6194351Z PASS craepets.house.cory refuses fractional house without replacing bytes
2026-10-02T10:49:26.6274506Z PASS craepets.house.cory refuses bad review without replacing bytes
2026-10-02T10:49:26.6351855Z PASS craepets.house.cory refuses blank broken stats without replacing bytes
2026-10-02T10:49:26.6432633Z PASS craepets.house.cory refuses blank broken house without replacing bytes
2026-10-02T10:49:26.6523768Z PASS craepets.house.cory read failure is not absence
2026-10-02T10:49:26.6600000Z PASS craepets.house.cory admits current blank without temporary pet or writes
2026-10-02T10:49:26.6674776Z PASS craepets.house.cory admits legacy pet null without temporary pet or writes
2026-10-02T10:49:26.6749571Z PASS craepets.house.cory admits legacy missing pet without temporary pet or writes
2026-10-02T10:49:26.6823270Z PASS craepets.house.cory admits genuinely absent new valley
2026-10-02T10:49:26.6902151Z PASS craepets.house.cory retains valid earned progress and legacy defaults
2026-10-02T10:49:26.6998027Z PASS craepets.house.cory rejects sibling switch before changing healthy player/session
2026-10-02T10:49:26.7071089Z PASS craepets.house.cory rejects damaged family visit without changing active lesson
2026-10-02T10:49:26.7144110Z PASS craepets.house.cory public owner activity rejects before leaving current lesson
2026-10-02T10:49:26.7216938Z PASS craepets.house.cory active storage event pauses stale persistence
2026-10-02T10:49:26.7290490Z PASS craepets.house.cory damaged refresh pauses before state/player mutation
2026-10-02T10:49:26.7385716Z PASS craepets.house.cory failed active startup is write-free
2026-10-02T10:49:26.7462925Z PASS craepets.house.ellie refuses partial JSON without replacing bytes
2026-10-02T10:49:26.7539237Z PASS craepets.house.ellie refuses empty string without replacing bytes
2026-10-02T10:49:26.7615131Z PASS craepets.house.ellie refuses whitespace without replacing bytes
2026-10-02T10:49:26.7690879Z PASS craepets.house.ellie refuses JSON null without replacing bytes
2026-10-02T10:49:26.7787708Z PASS craepets.house.ellie refuses array without replacing bytes
2026-10-02T10:49:26.7863384Z PASS craepets.house.ellie refuses number without replacing bytes
2026-10-02T10:49:26.7938593Z PASS craepets.house.ellie refuses boolean without replacing bytes
2026-10-02T10:49:26.8014481Z PASS craepets.house.ellie refuses old version without replacing bytes
2026-10-02T10:49:26.8109620Z PASS craepets.house.ellie refuses bad pet without replacing bytes
2026-10-02T10:49:26.8188582Z PASS craepets.house.ellie refuses stats string without replacing bytes
2026-10-02T10:49:26.8271959Z PASS craepets.house.ellie refuses fractional house without replacing bytes
2026-10-02T10:49:26.8352648Z PASS craepets.house.ellie refuses bad review without replacing bytes
2026-10-02T10:49:26.8431194Z PASS craepets.house.ellie refuses blank broken stats without replacing bytes
2026-10-02T10:49:26.8530289Z PASS craepets.house.ellie refuses blank broken house without replacing bytes
2026-10-02T10:49:26.8603628Z PASS craepets.house.ellie read failure is not absence
2026-10-02T10:49:26.8679384Z PASS craepets.house.ellie admits current blank without temporary pet or writes
2026-10-02T10:49:26.8753924Z PASS craepets.house.ellie admits legacy pet null without temporary pet or writes
2026-10-02T10:49:26.8860671Z PASS craepets.house.ellie admits legacy missing pet without temporary pet or writes
2026-10-02T10:49:26.8933162Z PASS craepets.house.ellie admits genuinely absent new valley
2026-10-02T10:49:26.9010300Z PASS craepets.house.ellie retains valid earned progress and legacy defaults
2026-10-02T10:49:26.9085836Z PASS craepets.house.ellie rejects sibling switch before changing healthy player/session
2026-10-02T10:49:26.9157956Z PASS craepets.house.ellie rejects damaged family visit without changing active lesson
2026-10-02T10:49:26.9230044Z PASS craepets.house.ellie public owner activity rejects before leaving current lesson
2026-10-02T10:49:26.9315142Z PASS craepets.house.ellie active storage event pauses stale persistence
2026-10-02T10:49:26.9386613Z PASS craepets.house.ellie damaged refresh pauses before state/player mutation
2026-10-02T10:49:26.9457866Z PASS craepets.house.ellie failed active startup is write-free
2026-10-02T10:49:26.9532155Z PASS craepets.house.kieran refuses partial JSON without replacing bytes
2026-10-02T10:49:26.9606591Z PASS craepets.house.kieran refuses empty string without replacing bytes
2026-10-02T10:49:26.9697995Z PASS craepets.house.kieran refuses whitespace without replacing bytes
2026-10-02T10:49:26.9772537Z PASS craepets.house.kieran refuses JSON null without replacing bytes
2026-10-02T10:49:26.9849578Z PASS craepets.house.kieran refuses array without replacing bytes
2026-10-02T10:49:26.9923667Z PASS craepets.house.kieran refuses number without replacing bytes
2026-10-02T10:49:27.0011864Z PASS craepets.house.kieran refuses boolean without replacing bytes
2026-10-02T10:49:27.0088807Z PASS craepets.house.kieran refuses old version without replacing bytes
2026-10-02T10:49:27.0164884Z PASS craepets.house.kieran refuses bad pet without replacing bytes
2026-10-02T10:49:27.0241991Z PASS craepets.house.kieran refuses stats string without replacing bytes
2026-10-02T10:49:27.0320197Z PASS craepets.house.kieran refuses fractional house without replacing bytes
2026-10-02T10:49:27.0414866Z PASS craepets.house.kieran refuses bad review without replacing bytes
2026-10-02T10:49:27.0493917Z PASS craepets.house.kieran refuses blank broken stats without replacing bytes
2026-10-02T10:49:27.0571878Z PASS craepets.house.kieran refuses blank broken house without replacing bytes
2026-10-02T10:49:27.0643981Z PASS craepets.house.kieran read failure is not absence
2026-10-02T10:49:27.0734686Z PASS craepets.house.kieran admits current blank without temporary pet or writes
2026-10-02T10:49:27.0807486Z PASS craepets.house.kieran admits legacy pet null without temporary pet or writes
2026-10-02T10:49:27.0880215Z PASS craepets.house.kieran admits legacy missing pet without temporary pet or writes
2026-10-02T10:49:27.0952089Z PASS craepets.house.kieran admits genuinely absent new valley
2026-10-02T10:49:27.1028663Z PASS craepets.house.kieran retains valid earned progress and legacy defaults
2026-10-02T10:49:27.1104480Z PASS craepets.house.kieran rejects sibling switch before changing healthy player/session
2026-10-02T10:49:27.1193775Z PASS craepets.house.kieran rejects damaged family visit without changing active lesson
2026-10-02T10:49:27.1265772Z PASS craepets.house.kieran public owner activity rejects before leaving current lesson
2026-10-02T10:49:27.1337597Z PASS craepets.house.kieran active storage event pauses stale persistence
2026-10-02T10:49:27.1410352Z PASS craepets.house.kieran damaged refresh pauses before state/player mutation
2026-10-02T10:49:27.1482023Z PASS craepets.house.kieran failed active startup is write-free
2026-10-02T10:49:27.1573432Z PASS craepets.house.shannon refuses partial JSON without replacing bytes
2026-10-02T10:49:27.1648526Z PASS craepets.house.shannon refuses empty string without replacing bytes
2026-10-02T10:49:27.1723404Z PASS craepets.house.shannon refuses whitespace without replacing bytes
2026-10-02T10:49:27.1798155Z PASS craepets.house.shannon refuses JSON null without replacing bytes
2026-10-02T10:49:27.1873690Z PASS craepets.house.shannon refuses array without replacing bytes
2026-10-02T10:49:27.1966452Z PASS craepets.house.shannon refuses number without replacing bytes
2026-10-02T10:49:27.2042215Z PASS craepets.house.shannon refuses boolean without replacing bytes
2026-10-02T10:49:27.2117970Z PASS craepets.house.shannon refuses old version without replacing bytes
2026-10-02T10:49:27.2194068Z PASS craepets.house.shannon refuses bad pet without replacing bytes
2026-10-02T10:49:27.2286989Z PASS craepets.house.shannon refuses stats string without replacing bytes
2026-10-02T10:49:27.2367335Z PASS craepets.house.shannon refuses fractional house without replacing bytes
2026-10-02T10:49:27.2447063Z PASS craepets.house.shannon refuses bad review without replacing bytes
2026-10-02T10:49:27.2530221Z PASS craepets.house.shannon refuses blank broken stats without replacing bytes
2026-10-02T10:49:27.2609401Z PASS craepets.house.shannon refuses blank broken house without replacing bytes
2026-10-02T10:49:27.2700002Z PASS craepets.house.shannon read failure is not absence
2026-10-02T10:49:27.2777365Z PASS craepets.house.shannon admits current blank without temporary pet or writes
2026-10-02T10:49:27.2852925Z PASS craepets.house.shannon admits legacy pet null without temporary pet or writes
2026-10-02T10:49:27.2929810Z PASS craepets.house.shannon admits legacy missing pet without temporary pet or writes
2026-10-02T10:49:27.3003819Z PASS craepets.house.shannon admits genuinely absent new valley
2026-10-02T10:49:27.3103550Z PASS craepets.house.shannon retains valid earned progress and legacy defaults
2026-10-02T10:49:27.3182720Z PASS craepets.house.shannon rejects sibling switch before changing healthy player/session
2026-10-02T10:49:27.3256642Z PASS craepets.house.shannon rejects damaged family visit without changing active lesson
2026-10-02T10:49:27.3331415Z PASS craepets.house.shannon public owner activity rejects before leaving current lesson
2026-10-02T10:49:27.3405604Z PASS craepets.house.shannon active storage event pauses stale persistence
2026-10-02T10:49:27.3480274Z PASS craepets.house.shannon damaged refresh pauses before state/player mutation
2026-10-02T10:49:27.3574606Z PASS craepets.house.shannon failed active startup is write-free
2026-10-02T10:49:27.3651561Z PASS craepets.house.tristan refuses partial JSON without replacing bytes
2026-10-02T10:49:27.3727274Z PASS craepets.house.tristan refuses empty string without replacing bytes
2026-10-02T10:49:27.3802603Z PASS craepets.house.tristan refuses whitespace without replacing bytes
2026-10-02T10:49:27.3897324Z PASS craepets.house.tristan refuses JSON null without replacing bytes
2026-10-02T10:49:27.3973548Z PASS craepets.house.tristan refuses array without replacing bytes
2026-10-02T10:49:27.4078373Z PASS craepets.house.tristan refuses number without replacing bytes
2026-10-02T10:49:27.4151625Z PASS craepets.house.tristan refuses boolean without replacing bytes
2026-10-02T10:49:27.4235546Z PASS craepets.house.tristan refuses old version without replacing bytes
2026-10-02T10:49:27.4310722Z PASS craepets.house.tristan refuses bad pet without replacing bytes
2026-10-02T10:49:27.4387552Z PASS craepets.house.tristan refuses stats string without replacing bytes
2026-10-02T10:49:27.4477151Z PASS craepets.house.tristan refuses fractional house without replacing bytes
2026-10-02T10:49:27.4554968Z PASS craepets.house.tristan refuses bad review without replacing bytes
2026-10-02T10:49:27.4630912Z PASS craepets.house.tristan refuses blank broken stats without replacing bytes
2026-10-02T10:49:27.4714746Z PASS craepets.house.tristan refuses blank broken house without replacing bytes
2026-10-02T10:49:27.4802948Z PASS craepets.house.tristan read failure is not absence
2026-10-02T10:49:27.4878084Z PASS craepets.house.tristan admits current blank without temporary pet or writes
2026-10-02T10:49:27.4950872Z PASS craepets.house.tristan admits legacy pet null without temporary pet or writes
2026-10-02T10:49:27.5022632Z PASS craepets.house.tristan admits legacy missing pet without temporary pet or writes
2026-10-02T10:49:27.5094163Z PASS craepets.house.tristan admits genuinely absent new valley
2026-10-02T10:49:27.5170024Z PASS craepets.house.tristan retains valid earned progress and legacy defaults
2026-10-02T10:49:27.5264702Z PASS craepets.house.tristan rejects sibling switch before changing healthy player/session
2026-10-02T10:49:27.5336168Z PASS craepets.house.tristan rejects damaged family visit without changing active lesson
2026-10-02T10:49:27.5410141Z PASS craepets.house.tristan public owner activity rejects before leaving current lesson
2026-10-02T10:49:27.5480861Z PASS craepets.house.tristan active storage event pauses stale persistence
2026-10-02T10:49:27.5550943Z PASS craepets.house.tristan damaged refresh pauses before state/player mutation
2026-10-02T10:49:27.5638650Z PASS craepets.house.tristan failed active startup is write-free
2026-10-02T10:49:27.5712688Z PASS craepets.house.guest refuses partial JSON without replacing bytes
2026-10-02T10:49:27.5786220Z PASS craepets.house.guest refuses empty string without replacing bytes
2026-10-02T10:49:27.5859894Z PASS craepets.house.guest refuses whitespace without replacing bytes
2026-10-02T10:49:27.5933081Z PASS craepets.house.guest refuses JSON null without replacing bytes
2026-10-02T10:49:27.6022884Z PASS craepets.house.guest refuses array without replacing bytes
2026-10-02T10:49:27.6097106Z PASS craepets.house.guest refuses number without replacing bytes
2026-10-02T10:49:27.6169832Z PASS craepets.house.guest refuses boolean without replacing bytes
2026-10-02T10:49:27.6243818Z PASS craepets.house.guest refuses old version without replacing bytes
2026-10-02T10:49:27.6333298Z PASS craepets.house.guest refuses bad pet without replacing bytes
2026-10-02T10:49:27.6408985Z PASS craepets.house.guest refuses stats string without replacing bytes
2026-10-02T10:49:27.6486197Z PASS craepets.house.guest refuses fractional house without replacing bytes
2026-10-02T10:49:27.6563743Z PASS craepets.house.guest refuses bad review without replacing bytes
2026-10-02T10:49:27.6639659Z PASS craepets.house.guest refuses blank broken stats without replacing bytes
2026-10-02T10:49:27.6731043Z PASS craepets.house.guest refuses blank broken house without replacing bytes
2026-10-02T10:49:27.6801983Z PASS craepets.house.guest read failure is not absence
2026-10-02T10:49:27.6875301Z PASS craepets.house.guest admits current blank without temporary pet or writes
2026-10-02T10:49:27.6947561Z PASS craepets.house.guest admits legacy pet null without temporary pet or writes
2026-10-02T10:49:27.7020486Z PASS craepets.house.guest admits legacy missing pet without temporary pet or writes
2026-10-02T10:49:27.7108794Z PASS craepets.house.guest admits genuinely absent new valley
2026-10-02T10:49:27.7185243Z PASS craepets.house.guest retains valid earned progress and legacy defaults
2026-10-02T10:49:27.7259600Z PASS craepets.house.guest rejects sibling switch before changing healthy player/session
2026-10-02T10:49:27.7330992Z PASS craepets.house.guest rejects damaged family visit without changing active lesson
2026-10-02T10:49:27.7402244Z PASS craepets.house.guest public owner activity rejects before leaving current lesson
2026-10-02T10:49:27.7489513Z PASS craepets.house.guest active storage event pauses stale persistence
2026-10-02T10:49:27.7564366Z PASS craepets.house.guest damaged refresh pauses before state/player mutation
2026-10-02T10:49:27.7634667Z PASS craepets.house.guest failed active startup is write-free
2026-10-02T10:49:27.7707693Z PASS craepets.jeannie refuses partial JSON without replacing bytes
2026-10-02T10:49:27.7786043Z PASS craepets.jeannie refuses empty string without replacing bytes
2026-10-02T10:49:27.7895688Z PASS craepets.jeannie refuses whitespace without replacing bytes
2026-10-02T10:49:27.7968559Z PASS craepets.jeannie refuses JSON null without replacing bytes
2026-10-02T10:49:27.8042050Z PASS craepets.jeannie refuses array without replacing bytes
2026-10-02T10:49:27.8115607Z PASS craepets.jeannie refuses number without replacing bytes
2026-10-02T10:49:27.8188925Z PASS craepets.jeannie refuses boolean without replacing bytes
2026-10-02T10:49:27.8281502Z PASS craepets.jeannie refuses old version without replacing bytes
2026-10-02T10:49:27.8355377Z PASS craepets.jeannie refuses bad pet without replacing bytes
2026-10-02T10:49:27.8430632Z PASS craepets.jeannie refuses stats string without replacing bytes
2026-10-02T10:49:27.8507646Z PASS craepets.jeannie refuses fractional house without replacing bytes
2026-10-02T10:49:27.8599429Z PASS craepets.jeannie refuses bad review without replacing bytes
2026-10-02T10:49:27.8675546Z PASS craepets.jeannie refuses blank broken stats without replacing bytes
2026-10-02T10:49:27.8754015Z PASS craepets.jeannie refuses blank broken house without replacing bytes
2026-10-02T10:49:27.8825215Z PASS craepets.jeannie read failure is not absence
2026-10-02T10:49:27.8898618Z PASS craepets.jeannie admits current blank without temporary pet or writes
2026-10-02T10:49:27.8984638Z PASS craepets.jeannie admits legacy pet null without temporary pet or writes
2026-10-02T10:49:27.9056965Z PASS craepets.jeannie admits legacy missing pet without temporary pet or writes
2026-10-02T10:49:27.9160447Z PASS craepets.jeannie admits genuinely absent new valley
2026-10-02T10:49:27.9235779Z PASS craepets.jeannie retains valid earned progress and legacy defaults
2026-10-02T10:49:27.9309783Z PASS craepets.jeannie rejects sibling switch before changing healthy player/session
2026-10-02T10:49:27.9380780Z PASS craepets.jeannie rejects damaged family visit without changing active lesson
2026-10-02T10:49:27.9452241Z PASS craepets.jeannie public owner activity rejects before leaving current lesson
2026-10-02T10:49:27.9522864Z PASS craepets.jeannie active storage event pauses stale persistence
2026-10-02T10:49:27.9605865Z PASS craepets.jeannie damaged refresh pauses before state/player mutation
2026-10-02T10:49:27.9675911Z PASS craepets.jeannie failed active startup is write-free
2026-10-02T10:49:27.9751481Z PASS craepets.cory refuses partial JSON without replacing bytes
2026-10-02T10:49:27.9824736Z PASS craepets.cory refuses empty string without replacing bytes
2026-10-02T10:49:27.9897919Z PASS craepets.cory refuses whitespace without replacing bytes
2026-10-02T10:49:27.9986367Z PASS craepets.cory refuses JSON null without replacing bytes
2026-10-02T10:49:28.0059018Z PASS craepets.cory refuses array without replacing bytes
2026-10-02T10:49:28.0132544Z PASS craepets.cory refuses number without replacing bytes
2026-10-02T10:49:28.0205745Z PASS craepets.cory refuses boolean without replacing bytes
2026-10-02T10:49:28.0297666Z PASS craepets.cory refuses old version without replacing bytes
2026-10-02T10:49:28.0372845Z PASS craepets.cory refuses bad pet without replacing bytes
2026-10-02T10:49:28.0449093Z PASS craepets.cory refuses stats string without replacing bytes
2026-10-02T10:49:28.0527074Z PASS craepets.cory refuses fractional house without replacing bytes
2026-10-02T10:49:28.0621262Z PASS craepets.cory refuses bad review without replacing bytes
2026-10-02T10:49:28.0697120Z PASS craepets.cory refuses blank broken stats without replacing bytes
2026-10-02T10:49:28.0774397Z PASS craepets.cory refuses blank broken house without replacing bytes
2026-10-02T10:49:28.0845327Z PASS craepets.cory read failure is not absence
2026-10-02T10:49:28.0921895Z PASS craepets.cory admits current blank without temporary pet or writes
2026-10-02T10:49:28.1008464Z PASS craepets.cory admits legacy pet null without temporary pet or writes
2026-10-02T10:49:28.1080191Z PASS craepets.cory admits legacy missing pet without temporary pet or writes
2026-10-02T10:49:28.1152335Z PASS craepets.cory admits genuinely absent new valley
2026-10-02T10:49:28.1228751Z PASS craepets.cory retains valid earned progress and legacy defaults
2026-10-02T10:49:28.1304035Z PASS craepets.cory rejects sibling switch before changing healthy player/session
2026-10-02T10:49:28.1375749Z PASS craepets.cory rejects damaged family visit without changing active lesson
2026-10-02T10:49:28.1463030Z PASS craepets.cory public owner activity rejects before leaving current lesson
2026-10-02T10:49:28.1533722Z PASS craepets.cory active storage event pauses stale persistence
2026-10-02T10:49:28.1605112Z PASS craepets.cory damaged refresh pauses before state/player mutation
2026-10-02T10:49:28.1675605Z PASS craepets.cory failed active startup is write-free
2026-10-02T10:49:28.1749116Z PASS craepets.ellie refuses partial JSON without replacing bytes
2026-10-02T10:49:28.1840976Z PASS craepets.ellie refuses empty string without replacing bytes
2026-10-02T10:49:28.1914562Z PASS craepets.ellie refuses whitespace without replacing bytes
2026-10-02T10:49:28.1987603Z PASS craepets.ellie refuses JSON null without replacing bytes
2026-10-02T10:49:28.2060600Z PASS craepets.ellie refuses array without replacing bytes
2026-10-02T10:49:28.2148584Z PASS craepets.ellie refuses number without replacing bytes
2026-10-02T10:49:28.2222095Z PASS craepets.ellie refuses boolean without replacing bytes
2026-10-02T10:49:28.2296628Z PASS craepets.ellie refuses old version without replacing bytes
2026-10-02T10:49:28.2370595Z PASS craepets.ellie refuses bad pet without replacing bytes
2026-10-02T10:49:28.2446105Z PASS craepets.ellie refuses stats string without replacing bytes
2026-10-02T10:49:28.2537575Z PASS craepets.ellie refuses fractional house without replacing bytes
2026-10-02T10:49:28.2615068Z PASS craepets.ellie refuses bad review without replacing bytes
2026-10-02T10:49:28.2690739Z PASS craepets.ellie refuses blank broken stats without replacing bytes
2026-10-02T10:49:28.2767849Z PASS craepets.ellie refuses blank broken house without replacing bytes
2026-10-02T10:49:28.2852800Z PASS craepets.ellie read failure is not absence
2026-10-02T10:49:28.2926431Z PASS craepets.ellie admits current blank without temporary pet or writes
2026-10-02T10:49:28.3004234Z PASS craepets.ellie admits legacy pet null without temporary pet or writes
2026-10-02T10:49:28.3076579Z PASS craepets.ellie admits legacy missing pet without temporary pet or writes
2026-10-02T10:49:28.3148281Z PASS craepets.ellie admits genuinely absent new valley
2026-10-02T10:49:28.3224451Z PASS craepets.ellie retains valid earned progress and legacy defaults
2026-10-02T10:49:28.3316030Z PASS craepets.ellie rejects sibling switch before changing healthy player/session
2026-10-02T10:49:28.3388032Z PASS craepets.ellie rejects damaged family visit without changing active lesson
2026-10-02T10:49:28.3459366Z PASS craepets.ellie public owner activity rejects before leaving current lesson
2026-10-02T10:49:28.3531071Z PASS craepets.ellie active storage event pauses stale persistence
2026-10-02T10:49:28.3603130Z PASS craepets.ellie damaged refresh pauses before state/player mutation
2026-10-02T10:49:28.3693295Z PASS craepets.ellie failed active startup is write-free
2026-10-02T10:49:28.3767531Z PASS craepets.kieran refuses partial JSON without replacing bytes
2026-10-02T10:49:28.3842397Z PASS craepets.kieran refuses empty string without replacing bytes
2026-10-02T10:49:28.3916818Z PASS craepets.kieran refuses whitespace without replacing bytes
2026-10-02T10:49:28.4006064Z PASS craepets.kieran refuses JSON null without replacing bytes
2026-10-02T10:49:28.4079411Z PASS craepets.kieran refuses array without replacing bytes
2026-10-02T10:49:28.4152758Z PASS craepets.kieran refuses number without replacing bytes
2026-10-02T10:49:28.4226147Z PASS craepets.kieran refuses boolean without replacing bytes
2026-10-02T10:49:28.4301768Z PASS craepets.kieran refuses old version without replacing bytes
2026-10-02T10:49:28.4415333Z PASS craepets.kieran refuses bad pet without replacing bytes
2026-10-02T10:49:28.4506428Z PASS craepets.kieran refuses stats string without replacing bytes
2026-10-02T10:49:28.4584450Z PASS craepets.kieran refuses fractional house without replacing bytes
2026-10-02T10:49:28.4663899Z PASS craepets.kieran refuses bad review without replacing bytes
2026-10-02T10:49:28.4739624Z PASS craepets.kieran refuses blank broken stats without replacing bytes
2026-10-02T10:49:28.4827732Z PASS craepets.kieran refuses blank broken house without replacing bytes
2026-10-02T10:49:28.4902999Z PASS craepets.kieran read failure is not absence
2026-10-02T10:49:28.4977439Z PASS craepets.kieran admits current blank without temporary pet or writes
2026-10-02T10:49:28.5049926Z PASS craepets.kieran admits legacy pet null without temporary pet or writes
2026-10-02T10:49:28.5123320Z PASS craepets.kieran admits legacy missing pet without temporary pet or writes
2026-10-02T10:49:28.5195464Z PASS craepets.kieran admits genuinely absent new valley
2026-10-02T10:49:28.5287796Z PASS craepets.kieran retains valid earned progress and legacy defaults
2026-10-02T10:49:28.5363316Z PASS craepets.kieran rejects sibling switch before changing healthy player/session
2026-10-02T10:49:28.5433864Z PASS craepets.kieran rejects damaged family visit without changing active lesson
2026-10-02T10:49:28.5504565Z PASS craepets.kieran public owner activity rejects before leaving current lesson
2026-10-02T10:49:28.5574970Z PASS craepets.kieran active storage event pauses stale persistence
2026-10-02T10:49:28.5661964Z PASS craepets.kieran damaged refresh pauses before state/player mutation
2026-10-02T10:49:28.5732643Z PASS craepets.kieran failed active startup is write-free
2026-10-02T10:49:28.5806678Z PASS craepets.shannon refuses partial JSON without replacing bytes
2026-10-02T10:49:28.5879937Z PASS craepets.shannon refuses empty string without replacing bytes
2026-10-02T10:49:28.5953368Z PASS craepets.shannon refuses whitespace without replacing bytes
2026-10-02T10:49:28.6041369Z PASS craepets.shannon refuses JSON null without replacing bytes
2026-10-02T10:49:28.6114446Z PASS craepets.shannon refuses array without replacing bytes
2026-10-02T10:49:28.6187212Z PASS craepets.shannon refuses number without replacing bytes
2026-10-02T10:49:28.6260275Z PASS craepets.shannon refuses boolean without replacing bytes
2026-10-02T10:49:28.6349657Z PASS craepets.shannon refuses old version without replacing bytes
2026-10-02T10:49:28.6423955Z PASS craepets.shannon refuses bad pet without replacing bytes
2026-10-02T10:49:28.6500060Z PASS craepets.shannon refuses stats string without replacing bytes
2026-10-02T10:49:28.6577549Z PASS craepets.shannon refuses fractional house without replacing bytes
2026-10-02T10:49:28.6655674Z PASS craepets.shannon refuses bad review without replacing bytes
2026-10-02T10:49:28.6744380Z PASS craepets.shannon refuses blank broken stats without replacing bytes
2026-10-02T10:49:28.6823571Z PASS craepets.shannon refuses blank broken house without replacing bytes
2026-10-02T10:49:28.6895141Z PASS craepets.shannon read failure is not absence
2026-10-02T10:49:28.6969557Z PASS craepets.shannon admits current blank without temporary pet or writes
2026-10-02T10:49:28.7057555Z PASS craepets.shannon admits legacy pet null without temporary pet or writes
2026-10-02T10:49:28.7135361Z PASS craepets.shannon admits legacy missing pet without temporary pet or writes
2026-10-02T10:49:28.7207644Z PASS craepets.shannon admits genuinely absent new valley
2026-10-02T10:49:28.7283602Z PASS craepets.shannon retains valid earned progress and legacy defaults
2026-10-02T10:49:28.7357971Z PASS craepets.shannon rejects sibling switch before changing healthy player/session
2026-10-02T10:49:28.7429241Z PASS craepets.shannon rejects damaged family visit without changing active lesson
2026-10-02T10:49:28.7517409Z PASS craepets.shannon public owner activity rejects before leaving current lesson
2026-10-02T10:49:28.7588914Z PASS craepets.shannon active storage event pauses stale persistence
2026-10-02T10:49:28.7661288Z PASS craepets.shannon damaged refresh pauses before state/player mutation
2026-10-02T10:49:28.7732025Z PASS craepets.shannon failed active startup is write-free
2026-10-02T10:49:28.7805137Z PASS craepets.tristan refuses partial JSON without replacing bytes
2026-10-02T10:49:28.7893380Z PASS craepets.tristan refuses empty string without replacing bytes
2026-10-02T10:49:28.7967084Z PASS craepets.tristan refuses whitespace without replacing bytes
2026-10-02T10:49:28.8040969Z PASS craepets.tristan refuses JSON null without replacing bytes
2026-10-02T10:49:28.8114071Z PASS craepets.tristan refuses array without replacing bytes
2026-10-02T10:49:28.8202429Z PASS craepets.tristan refuses number without replacing bytes
2026-10-02T10:49:28.8277280Z PASS craepets.tristan refuses boolean without replacing bytes
2026-10-02T10:49:28.8352686Z PASS craepets.tristan refuses old version without replacing bytes
2026-10-02T10:49:28.8426291Z PASS craepets.tristan refuses bad pet without replacing bytes
2026-10-02T10:49:28.8501811Z PASS craepets.tristan refuses stats string without replacing bytes
2026-10-02T10:49:28.8592670Z PASS craepets.tristan refuses fractional house without replacing bytes
2026-10-02T10:49:28.8669773Z PASS craepets.tristan refuses bad review without replacing bytes
2026-10-02T10:49:28.8745580Z PASS craepets.tristan refuses blank broken stats without replacing bytes
2026-10-02T10:49:28.8823655Z PASS craepets.tristan refuses blank broken house without replacing bytes
2026-10-02T10:49:28.8909712Z PASS craepets.tristan read failure is not absence
2026-10-02T10:49:28.8984364Z PASS craepets.tristan admits current blank without temporary pet or writes
2026-10-02T10:49:28.9056774Z PASS craepets.tristan admits legacy pet null without temporary pet or writes
2026-10-02T10:49:28.9129149Z PASS craepets.tristan admits legacy missing pet without temporary pet or writes
2026-10-02T10:49:28.9201656Z PASS craepets.tristan admits genuinely absent new valley
2026-10-02T10:49:28.9278711Z PASS craepets.tristan retains valid earned progress and legacy defaults
2026-10-02T10:49:28.9370437Z PASS craepets.tristan rejects sibling switch before changing healthy player/session
2026-10-02T10:49:28.9441949Z PASS craepets.tristan rejects damaged family visit without changing active lesson
2026-10-02T10:49:28.9547697Z PASS craepets.tristan public owner activity rejects before leaving current lesson
2026-10-02T10:49:28.9618915Z PASS craepets.tristan active storage event pauses stale persistence
2026-10-02T10:49:28.9690790Z PASS craepets.tristan damaged refresh pauses before state/player mutation
2026-10-02T10:49:28.9762449Z PASS craepets.tristan failed active startup is write-free
2026-10-02T10:49:28.9837254Z PASS craepets.guest refuses partial JSON without replacing bytes
2026-10-02T10:49:28.9911909Z PASS craepets.guest refuses empty string without replacing bytes
2026-10-02T10:49:28.9997570Z PASS craepets.guest refuses whitespace without replacing bytes
2026-10-02T10:49:29.0072081Z PASS craepets.guest refuses JSON null without replacing bytes
2026-10-02T10:49:29.0147054Z PASS craepets.guest refuses array without replacing bytes
2026-10-02T10:49:29.0221667Z PASS craepets.guest refuses number without replacing bytes
2026-10-02T10:49:29.0311994Z PASS craepets.guest refuses boolean without replacing bytes
2026-10-02T10:49:29.0387629Z PASS craepets.guest refuses old version without replacing bytes
2026-10-02T10:49:29.0462509Z PASS craepets.guest refuses bad pet without replacing bytes
2026-10-02T10:49:29.0541283Z PASS craepets.guest refuses stats string without replacing bytes
2026-10-02T10:49:29.0637089Z PASS craepets.guest refuses fractional house without replacing bytes
2026-10-02T10:49:29.0718954Z PASS craepets.guest refuses bad review without replacing bytes
2026-10-02T10:49:29.0795906Z PASS craepets.guest refuses blank broken stats without replacing bytes
2026-10-02T10:49:29.0874074Z PASS craepets.guest refuses blank broken house without replacing bytes
2026-10-02T10:49:29.0946311Z PASS craepets.guest read failure is not absence
2026-10-02T10:49:29.1034721Z PASS craepets.guest admits current blank without temporary pet or writes
2026-10-02T10:49:29.1109436Z PASS craepets.guest admits legacy pet null without temporary pet or writes
2026-10-02T10:49:29.1181933Z PASS craepets.guest admits legacy missing pet without temporary pet or writes
2026-10-02T10:49:29.1253493Z PASS craepets.guest admits genuinely absent new valley
2026-10-02T10:49:29.1330529Z PASS craepets.guest retains valid earned progress and legacy defaults
2026-10-02T10:49:29.1422922Z PASS craepets.guest rejects sibling switch before changing healthy player/session
2026-10-02T10:49:29.1495336Z PASS craepets.guest rejects damaged family visit without changing active lesson
2026-10-02T10:49:29.1567411Z PASS craepets.guest public owner activity rejects before leaving current lesson
2026-10-02T10:49:29.1639194Z PASS craepets.guest active storage event pauses stale persistence
2026-10-02T10:49:29.1711217Z PASS craepets.guest damaged refresh pauses before state/player mutation
2026-10-02T10:49:29.1797906Z PASS craepets.guest failed active startup is write-free
2026-10-02T10:49:29.1867749Z PASS craepets.house. native-ID fence refuses unknown keys before reading
2026-10-02T10:49:29.1939373Z PASS craepets.house.WHO read unavailable pauses startup without writes
2026-10-02T10:49:29.2009760Z PASS craepets.house.invalid WHO pauses startup without writes
2026-10-02T10:49:29.2097768Z PASS craepets.house. unavailable sibling stays out of neighborhood without blocking healthy current
2026-10-02T10:49:29.2169826Z PASS craepets.house. prior family pending guard remains effective
2026-10-02T10:49:29.2237965Z PASS craepets. native-ID fence refuses unknown keys before reading
2026-10-02T10:49:29.2326182Z PASS craepets.WHO read unavailable pauses startup without writes
2026-10-02T10:49:29.2395979Z PASS craepets.invalid WHO pauses startup without writes
2026-10-02T10:49:29.2479587Z PASS craepets. unavailable sibling stays out of neighborhood without blocking healthy current
2026-10-02T10:49:29.2549316Z PASS craepets. prior family pending guard remains effective
2026-10-02T10:49:29.2651082Z PASS craepets.house.jeannie actual registration refuses damaged active with all healthy siblings
2026-10-02T10:49:29.2729346Z PASS craepets.house.cory actual registration refuses damaged active with all healthy siblings
2026-10-02T10:49:29.2806200Z PASS craepets.house.ellie actual registration refuses damaged active with all healthy siblings
2026-10-02T10:49:29.2883220Z PASS craepets.house.kieran actual registration refuses damaged active with all healthy siblings
2026-10-02T10:49:29.2973927Z PASS craepets.house.shannon actual registration refuses damaged active with all healthy siblings
2026-10-02T10:49:29.3051225Z PASS craepets.house.tristan actual registration refuses damaged active with all healthy siblings
2026-10-02T10:49:29.3127291Z PASS craepets.house.guest actual registration refuses damaged active with all healthy siblings
2026-10-02T10:49:29.3203631Z PASS craepets.jeannie actual registration refuses damaged active with all healthy siblings
2026-10-02T10:49:29.3291948Z PASS craepets.cory actual registration refuses damaged active with all healthy siblings
2026-10-02T10:49:29.3368559Z PASS craepets.ellie actual registration refuses damaged active with all healthy siblings
2026-10-02T10:49:29.3445200Z PASS craepets.kieran actual registration refuses damaged active with all healthy siblings
2026-10-02T10:49:29.3522174Z PASS craepets.shannon actual registration refuses damaged active with all healthy siblings
2026-10-02T10:49:29.3611722Z PASS craepets.tristan actual registration refuses damaged active with all healthy siblings
2026-10-02T10:49:29.3688401Z PASS craepets.guest actual registration refuses damaged active with all healthy siblings
2026-10-02T10:49:29.3759988Z PASS actual house registration distinguishes WHO read unavailable and suppresses its one auto cycle
2026-10-02T10:49:29.3830547Z PASS actual house registration distinguishes active read unavailable and suppresses its one auto cycle
2026-10-02T10:49:29.3833189Z PASS active saved-data loader: 390 production checks across seven house/shared profiles; malformed/read-failure preservation, blank/legacy/earned states, startup, switching, refresh and external-update refusal.
2026-10-02T10:49:29.4008102Z PASS: craepets-active-save.cjs (3.1s)
2026-10-02T10:49:29.4008527Z 
2026-10-02T10:49:29.4008869Z --- craepets-active-save-browser.cjs ---
2026-10-02T10:49:40.1401578Z PASS active loader Chromium Desktop: all fourteen active profile/mode refusals, exact namespaces/selection, real startup gate/link/download, unavailable reads/retry, sibling lesson preservation, other-document storage refusal and valid legacy/blank play.
2026-10-02T10:49:49.2474267Z PASS active loader Chromium iPad: all fourteen active profile/mode refusals, exact namespaces/selection, real startup gate/link/download, unavailable reads/retry, sibling lesson preservation, other-document storage refusal and valid legacy/blank play.
2026-10-02T10:49:58.1331281Z PASS active loader Chromium iPhone: all fourteen active profile/mode refusals, exact namespaces/selection, real startup gate/link/download, unavailable reads/retry, sibling lesson preservation, other-document storage refusal and valid legacy/blank play.
2026-10-02T10:49:58.2771323Z PASS: craepets-active-save-browser.cjs (28.9s)
2026-10-02T10:49:58.2771895Z 
2026-10-02T10:49:58.2772200Z --- craepets-auto-seeding.cjs ---
2026-10-02T10:49:58.3253508Z PASS jeannie does not seed stats string
2026-10-02T10:49:58.3356225Z PASS jeannie does not seed fractional legacy house
2026-10-02T10:49:58.3450869Z PASS jeannie does not seed review null
2026-10-02T10:49:58.3546482Z PASS jeannie does not seed bag string count
2026-10-02T10:49:58.3639883Z PASS jeannie does not seed subject stats
2026-10-02T10:49:58.3735227Z PASS jeannie does not seed room array
2026-10-02T10:49:58.3834426Z PASS jeannie does not seed species
2026-10-02T10:49:58.3918228Z PASS jeannie does not seed colour
2026-10-02T10:49:58.4009993Z PASS jeannie does not seed blank pet name
2026-10-02T10:49:58.4095859Z PASS jeannie does not seed null needs
2026-10-02T10:49:58.4187105Z PASS jeannie does not seed diary record
2026-10-02T10:49:58.4285747Z PASS jeannie does not seed mail record
2026-10-02T10:49:58.4372713Z PASS jeannie does not seed quest record
2026-10-02T10:49:58.4459312Z PASS jeannie does not seed negative coins
2026-10-02T10:49:58.4552304Z PASS jeannie does not seed bank array
2026-10-02T10:49:58.4655005Z PASS jeannie does not seed seen row
2026-10-02T10:49:58.4737198Z PASS jeannie does not seed pet array
2026-10-02T10:49:58.4828567Z PASS jeannie does not seed version
2026-10-02T10:49:58.4924533Z PASS jeannie does not seed answer index
2026-10-02T10:49:58.5020665Z PASS cory does not seed stats string
2026-10-02T10:49:58.5103026Z PASS cory does not seed fractional legacy house
2026-10-02T10:49:58.5213838Z PASS cory does not seed review null
2026-10-02T10:49:58.5293857Z PASS cory does not seed bag string count
2026-10-02T10:49:58.5373830Z PASS cory does not seed subject stats
2026-10-02T10:49:58.5454482Z PASS cory does not seed room array
2026-10-02T10:49:58.5542568Z PASS cory does not seed species
2026-10-02T10:49:58.5620543Z PASS cory does not seed colour
2026-10-02T10:49:58.5699264Z PASS cory does not seed blank pet name
2026-10-02T10:49:58.5780191Z PASS cory does not seed null needs
2026-10-02T10:49:58.5872001Z PASS cory does not seed diary record
2026-10-02T10:49:58.5951514Z PASS cory does not seed mail record
2026-10-02T10:49:58.6031164Z PASS cory does not seed quest record
2026-10-02T10:49:58.6131191Z PASS cory does not seed negative coins
2026-10-02T10:49:58.6210122Z PASS cory does not seed bank array
2026-10-02T10:49:58.6290970Z PASS cory does not seed seen row
2026-10-02T10:49:58.6369504Z PASS cory does not seed pet array
2026-10-02T10:49:58.6456164Z PASS cory does not seed version
2026-10-02T10:49:58.6547746Z PASS cory does not seed answer index
2026-10-02T10:49:58.6640763Z PASS ellie does not seed stats string
2026-10-02T10:49:58.6734483Z PASS ellie does not seed fractional legacy house
2026-10-02T10:49:58.6838777Z PASS ellie does not seed review null
2026-10-02T10:49:58.6922354Z PASS ellie does not seed bag string count
2026-10-02T10:49:58.7005543Z PASS ellie does not seed subject stats
2026-10-02T10:49:58.7089950Z PASS ellie does not seed room array
2026-10-02T10:49:58.7182289Z PASS ellie does not seed species
2026-10-02T10:49:58.7274048Z PASS ellie does not seed colour
2026-10-02T10:49:58.7365958Z PASS ellie does not seed blank pet name
2026-10-02T10:49:58.7479261Z PASS ellie does not seed null needs
2026-10-02T10:49:58.7562272Z PASS ellie does not seed diary record
2026-10-02T10:49:58.7646241Z PASS ellie does not seed mail record
2026-10-02T10:49:58.7729968Z PASS ellie does not seed quest record
2026-10-02T10:49:58.7813591Z PASS ellie does not seed negative coins
2026-10-02T10:49:58.7897696Z PASS ellie does not seed bank array
2026-10-02T10:49:58.7983084Z PASS ellie does not seed seen row
2026-10-02T10:49:58.8087316Z PASS ellie does not seed pet array
2026-10-02T10:49:58.8169697Z PASS ellie does not seed version
2026-10-02T10:49:58.8253707Z PASS ellie does not seed answer index
2026-10-02T10:49:58.8337464Z PASS kieran does not seed stats string
2026-10-02T10:49:58.8422360Z PASS kieran does not seed fractional legacy house
2026-10-02T10:49:58.8506709Z PASS kieran does not seed review null
2026-10-02T10:49:58.8591995Z PASS kieran does not seed bag string count
2026-10-02T10:49:58.8702042Z PASS kieran does not seed subject stats
2026-10-02T10:49:58.8785681Z PASS kieran does not seed room array
2026-10-02T10:49:58.8868152Z PASS kieran does not seed species
2026-10-02T10:49:58.8950865Z PASS kieran does not seed colour
2026-10-02T10:49:58.9035641Z PASS kieran does not seed blank pet name
2026-10-02T10:49:58.9126810Z PASS kieran does not seed null needs
2026-10-02T10:49:58.9210675Z PASS kieran does not seed diary record
2026-10-02T10:49:58.9316913Z PASS kieran does not seed mail record
2026-10-02T10:49:58.9400159Z PASS kieran does not seed quest record
2026-10-02T10:49:58.9482896Z PASS kieran does not seed negative coins
2026-10-02T10:49:58.9565979Z PASS kieran does not seed bank array
2026-10-02T10:49:58.9649163Z PASS kieran does not seed seen row
2026-10-02T10:49:58.9732056Z PASS kieran does not seed pet array
2026-10-02T10:49:58.9814935Z PASS kieran does not seed version
2026-10-02T10:49:58.9922494Z PASS kieran does not seed answer index
2026-10-02T10:49:59.0005661Z PASS shannon does not seed stats string
2026-10-02T10:49:59.0090223Z PASS shannon does not seed fractional legacy house
2026-10-02T10:49:59.0174094Z PASS shannon does not seed review null
2026-10-02T10:49:59.0284773Z PASS shannon does not seed bag string count
2026-10-02T10:49:59.0366287Z PASS shannon does not seed subject stats
2026-10-02T10:49:59.0448690Z PASS shannon does not seed room array
2026-10-02T10:49:59.0530431Z PASS shannon does not seed species
2026-10-02T10:49:59.0610907Z PASS shannon does not seed colour
2026-10-02T10:49:59.0691848Z PASS shannon does not seed blank pet name
2026-10-02T10:49:59.0774442Z PASS shannon does not seed null needs
2026-10-02T10:49:59.0856408Z PASS shannon does not seed diary record
2026-10-02T10:49:59.0954007Z PASS shannon does not seed mail record
2026-10-02T10:49:59.1036364Z PASS shannon does not seed quest record
2026-10-02T10:49:59.1119341Z PASS shannon does not seed negative coins
2026-10-02T10:49:59.1203334Z PASS shannon does not seed bank array
2026-10-02T10:49:59.1287081Z PASS shannon does not seed seen row
2026-10-02T10:49:59.1367796Z PASS shannon does not seed pet array
2026-10-02T10:49:59.1448972Z PASS shannon does not seed version
2026-10-02T10:49:59.1554128Z PASS shannon does not seed answer index
2026-10-02T10:49:59.1650298Z PASS tristan does not seed stats string
2026-10-02T10:49:59.1725910Z PASS tristan does not seed fractional legacy house
2026-10-02T10:49:59.1807272Z PASS tristan does not seed review null
2026-10-02T10:49:59.1888681Z PASS tristan does not seed bag string count
2026-10-02T10:49:59.1970481Z PASS tristan does not seed subject stats
2026-10-02T10:49:59.2052778Z PASS tristan does not seed room array
2026-10-02T10:49:59.2155721Z PASS tristan does not seed species
2026-10-02T10:49:59.2236888Z PASS tristan does not seed colour
2026-10-02T10:49:59.2317529Z PASS tristan does not seed blank pet name
2026-10-02T10:49:59.2399862Z PASS tristan does not seed null needs
2026-10-02T10:49:59.2481850Z PASS tristan does not seed diary record
2026-10-02T10:49:59.2563512Z PASS tristan does not seed mail record
2026-10-02T10:49:59.2648295Z PASS tristan does not seed quest record
2026-10-02T10:49:59.2729203Z PASS tristan does not seed negative coins
2026-10-02T10:49:59.2829605Z PASS tristan does not seed bank array
2026-10-02T10:49:59.2912185Z PASS tristan does not seed seen row
2026-10-02T10:49:59.2994356Z PASS tristan does not seed pet array
2026-10-02T10:49:59.3074973Z PASS tristan does not seed version
2026-10-02T10:49:59.3156934Z PASS tristan does not seed answer index
2026-10-02T10:49:59.3238183Z PASS guest does not seed stats string
2026-10-02T10:49:59.3325456Z PASS guest does not seed fractional legacy house
2026-10-02T10:49:59.3426921Z PASS guest does not seed review null
2026-10-02T10:49:59.3508989Z PASS guest does not seed bag string count
2026-10-02T10:49:59.3590983Z PASS guest does not seed subject stats
2026-10-02T10:49:59.3672514Z PASS guest does not seed room array
2026-10-02T10:49:59.3753062Z PASS guest does not seed species
2026-10-02T10:49:59.3834356Z PASS guest does not seed colour
2026-10-02T10:49:59.3915566Z PASS guest does not seed blank pet name
2026-10-02T10:49:59.4016535Z PASS guest does not seed null needs
2026-10-02T10:49:59.4098294Z PASS guest does not seed diary record
2026-10-02T10:49:59.4180600Z PASS guest does not seed mail record
2026-10-02T10:49:59.4262224Z PASS guest does not seed quest record
2026-10-02T10:49:59.4343042Z PASS guest does not seed negative coins
2026-10-02T10:49:59.4424090Z PASS guest does not seed bank array
2026-10-02T10:49:59.4506301Z PASS guest does not seed seen row
2026-10-02T10:49:59.4605072Z PASS guest does not seed pet array
2026-10-02T10:49:59.4685515Z PASS guest does not seed version
2026-10-02T10:49:59.4767368Z PASS guest does not seed answer index
2026-10-02T10:49:59.4848491Z PASS jeannie preserves present raw ""
2026-10-02T10:49:59.4929117Z PASS jeannie preserves present raw "null"
2026-10-02T10:49:59.5010295Z PASS jeannie preserves present raw "[]"
2026-10-02T10:49:59.5093074Z PASS jeannie preserves present raw "0"
2026-10-02T10:49:59.5192551Z PASS jeannie preserves present raw "  "
2026-10-02T10:49:59.5274268Z PASS jeannie preserves present raw "{ valuable partial bytes"
2026-10-02T10:49:59.5355954Z PASS jeannie preserves present raw "{\"v\":2,\"pet\":{\"name\":\"Future\",\"species\":\"blorb\",\"colour\":\"meadow\"}}"
2026-10-02T10:49:59.5438403Z PASS jeannie preserves present raw "{\"v\":1,\"pet\":{\"name\":\"Damaged\",\"species\":\"blorb\",\"colour\":\"meadow\"},\"stats\":\"broken\"}"
2026-10-02T10:49:59.5517997Z PASS cory preserves present raw ""
2026-10-02T10:49:59.5598778Z PASS cory preserves present raw "null"
2026-10-02T10:49:59.5680748Z PASS cory preserves present raw "[]"
2026-10-02T10:49:59.5782728Z PASS cory preserves present raw "0"
2026-10-02T10:49:59.5863340Z PASS cory preserves present raw "  "
2026-10-02T10:49:59.5943721Z PASS cory preserves present raw "{ valuable partial bytes"
2026-10-02T10:49:59.6025010Z PASS cory preserves present raw "{\"v\":2,\"pet\":{\"name\":\"Future\",\"species\":\"blorb\",\"colour\":\"meadow\"}}"
2026-10-02T10:49:59.6137856Z PASS cory preserves present raw "{\"v\":1,\"pet\":{\"name\":\"Damaged\",\"species\":\"blorb\",\"colour\":\"meadow\"},\"stats\":\"broken\"}"
2026-10-02T10:49:59.6217411Z PASS ellie preserves present raw ""
2026-10-02T10:49:59.6297912Z PASS ellie preserves present raw "null"
2026-10-02T10:49:59.6378063Z PASS ellie preserves present raw "[]"
2026-10-02T10:49:59.6458323Z PASS ellie preserves present raw "0"
2026-10-02T10:49:59.6538096Z PASS ellie preserves present raw "  "
2026-10-02T10:49:59.6618499Z PASS ellie preserves present raw "{ valuable partial bytes"
2026-10-02T10:49:59.6698438Z PASS ellie preserves present raw "{\"v\":2,\"pet\":{\"name\":\"Future\",\"species\":\"blorb\",\"colour\":\"meadow\"}}"
2026-10-02T10:49:59.6793862Z PASS ellie preserves present raw "{\"v\":1,\"pet\":{\"name\":\"Damaged\",\"species\":\"blorb\",\"colour\":\"meadow\"},\"stats\":\"broken\"}"
2026-10-02T10:49:59.6873258Z PASS kieran preserves present raw ""
2026-10-02T10:49:59.6953081Z PASS kieran preserves present raw "null"
2026-10-02T10:49:59.7032306Z PASS kieran preserves present raw "[]"
2026-10-02T10:49:59.7112219Z PASS kieran preserves present raw "0"
2026-10-02T10:49:59.7192652Z PASS kieran preserves present raw "  "
2026-10-02T10:49:59.7272763Z PASS kieran preserves present raw "{ valuable partial bytes"
2026-10-02T10:49:59.7375138Z PASS kieran preserves present raw "{\"v\":2,\"pet\":{\"name\":\"Future\",\"species\":\"blorb\",\"colour\":\"meadow\"}}"
2026-10-02T10:49:59.7456472Z PASS kieran preserves present raw "{\"v\":1,\"pet\":{\"name\":\"Damaged\",\"species\":\"blorb\",\"colour\":\"meadow\"},\"stats\":\"broken\"}"
2026-10-02T10:49:59.7537310Z PASS shannon preserves present raw ""
2026-10-02T10:49:59.7616652Z PASS shannon preserves present raw "null"
2026-10-02T10:49:59.7696597Z PASS shannon preserves present raw "[]"
2026-10-02T10:49:59.7776214Z PASS shannon preserves present raw "0"
2026-10-02T10:49:59.7856825Z PASS shannon preserves present raw "  "
2026-10-02T10:49:59.7936826Z PASS shannon preserves present raw "{ valuable partial bytes"
2026-10-02T10:49:59.8035090Z PASS shannon preserves present raw "{\"v\":2,\"pet\":{\"name\":\"Future\",\"species\":\"blorb\",\"colour\":\"meadow\"}}"
2026-10-02T10:49:59.8116031Z PASS shannon preserves present raw "{\"v\":1,\"pet\":{\"name\":\"Damaged\",\"species\":\"blorb\",\"colour\":\"meadow\"},\"stats\":\"broken\"}"
2026-10-02T10:49:59.8195192Z PASS tristan preserves present raw ""
2026-10-02T10:49:59.8274744Z PASS tristan preserves present raw "null"
2026-10-02T10:49:59.8354399Z PASS tristan preserves present raw "[]"
2026-10-02T10:49:59.8437375Z PASS tristan preserves present raw "0"
2026-10-02T10:49:59.8517289Z PASS tristan preserves present raw "  "
2026-10-02T10:49:59.8620199Z PASS tristan preserves present raw "{ valuable partial bytes"
2026-10-02T10:49:59.8700393Z PASS tristan preserves present raw "{\"v\":2,\"pet\":{\"name\":\"Future\",\"species\":\"blorb\",\"colour\":\"meadow\"}}"
2026-10-02T10:49:59.8780360Z PASS tristan preserves present raw "{\"v\":1,\"pet\":{\"name\":\"Damaged\",\"species\":\"blorb\",\"colour\":\"meadow\"},\"stats\":\"broken\"}"
2026-10-02T10:49:59.8859742Z PASS guest preserves present raw ""
2026-10-02T10:49:59.8939416Z PASS guest preserves present raw "null"
2026-10-02T10:49:59.9019973Z PASS guest preserves present raw "[]"
2026-10-02T10:49:59.9100439Z PASS guest preserves present raw "0"
2026-10-02T10:49:59.9200876Z PASS guest preserves present raw "  "
2026-10-02T10:49:59.9280624Z PASS guest preserves present raw "{ valuable partial bytes"
2026-10-02T10:49:59.9361280Z PASS guest preserves present raw "{\"v\":2,\"pet\":{\"name\":\"Future\",\"species\":\"blorb\",\"colour\":\"meadow\"}}"
2026-10-02T10:49:59.9440333Z PASS guest preserves present raw "{\"v\":1,\"pet\":{\"name\":\"Damaged\",\"species\":\"blorb\",\"colour\":\"meadow\"},\"stats\":\"broken\"}"
2026-10-02T10:49:59.9520388Z PASS jeannie respects reset marker "1"
2026-10-02T10:49:59.9599842Z PASS jeannie respects reset marker ""
2026-10-02T10:49:59.9681794Z PASS jeannie respects reset marker "0"
2026-10-02T10:49:59.9782958Z PASS cory respects reset marker "1"
2026-10-02T10:49:59.9861313Z PASS cory respects reset marker ""
2026-10-02T10:49:59.9939647Z PASS cory respects reset marker "0"
2026-10-02T10:50:00.0019887Z PASS ellie respects reset marker "1"
2026-10-02T10:50:00.0100080Z PASS ellie respects reset marker ""
2026-10-02T10:50:00.0180516Z PASS ellie respects reset marker "0"
2026-10-02T10:50:00.0260901Z PASS kieran respects reset marker "1"
2026-10-02T10:50:00.0362180Z PASS kieran respects reset marker ""
2026-10-02T10:50:00.0448983Z PASS kieran respects reset marker "0"
2026-10-02T10:50:00.0529361Z PASS shannon respects reset marker "1"
2026-10-02T10:50:00.0608904Z PASS shannon respects reset marker ""
2026-10-02T10:50:00.0688631Z PASS shannon respects reset marker "0"
2026-10-02T10:50:00.0769304Z PASS tristan respects reset marker "1"
2026-10-02T10:50:00.0849695Z PASS tristan respects reset marker ""
2026-10-02T10:50:00.0948607Z PASS tristan respects reset marker "0"
2026-10-02T10:50:00.1030380Z PASS guest respects reset marker "1"
2026-10-02T10:50:00.1110337Z PASS guest respects reset marker ""
2026-10-02T10:50:00.1190238Z PASS guest respects reset marker "0"
2026-10-02T10:50:00.1278063Z PASS jeannie isolates set failure at craepets.house.v1.jeannie
2026-10-02T10:50:00.1358048Z PASS jeannie isolates get failure at craepets.house.v1.jeannie
2026-10-02T10:50:00.1436888Z PASS jeannie isolates get failure at craepets.v1.jeannie
2026-10-02T10:50:00.1534327Z PASS jeannie isolates get failure at craepets.house.reset.jeannie
2026-10-02T10:50:00.1614002Z PASS cory isolates set failure at craepets.house.v1.cory
2026-10-02T10:50:00.1692949Z PASS cory isolates get failure at craepets.house.v1.cory
2026-10-02T10:50:00.1772173Z PASS cory isolates get failure at craepets.v1.cory
2026-10-02T10:50:00.1851634Z PASS cory isolates get failure at craepets.house.reset.cory
2026-10-02T10:50:00.1934892Z PASS ellie isolates set failure at craepets.house.v1.ellie
2026-10-02T10:50:00.2016731Z PASS ellie isolates get failure at craepets.house.v1.ellie
2026-10-02T10:50:00.2152613Z PASS ellie isolates get failure at craepets.v1.ellie
2026-10-02T10:50:00.2232109Z PASS ellie isolates get failure at craepets.house.reset.ellie
2026-10-02T10:50:00.2314702Z PASS kieran isolates set failure at craepets.house.v1.kieran
2026-10-02T10:50:00.2394210Z PASS kieran isolates get failure at craepets.house.v1.kieran
2026-10-02T10:50:00.2474019Z PASS kieran isolates get failure at craepets.v1.kieran
2026-10-02T10:50:00.2553299Z PASS kieran isolates get failure at craepets.house.reset.kieran
2026-10-02T10:50:00.2635130Z PASS shannon isolates set failure at craepets.house.v1.shannon
2026-10-02T10:50:00.2714600Z PASS shannon isolates get failure at craepets.house.v1.shannon
2026-10-02T10:50:00.2808725Z PASS shannon isolates get failure at craepets.v1.shannon
2026-10-02T10:50:00.2888793Z PASS shannon isolates get failure at craepets.house.reset.shannon
2026-10-02T10:50:00.2970504Z PASS tristan isolates set failure at craepets.house.v1.tristan
2026-10-02T10:50:00.3049641Z PASS tristan isolates get failure at craepets.house.v1.tristan
2026-10-02T10:50:00.3128919Z PASS tristan isolates get failure at craepets.v1.tristan
2026-10-02T10:50:00.3210145Z PASS tristan isolates get failure at craepets.house.reset.tristan
2026-10-02T10:50:00.3292376Z PASS guest isolates set failure at craepets.house.v1.guest
2026-10-02T10:50:00.3393090Z PASS guest isolates get failure at craepets.house.v1.guest
2026-10-02T10:50:00.3473575Z PASS guest isolates get failure at craepets.v1.guest
2026-10-02T10:50:00.3553995Z PASS guest isolates get failure at craepets.house.reset.guest
2026-10-02T10:50:00.3646233Z PASS waits for preparation; then seeds all seven without losing earned progress
2026-10-02T10:50:00.3728376Z PASS jeannie normalizes legacy original only in new house slot
2026-10-02T10:50:00.3809338Z PASS cory normalizes legacy original only in new house slot
2026-10-02T10:50:00.3890770Z PASS ellie normalizes legacy original only in new house slot
2026-10-02T10:50:00.3990929Z PASS kieran normalizes legacy original only in new house slot
2026-10-02T10:50:00.4072604Z PASS shannon normalizes legacy original only in new house slot
2026-10-02T10:50:00.4154010Z PASS tristan normalizes legacy original only in new house slot
2026-10-02T10:50:00.4234932Z PASS guest normalizes legacy original only in new house slot
2026-10-02T10:50:00.4318561Z PASS jeannie rechecks newer slot after preparation
2026-10-02T10:50:00.4400694Z PASS jeannie rechecks newer reset after preparation
2026-10-02T10:50:00.4483297Z PASS cory rechecks newer slot after preparation
2026-10-02T10:50:00.4585483Z PASS cory rechecks newer reset after preparation
2026-10-02T10:50:00.4669866Z PASS ellie rechecks newer slot after preparation
2026-10-02T10:50:00.4752264Z PASS ellie rechecks newer reset after preparation
2026-10-02T10:50:00.4835354Z PASS kieran rechecks newer slot after preparation
2026-10-02T10:50:00.4917670Z PASS kieran rechecks newer reset after preparation
2026-10-02T10:50:00.5001288Z PASS shannon rechecks newer slot after preparation
2026-10-02T10:50:00.5087167Z PASS shannon rechecks newer reset after preparation
2026-10-02T10:50:00.5192100Z PASS tristan rechecks newer slot after preparation
2026-10-02T10:50:00.5275079Z PASS tristan rechecks newer reset after preparation
2026-10-02T10:50:00.5356112Z PASS guest rechecks newer slot after preparation
2026-10-02T10:50:00.5436948Z PASS guest rechecks newer reset after preparation
2026-10-02T10:50:00.5496713Z PASS shared game mode never seeds even on explicit request
2026-10-02T10:50:00.5559534Z PASS export-only page does not seed or change selection/preferences
2026-10-02T10:50:00.5637014Z PASS existing selection and voice are preserved
2026-10-02T10:50:00.5716226Z PASS unknown original selection cannot redirect outside real profiles
2026-10-02T10:50:00.5819015Z PASS metadata write failure preserves valid new copies: craepets.house.who
2026-10-02T10:50:00.5900512Z PASS metadata write failure preserves valid new copies: craepets.house.voice
2026-10-02T10:50:00.5996823Z PASS unacknowledged copy is not reported successful
2026-10-02T10:50:00.6054426Z PASS completed pending recovery suppresses automatic recopy
2026-10-02T10:50:00.6056410Z PASS house auto-seeding: 268 production checks across seven profiles; deep source admission, every present raw target, reset/game/recovery controls, delayed registration and storage failures.
2026-10-02T10:50:00.6229235Z PASS: craepets-auto-seeding.cjs (2.3s)
2026-10-02T10:50:00.6229613Z 
2026-10-02T10:50:00.6229874Z --- craepets-auto-seeding-browser.cjs ---
2026-10-02T10:50:04.1460034Z PASS auto-seeding Chromium Desktop: actual startup, damaged sibling/malformed source/reset/quota isolation, all seven original profiles, legacy defaults, real learning/reload, shared mode and downloaded export.
2026-10-02T10:50:06.6914021Z PASS auto-seeding Chromium iPad: actual startup, damaged sibling/malformed source/reset/quota isolation, all seven original profiles, legacy defaults, real learning/reload, shared mode and downloaded export.
2026-10-02T10:50:09.1575037Z PASS auto-seeding Chromium iPhone: actual startup, damaged sibling/malformed source/reset/quota isolation, all seven original profiles, legacy defaults, real learning/reload, shared mode and downloaded export.
2026-10-02T10:50:09.2518778Z PASS: craepets-auto-seeding-browser.cjs (8.6s)
2026-10-02T10:50:09.2519534Z 
2026-10-02T10:50:09.2519841Z --- craepets-family-restore.cjs ---
2026-10-02T10:50:09.2980594Z PASS jeannie rejects stats string
2026-10-02T10:50:09.3064148Z PASS jeannie rejects fractional house
2026-10-02T10:50:09.3142383Z PASS jeannie rejects review null
2026-10-02T10:50:09.3217233Z PASS jeannie rejects bag count string
2026-10-02T10:50:09.3281949Z PASS jeannie rejects subject stats string
2026-10-02T10:50:09.3355486Z PASS jeannie rejects room array
2026-10-02T10:50:09.3428126Z PASS jeannie rejects pet unknown species
2026-10-02T10:50:09.3498751Z PASS jeannie rejects pet unknown colour
2026-10-02T10:50:09.3574679Z PASS jeannie rejects blank name
2026-10-02T10:50:09.3642276Z PASS jeannie rejects invalid needs
2026-10-02T10:50:09.3718030Z PASS jeannie rejects bad diary
2026-10-02T10:50:09.3784845Z PASS jeannie rejects mail markup shape
2026-10-02T10:50:09.3868980Z PASS jeannie rejects invalid quest
2026-10-02T10:50:09.3934200Z PASS jeannie rejects bad coins
2026-10-02T10:50:09.4000813Z PASS jeannie rejects bad bank
2026-10-02T10:50:09.4074758Z PASS jeannie rejects seen string
2026-10-02T10:50:09.4145897Z PASS jeannie rejects pet array
2026-10-02T10:50:09.4224932Z PASS jeannie rejects bad version
2026-10-02T10:50:09.4292386Z PASS jeannie rejects review answer
2026-10-02T10:50:09.4369699Z PASS cory rejects stats string
2026-10-02T10:50:09.4446714Z PASS cory rejects fractional house
2026-10-02T10:50:09.4538146Z PASS cory rejects review null
2026-10-02T10:50:09.4607067Z PASS cory rejects bag count string
2026-10-02T10:50:09.4709493Z PASS cory rejects subject stats string
2026-10-02T10:50:09.4776712Z PASS cory rejects room array
2026-10-02T10:50:09.4842170Z PASS cory rejects pet unknown species
2026-10-02T10:50:09.4907711Z PASS cory rejects pet unknown colour
2026-10-02T10:50:09.4972972Z PASS cory rejects blank name
2026-10-02T10:50:09.5039745Z PASS cory rejects invalid needs
2026-10-02T10:50:09.5113843Z PASS cory rejects bad diary
2026-10-02T10:50:09.5181080Z PASS cory rejects mail markup shape
2026-10-02T10:50:09.5246939Z PASS cory rejects invalid quest
2026-10-02T10:50:09.5312230Z PASS cory rejects bad coins
2026-10-02T10:50:09.5400495Z PASS cory rejects bad bank
2026-10-02T10:50:09.5466592Z PASS cory rejects seen string
2026-10-02T10:50:09.5527707Z PASS cory rejects pet array
2026-10-02T10:50:09.5590012Z PASS cory rejects bad version
2026-10-02T10:50:09.5661502Z PASS cory rejects review answer
2026-10-02T10:50:09.5736968Z PASS ellie rejects stats string
2026-10-02T10:50:09.5812635Z PASS ellie rejects fractional house
2026-10-02T10:50:09.5888406Z PASS ellie rejects review null
2026-10-02T10:50:09.5964865Z PASS ellie rejects bag count string
2026-10-02T10:50:09.6054201Z PASS ellie rejects subject stats string
2026-10-02T10:50:09.6122451Z PASS ellie rejects room array
2026-10-02T10:50:09.6189683Z PASS ellie rejects pet unknown species
2026-10-02T10:50:09.6257358Z PASS ellie rejects pet unknown colour
2026-10-02T10:50:09.6327843Z PASS ellie rejects blank name
2026-10-02T10:50:09.6413011Z PASS ellie rejects invalid needs
2026-10-02T10:50:09.6490348Z PASS ellie rejects bad diary
2026-10-02T10:50:09.6568330Z PASS ellie rejects mail markup shape
2026-10-02T10:50:09.6670564Z PASS ellie rejects invalid quest
2026-10-02T10:50:09.6740337Z PASS ellie rejects bad coins
2026-10-02T10:50:09.6809170Z PASS ellie rejects bad bank
2026-10-02T10:50:09.6879315Z PASS ellie rejects seen string
2026-10-02T10:50:09.6942782Z PASS ellie rejects pet array
2026-10-02T10:50:09.7005768Z PASS ellie rejects bad version
2026-10-02T10:50:09.7075492Z PASS ellie rejects review answer
2026-10-02T10:50:09.7147349Z PASS kieran rejects stats string
2026-10-02T10:50:09.7219590Z PASS kieran rejects fractional house
2026-10-02T10:50:09.7316113Z PASS kieran rejects review null
2026-10-02T10:50:09.7387990Z PASS kieran rejects bag count string
2026-10-02T10:50:09.7458831Z PASS kieran rejects subject stats string
2026-10-02T10:50:09.7531023Z PASS kieran rejects room array
2026-10-02T10:50:09.7601260Z PASS kieran rejects pet unknown species
2026-10-02T10:50:09.7671812Z PASS kieran rejects pet unknown colour
2026-10-02T10:50:09.7742751Z PASS kieran rejects blank name
2026-10-02T10:50:09.7815339Z PASS kieran rejects invalid needs
2026-10-02T10:50:09.7914250Z PASS kieran rejects bad diary
2026-10-02T10:50:09.7986894Z PASS kieran rejects mail markup shape
2026-10-02T10:50:09.8058574Z PASS kieran rejects invalid quest
2026-10-02T10:50:09.8128617Z PASS kieran rejects bad coins
2026-10-02T10:50:09.8199622Z PASS kieran rejects bad bank
2026-10-02T10:50:09.8271761Z PASS kieran rejects seen string
2026-10-02T10:50:09.8336013Z PASS kieran rejects pet array
2026-10-02T10:50:09.8399493Z PASS kieran rejects bad version
2026-10-02T10:50:09.8472374Z PASS kieran rejects review answer
2026-10-02T10:50:09.8571812Z PASS shannon rejects stats string
2026-10-02T10:50:09.8645426Z PASS shannon rejects fractional house
2026-10-02T10:50:09.8719439Z PASS shannon rejects review null
2026-10-02T10:50:09.8793601Z PASS shannon rejects bag count string
2026-10-02T10:50:09.8866832Z PASS shannon rejects subject stats string
2026-10-02T10:50:09.8941214Z PASS shannon rejects room array
2026-10-02T10:50:09.9013606Z PASS shannon rejects pet unknown species
2026-10-02T10:50:09.9085822Z PASS shannon rejects pet unknown colour
2026-10-02T10:50:09.9214650Z PASS shannon rejects blank name
2026-10-02T10:50:09.9287453Z PASS shannon rejects invalid needs
2026-10-02T10:50:09.9360708Z PASS shannon rejects bad diary
2026-10-02T10:50:09.9433196Z PASS shannon rejects mail markup shape
2026-10-02T10:50:09.9506699Z PASS shannon rejects invalid quest
2026-10-02T10:50:09.9578671Z PASS shannon rejects bad coins
2026-10-02T10:50:09.9650770Z PASS shannon rejects bad bank
2026-10-02T10:50:09.9723020Z PASS shannon rejects seen string
2026-10-02T10:50:09.9786026Z PASS shannon rejects pet array
2026-10-02T10:50:09.9847641Z PASS shannon rejects bad version
2026-10-02T10:50:09.9935685Z PASS shannon rejects review answer
2026-10-02T10:50:10.0008181Z PASS tristan rejects stats string
2026-10-02T10:50:10.0081718Z PASS tristan rejects fractional house
2026-10-02T10:50:10.0157154Z PASS tristan rejects review null
2026-10-02T10:50:10.0230370Z PASS tristan rejects bag count string
2026-10-02T10:50:10.0303922Z PASS tristan rejects subject stats string
2026-10-02T10:50:10.0377509Z PASS tristan rejects room array
2026-10-02T10:50:10.0450935Z PASS tristan rejects pet unknown species
2026-10-02T10:50:10.0549111Z PASS tristan rejects pet unknown colour
2026-10-02T10:50:10.0622334Z PASS tristan rejects blank name
2026-10-02T10:50:10.0695668Z PASS tristan rejects invalid needs
2026-10-02T10:50:10.0768454Z PASS tristan rejects bad diary
2026-10-02T10:50:10.0841940Z PASS tristan rejects mail markup shape
2026-10-02T10:50:10.0915539Z PASS tristan rejects invalid quest
2026-10-02T10:50:10.0987807Z PASS tristan rejects bad coins
2026-10-02T10:50:10.1061135Z PASS tristan rejects bad bank
2026-10-02T10:50:10.1135154Z PASS tristan rejects seen string
2026-10-02T10:50:10.1216657Z PASS tristan rejects pet array
2026-10-02T10:50:10.1278097Z PASS tristan rejects bad version
2026-10-02T10:50:10.1351611Z PASS tristan rejects review answer
2026-10-02T10:50:10.1425733Z PASS guest rejects stats string
2026-10-02T10:50:10.1501157Z PASS guest rejects fractional house
2026-10-02T10:50:10.1576442Z PASS guest rejects review null
2026-10-02T10:50:10.1652276Z PASS guest rejects bag count string
2026-10-02T10:50:10.1727620Z PASS guest rejects subject stats string
2026-10-02T10:50:10.1823299Z PASS guest rejects room array
2026-10-02T10:50:10.1897700Z PASS guest rejects pet unknown species
2026-10-02T10:50:10.1971212Z PASS guest rejects pet unknown colour
2026-10-02T10:50:10.2045063Z PASS guest rejects blank name
2026-10-02T10:50:10.2120679Z PASS guest rejects invalid needs
2026-10-02T10:50:10.2195903Z PASS guest rejects bad diary
2026-10-02T10:50:10.2270624Z PASS guest rejects mail markup shape
2026-10-02T10:50:10.2345886Z PASS guest rejects invalid quest
2026-10-02T10:50:10.2439697Z PASS guest rejects bad coins
2026-10-02T10:50:10.2514043Z PASS guest rejects bad bank
2026-10-02T10:50:10.2589048Z PASS guest rejects seen string
2026-10-02T10:50:10.2651373Z PASS guest rejects pet array
2026-10-02T10:50:10.2713496Z PASS guest rejects bad version
2026-10-02T10:50:10.2789395Z PASS guest rejects review answer
2026-10-02T10:50:10.2849598Z PASS invalid JSON
2026-10-02T10:50:10.2908363Z PASS empty family
2026-10-02T10:50:10.2987162Z PASS unknown ID
2026-10-02T10:50:10.3046098Z PASS array profiles
2026-10-02T10:50:10.3105159Z PASS unsupported family version
2026-10-02T10:50:10.3214310Z PASS prepare is detached; all seven profiles retain tier, progress and namespaces
2026-10-02T10:50:10.3276830Z PASS jeannie legacy single-pet normalization
2026-10-02T10:50:10.3338942Z PASS cory legacy single-pet normalization
2026-10-02T10:50:10.3401340Z PASS ellie legacy single-pet normalization
2026-10-02T10:50:10.3464478Z PASS kieran legacy single-pet normalization
2026-10-02T10:50:10.3527366Z PASS shannon legacy single-pet normalization
2026-10-02T10:50:10.3589181Z PASS tristan legacy single-pet normalization
2026-10-02T10:50:10.3674233Z PASS guest legacy single-pet normalization
2026-10-02T10:50:10.3755999Z PASS jeannie failed target write restores all original bytes
2026-10-02T10:50:10.3834032Z PASS cory failed target write restores all original bytes
2026-10-02T10:50:10.3911921Z PASS ellie failed target write restores all original bytes
2026-10-02T10:50:10.3989899Z PASS kieran failed target write restores all original bytes
2026-10-02T10:50:10.4067588Z PASS shannon failed target write restores all original bytes
2026-10-02T10:50:10.4148396Z PASS tristan failed target write restores all original bytes
2026-10-02T10:50:10.4255580Z PASS guest failed target write restores all original bytes
2026-10-02T10:50:10.4334745Z PASS failure at craepets.house.import-recovery.v1
2026-10-02T10:50:10.4413272Z PASS failure at craepets.house.reset.cory
2026-10-02T10:50:10.4492449Z PASS failure at craepets.house.who
2026-10-02T10:50:10.4576386Z PASS size quota rollback frees changed pets before restoring larger old bytes
2026-10-02T10:50:10.4714775Z PASS persistent rollback failure preserves journal, blocks writes and recovers on next boot
2026-10-02T10:50:10.5337610Z PASS full/malformed/foreign-key journals safely refuse imports
2026-10-02T10:50:10.5395990Z PASS pending recovery failure blocks boot auto-copy
2026-10-02T10:50:10.5475964Z PASS pending journal acknowledgment failure refuses import without stale writes
2026-10-02T10:50:10.5618114Z PASS completed journal acknowledgment failure reports uncertainty and pauses stale engine
2026-10-02T10:50:10.5674171Z PASS pending boot preserves exact damaged previous bytes instead of automatic recopy
2026-10-02T10:50:10.5675914Z PASS family restore: 163 production checks; seven profile namespaces, malformed state, exact-byte recovery, real size quota and interrupted recovery.
2026-10-02T10:50:10.5814264Z PASS: craepets-family-restore.cjs (1.3s)
2026-10-02T10:50:10.5814768Z 
2026-10-02T10:50:10.5815523Z --- craepets-family-restore-browser.cjs ---
2026-10-02T10:50:13.9486567Z PASS family restore Chromium Desktop: real file preview/apply, seven profiles, literal text, quota retry, interrupted recovery/reload, original export and isolation.
2026-10-02T10:50:16.3651946Z PASS family restore Chromium iPad: real file preview/apply, seven profiles, literal text, quota retry, interrupted recovery/reload, original export and isolation.
2026-10-02T10:50:18.7471875Z PASS family restore Chromium iPhone: real file preview/apply, seven profiles, literal text, quota retry, interrupted recovery/reload, original export and isolation.
2026-10-02T10:50:18.8419478Z PASS: craepets-family-restore-browser.cjs (8.3s)
2026-10-02T10:50:18.8420199Z 
2026-10-02T10:50:18.8420590Z --- post-office-storage.cjs ---
2026-10-02T10:50:18.8683279Z PASS normal saves and key ordering do not create recovery copies
2026-10-02T10:50:18.8696277Z PASS all six drafts and valid family mail survive mixed damage without read-time writes
2026-10-02T10:50:18.8699830Z PASS invalid letter 0 cannot hide a valid sibling
2026-10-02T10:50:18.8701054Z PASS invalid letter 1 cannot hide a valid sibling
2026-10-02T10:50:18.8702341Z PASS invalid letter 2 cannot hide a valid sibling
2026-10-02T10:50:18.8703944Z PASS invalid letter 3 cannot hide a valid sibling
2026-10-02T10:50:18.8706405Z PASS invalid letter 4 cannot hide a valid sibling
2026-10-02T10:50:18.8708254Z PASS invalid letter 5 cannot hide a valid sibling
2026-10-02T10:50:18.8710790Z PASS invalid letter 6 cannot hide a valid sibling
2026-10-02T10:50:18.8714597Z PASS invalid letter 7 cannot hide a valid sibling
2026-10-02T10:50:18.8717046Z PASS invalid letter 8 cannot hide a valid sibling
2026-10-02T10:50:18.8718477Z PASS invalid letter 9 cannot hide a valid sibling
2026-10-02T10:50:18.8719824Z PASS invalid letter 10 cannot hide a valid sibling
2026-10-02T10:50:18.8720953Z PASS invalid letter 11 cannot hide a valid sibling
2026-10-02T10:50:18.8727274Z PASS invalid letter 12 cannot hide a valid sibling
2026-10-02T10:50:18.8728051Z PASS invalid letter 13 cannot hide a valid sibling
2026-10-02T10:50:18.8729280Z PASS invalid letter 14 cannot hide a valid sibling
2026-10-02T10:50:18.8730315Z PASS invalid letter 15 cannot hide a valid sibling
2026-10-02T10:50:18.8731398Z PASS invalid letter 16 cannot hide a valid sibling
2026-10-02T10:50:18.8732566Z PASS invalid letter 17 cannot hide a valid sibling
2026-10-02T10:50:18.8733416Z PASS invalid letter 18 cannot hide a valid sibling
2026-10-02T10:50:18.8734484Z PASS invalid letter 19 cannot hide a valid sibling
2026-10-02T10:50:18.8735474Z PASS invalid letter 20 cannot hide a valid sibling
2026-10-02T10:50:18.8736449Z PASS invalid letter 21 cannot hide a valid sibling
2026-10-02T10:50:18.8737579Z PASS invalid letter 22 cannot hide a valid sibling
2026-10-02T10:50:18.8738564Z PASS invalid letter 23 cannot hide a valid sibling
2026-10-02T10:50:18.8739913Z PASS invalid letter 24 cannot hide a valid sibling
2026-10-02T10:50:18.8740892Z PASS invalid letter 25 cannot hide a valid sibling
2026-10-02T10:50:18.8741924Z PASS invalid letter 26 cannot hide a valid sibling
2026-10-02T10:50:18.8742918Z PASS invalid letter 27 cannot hide a valid sibling
2026-10-02T10:50:18.8743917Z PASS invalid letter 28 cannot hide a valid sibling
2026-10-02T10:50:18.8744893Z PASS invalid letter 29 cannot hide a valid sibling
2026-10-02T10:50:18.8751500Z PASS invalid letter 30 cannot hide a valid sibling
2026-10-02T10:50:18.8752308Z PASS invalid letter 31 cannot hide a valid sibling
2026-10-02T10:50:18.8753235Z PASS invalid letter 32 cannot hide a valid sibling
2026-10-02T10:50:18.8754127Z PASS invalid letter 33 cannot hide a valid sibling
2026-10-02T10:50:18.8754896Z PASS invalid letter 34 cannot hide a valid sibling
2026-10-02T10:50:18.8755662Z PASS invalid letter 35 cannot hide a valid sibling
2026-10-02T10:50:18.8757388Z PASS malformed draft repair preserves jeannie text and isolates recipients
2026-10-02T10:50:18.8779971Z PASS malformed draft repair preserves cory text and isolates recipients
2026-10-02T10:50:18.8781055Z PASS malformed draft repair preserves ellie text and isolates recipients
2026-10-02T10:50:18.8781936Z PASS malformed draft repair preserves kieran text and isolates recipients
2026-10-02T10:50:18.8782551Z PASS malformed draft repair preserves shannon text and isolates recipients
2026-10-02T10:50:18.8783151Z PASS malformed draft repair preserves tristan text and isolates recipients
2026-10-02T10:50:18.8783705Z PASS bad draft body cannot reach trim and valid siblings survive
2026-10-02T10:50:18.8784162Z PASS old Dad draft migration uses only own known IDs
2026-10-02T10:50:18.8784648Z PASS unusable snapshot stays intact until protected repair: {broken
2026-10-02T10:50:18.8785185Z PASS unusable snapshot stays intact until protected repair: null
2026-10-02T10:50:18.8785686Z PASS unusable snapshot stays intact until protected repair: []
2026-10-02T10:50:18.8786234Z PASS unusable snapshot stays intact until protected repair: 45
2026-10-02T10:50:18.8786908Z PASS unusable snapshot stays intact until protected repair: "broken"
2026-10-02T10:50:18.8797942Z PASS backup quota failure refuses original overwrite and warns
2026-10-02T10:50:18.8798853Z PASS mailbag quota failure retains the already captured damaged bytes
2026-10-02T10:50:18.8799712Z PASS distinct recovery copies are append-only, deduplicated and bounded
2026-10-02T10:50:18.8800245Z PASS damaged recovery storage is never overwritten
2026-10-02T10:50:18.8800693Z PASS duplicate IDs cannot bind readers to multiple letters
2026-10-02T10:50:18.8801137Z Post Office storage regressions: 56 checks passed.
2026-10-02T10:50:18.8815207Z PASS: post-office-storage.cjs (0.0s)
2026-10-02T10:50:18.8815446Z 
2026-10-02T10:50:18.8815628Z --- post-office-storage-browser.cjs ---
2026-10-02T10:50:49.2891572Z ##[error]The operation was canceled.
2026-10-02T10:50:49.3031855Z Post job cleanup.
2026-10-02T10:50:49.3969943Z [command]/usr/bin/git version
2026-10-02T10:50:49.4011421Z git version 2.55.0
2026-10-02T10:50:49.4061651Z Temporarily overriding HOME='/home/runner/work/_temp/6337f266-d0cc-43b8-83b8-71331dcd83d9' before making global git config changes
2026-10-02T10:50:49.4063251Z Adding repository directory to the temporary git global config as a safe directory
2026-10-02T10:50:49.4067078Z [command]/usr/bin/git config --global --add safe.directory /home/runner/work/Kid-games/Kid-games
2026-10-02T10:50:49.4122168Z [command]/usr/bin/git config --local --name-only --get-regexp core\.sshCommand
2026-10-02T10:50:49.4201479Z [command]/usr/bin/git submodule foreach --recursive sh -c "git config --local --name-only --get-regexp 'core\.sshCommand' && git config --local --unset-all 'core.sshCommand' || :"
2026-10-02T10:50:49.4469181Z [command]/usr/bin/git config --local --name-only --get-regexp http\.https\:\/\/github\.com\/\.extraheader
2026-10-02T10:50:49.4511582Z http.https://github.com/.extraheader
2026-10-02T10:50:49.4522732Z [command]/usr/bin/git config --local --unset-all http.https://github.com/.extraheader
2026-10-02T10:50:49.4558134Z [command]/usr/bin/git submodule foreach --recursive sh -c "git config --local --name-only --get-regexp 'http\.https\:\/\/github\.com\/\.extraheader' && git config --local --unset-all 'http.https://github.com/.extraheader' || :"
2026-10-02T10:50:49.4824197Z [command]/usr/bin/git config --local --name-only --get-regexp ^includeIf\.gitdir:
2026-10-02T10:50:49.4860740Z [command]/usr/bin/git submodule foreach --recursive git config --local --show-origin --name-only --get-regexp remote.origin.url
2026-10-02T10:50:49.5325865Z Cleaning up orphan processes
2026-10-02T10:50:49.5711942Z Terminate orphan process: pid (3034) (npm run test:regressions)
2026-10-02T10:50:49.5753533Z Terminate orphan process: pid (3045) (sh)
2026-10-02T10:50:49.5780496Z Terminate orphan process: pid (3046) (node)
2026-10-02T10:50:49.5841010Z Terminate orphan process: pid (4175) (node)
2026-10-02T10:50:49.5872571Z Terminate orphan process: pid (4187) (chrome)
2026-10-02T10:50:49.5900902Z Terminate orphan process: pid (4189) (chrome_crashpad_handler)
2026-10-02T10:50:49.5930861Z Terminate orphan process: pid (4191) (chrome_crashpad_handler)
2026-10-02T10:50:49.6000016Z ##[warning]Node.js 20 is deprecated. The following actions target Node.js 20 but are being forced to run on Node.js 24: actions/checkout@v4, actions/setup-node@v4. For more information see: https://github.blog/changelog/2025-09-19-deprecation-of-node-20-on-github-actions-runners/
