2026-10-02T04:20:54.2492655Z Current runner version: '2.337.0'
2026-10-02T04:20:54.2526629Z ##[group]Runner Image Provisioner
2026-10-02T04:20:54.2527983Z Hosted Compute Agent
2026-10-02T04:20:54.2528924Z Version: 20260901.588
2026-10-02T04:20:54.2530090Z Commit: f88ec8081b781fac6c440065ac7ff9e710ce3d0b
2026-10-02T04:20:54.2531669Z Build Date: 2026-09-01T19:56:44Z
2026-10-02T04:20:54.2532727Z Worker ID: {99b1861e-2331-42f5-8e20-9341c939084c}
2026-10-02T04:20:54.2534085Z Azure Region: eastus
2026-10-02T04:20:54.2535018Z ##[endgroup]
2026-10-02T04:20:54.2537290Z ##[group]Operating System
2026-10-02T04:20:54.2538404Z Ubuntu
2026-10-02T04:20:54.2539204Z 24.04.5
2026-10-02T04:20:54.2540113Z LTS
2026-10-02T04:20:54.2541253Z ##[endgroup]
2026-10-02T04:20:54.2542265Z ##[group]Runner Image
2026-10-02T04:20:54.2543238Z Image: ubuntu-24.04
2026-10-02T04:20:54.2544165Z Version: 20260927.320.1
2026-10-02T04:20:54.2546342Z Included Software: https://github.com/actions/runner-images/blob/ubuntu24/20260927.320/images/ubuntu/Ubuntu2404-Readme.md
2026-10-02T04:20:54.2549088Z Image Release: https://github.com/actions/runner-images/releases/tag/ubuntu24%2F20260927.320
2026-10-02T04:20:54.2550993Z ##[endgroup]
2026-10-02T04:20:54.2552933Z ##[group]GITHUB_TOKEN Permissions
2026-10-02T04:20:54.2555600Z Contents: read
2026-10-02T04:20:54.2556480Z Metadata: read
2026-10-02T04:20:54.2557506Z ##[endgroup]
2026-10-02T04:20:54.2560539Z Secret source: Actions
2026-10-02T04:20:54.2562552Z Cache mode: write
2026-10-02T04:20:54.2563629Z Prepare workflow directory
2026-10-02T04:20:54.3137231Z Prepare all required actions
2026-10-02T04:20:54.3209721Z Getting action download info
2026-10-02T04:20:54.5133507Z Download action repository 'actions/checkout@v4' (SHA:11d5960a326750d5838078e36cf38b85af677262)
2026-10-02T04:20:54.6258191Z Download action repository 'actions/setup-node@v4' (SHA:49933ea5288caeca8642d1e84afbd3f7d6820020)
2026-10-02T04:20:54.8090343Z Complete job name: regressions
2026-10-02T04:20:54.8862782Z ##[group]Run actions/checkout@v4
2026-10-02T04:20:54.8863651Z with:
2026-10-02T04:20:54.8864133Z   repository: trimcrae/Kid-games
2026-10-02T04:20:54.8867927Z   token: ***
2026-10-02T04:20:54.8868366Z   ssh-strict: true
2026-10-02T04:20:54.8868806Z   ssh-user: git
2026-10-02T04:20:54.8869262Z   persist-credentials: true
2026-10-02T04:20:54.8869754Z   clean: true
2026-10-02T04:20:54.8870214Z   sparse-checkout-cone-mode: true
2026-10-02T04:20:54.8870940Z   fetch-depth: 1
2026-10-02T04:20:54.8871384Z   fetch-tags: false
2026-10-02T04:20:54.8871829Z   show-progress: true
2026-10-02T04:20:54.8872281Z   lfs: false
2026-10-02T04:20:54.8872693Z   submodules: false
2026-10-02T04:20:54.8873144Z   set-safe-directory: true
2026-10-02T04:20:54.8873643Z   allow-unsafe-pr-checkout: false
2026-10-02T04:20:54.8874420Z ##[endgroup]
2026-10-02T04:20:54.9885204Z Syncing repository: trimcrae/Kid-games
2026-10-02T04:20:54.9887620Z ##[group]Getting Git version info
2026-10-02T04:20:54.9888935Z Working directory is '/home/runner/work/Kid-games/Kid-games'
2026-10-02T04:20:54.9890628Z [command]/usr/bin/git version
2026-10-02T04:20:54.9982529Z git version 2.55.0
2026-10-02T04:20:55.0011199Z ##[endgroup]
2026-10-02T04:20:55.0031869Z Temporarily overriding HOME='/home/runner/work/_temp/76082b52-e03c-471a-a50e-7894fefc5f69' before making global git config changes
2026-10-02T04:20:55.0034214Z Adding repository directory to the temporary git global config as a safe directory
2026-10-02T04:20:55.0039347Z [command]/usr/bin/git config --global --add safe.directory /home/runner/work/Kid-games/Kid-games
2026-10-02T04:20:55.0091477Z Deleting the contents of '/home/runner/work/Kid-games/Kid-games'
2026-10-02T04:20:55.0100118Z ##[group]Initializing the repository
2026-10-02T04:20:55.0101666Z [command]/usr/bin/git init /home/runner/work/Kid-games/Kid-games
2026-10-02T04:20:55.0218792Z hint: Using 'master' as the name for the initial branch. This default branch name
2026-10-02T04:20:55.0220579Z hint: will change to "main" in Git 3.0. To configure the initial branch name
2026-10-02T04:20:55.0222376Z hint: to use in all of your new repositories, which will suppress this warning,
2026-10-02T04:20:55.0224020Z hint: call:
2026-10-02T04:20:55.0224687Z hint:
2026-10-02T04:20:55.0225478Z hint: 	git config --global init.defaultBranch <name>
2026-10-02T04:20:55.0226458Z hint:
2026-10-02T04:20:55.0227373Z hint: Names commonly chosen instead of 'master' are 'main', 'trunk' and
2026-10-02T04:20:55.0228952Z hint: 'development'. The just-created branch can be renamed via this command:
2026-10-02T04:20:55.0230186Z hint:
2026-10-02T04:20:55.0231048Z hint: 	git branch -m <name>
2026-10-02T04:20:55.0231829Z hint:
2026-10-02T04:20:55.0232861Z hint: Disable this message with "git config set advice.defaultBranchName false"
2026-10-02T04:20:55.0234635Z Initialized empty Git repository in /home/runner/work/Kid-games/Kid-games/.git/
2026-10-02T04:20:55.0237208Z [command]/usr/bin/git remote add origin https://github.com/trimcrae/Kid-games
2026-10-02T04:20:55.0284945Z ##[endgroup]
2026-10-02T04:20:55.0286451Z ##[group]Disabling automatic garbage collection
2026-10-02T04:20:55.0287849Z [command]/usr/bin/git config --local gc.auto 0
2026-10-02T04:20:55.0320254Z ##[endgroup]
2026-10-02T04:20:55.0321951Z ##[group]Setting up auth
2026-10-02T04:20:55.0327696Z [command]/usr/bin/git config --local --name-only --get-regexp core\.sshCommand
2026-10-02T04:20:55.0361256Z [command]/usr/bin/git submodule foreach --recursive sh -c "git config --local --name-only --get-regexp 'core\.sshCommand' && git config --local --unset-all 'core.sshCommand' || :"
2026-10-02T04:20:55.0775353Z [command]/usr/bin/git config --local --name-only --get-regexp http\.https\:\/\/github\.com\/\.extraheader
2026-10-02T04:20:55.0814920Z [command]/usr/bin/git submodule foreach --recursive sh -c "git config --local --name-only --get-regexp 'http\.https\:\/\/github\.com\/\.extraheader' && git config --local --unset-all 'http.https://github.com/.extraheader' || :"
2026-10-02T04:20:55.1040039Z [command]/usr/bin/git config --local --name-only --get-regexp ^includeIf\.gitdir:
2026-10-02T04:20:55.1075858Z [command]/usr/bin/git submodule foreach --recursive git config --local --show-origin --name-only --get-regexp remote.origin.url
2026-10-02T04:20:55.1297905Z [command]/usr/bin/git config --local http.https://github.com/.extraheader AUTHORIZATION: basic ***
2026-10-02T04:20:55.1337721Z ##[endgroup]
2026-10-02T04:20:55.1347052Z ##[group]Fetching the repository
2026-10-02T04:20:55.1348623Z [command]/usr/bin/git -c protocol.version=2 fetch --no-tags --prune --no-recurse-submodules --depth=1 origin +c6234f458acd96eb28741f5d43ce2cad281a5573:refs/remotes/pull/6/merge
2026-10-02T04:21:06.3020233Z From https://github.com/trimcrae/Kid-games
2026-10-02T04:21:06.3022695Z  * [new ref]         c6234f458acd96eb28741f5d43ce2cad281a5573 -> pull/6/merge
2026-10-02T04:21:06.3034667Z ##[endgroup]
2026-10-02T04:21:06.3036411Z ##[group]Determining the checkout info
2026-10-02T04:21:06.3037680Z ##[endgroup]
2026-10-02T04:21:06.3038499Z [command]/usr/bin/git sparse-checkout disable
2026-10-02T04:21:06.3099578Z [command]/usr/bin/git config --local --unset-all extensions.worktreeConfig
2026-10-02T04:21:06.3157913Z ##[group]Checking out the ref
2026-10-02T04:21:06.3161654Z [command]/usr/bin/git checkout --progress --force refs/remotes/pull/6/merge
2026-10-02T04:21:07.1757129Z Note: switching to 'refs/remotes/pull/6/merge'.
2026-10-02T04:21:07.1757774Z 
2026-10-02T04:21:07.1758197Z You are in 'detached HEAD' state. You can look around, make experimental
2026-10-02T04:21:07.1759185Z changes and commit them, and you can discard any commits you make in this
2026-10-02T04:21:07.1760179Z state without impacting any branches by switching back to a branch.
2026-10-02T04:21:07.1761021Z 
2026-10-02T04:21:07.1761431Z If you want to create a new branch to retain commits you create, you may
2026-10-02T04:21:07.1762215Z do so (now or later) by using -c with the switch command. Example:
2026-10-02T04:21:07.1762569Z 
2026-10-02T04:21:07.1762775Z   git switch -c <new-branch-name>
2026-10-02T04:21:07.1762995Z 
2026-10-02T04:21:07.1763163Z Or undo this operation with:
2026-10-02T04:21:07.1763663Z 
2026-10-02T04:21:07.1763786Z   git switch -
2026-10-02T04:21:07.1763979Z 
2026-10-02T04:21:07.1822458Z Turn off this advice by setting config variable advice.detachedHead to false
2026-10-02T04:21:07.1823082Z 
2026-10-02T04:21:07.1823731Z HEAD is now at c6234f4 Merge ac6a27c5f26da8946d6081a202b080e77069470a into f45ce83342e1562a8de8392d06cbd0ab6dac5c2e
2026-10-02T04:21:07.1826051Z ##[endgroup]
2026-10-02T04:21:07.1875156Z [command]/usr/bin/git log -1 --format=%H
2026-10-02T04:21:07.1906468Z c6234f458acd96eb28741f5d43ce2cad281a5573
2026-10-02T04:21:07.2238456Z ##[group]Run actions/setup-node@v4
2026-10-02T04:21:07.2239103Z with:
2026-10-02T04:21:07.2239606Z   node-version: 22
2026-10-02T04:21:07.2240081Z   always-auth: false
2026-10-02T04:21:07.2240558Z   check-latest: false
2026-10-02T04:21:07.2246237Z   token: ***
2026-10-02T04:21:07.2246722Z ##[endgroup]
2026-10-02T04:21:07.3653742Z Found in cache @ /opt/hostedtoolcache/node/22.23.3/x64
2026-10-02T04:21:07.3657758Z (node:2304) [DEP0040] DeprecationWarning: The `punycode` module is deprecated. Please use a userland alternative instead.
2026-10-02T04:21:07.3659154Z (Use `node --trace-deprecation ...` to show where the warning was created)
2026-10-02T04:21:07.3661801Z ##[group]Environment details
2026-10-02T04:21:11.3666566Z node: v22.23.3
2026-10-02T04:21:11.3667365Z npm: 10.9.9
2026-10-02T04:21:11.3667694Z yarn: 1.22.22
2026-10-02T04:21:11.3669275Z ##[endgroup]
2026-10-02T04:21:11.3820132Z ##[group]Run npm install --no-package-lock --no-audit --no-fund
2026-10-02T04:21:11.3821051Z [36;1mnpm install --no-package-lock --no-audit --no-fund[0m
2026-10-02T04:21:11.4152463Z shell: /usr/bin/bash -e {0}
2026-10-02T04:21:11.4152782Z ##[endgroup]
2026-10-02T04:21:13.7372026Z 
2026-10-02T04:21:13.7382703Z added 1 package in 2s
2026-10-02T04:21:13.7826129Z ##[group]Run node node_modules/playwright-core/cli.js install --with-deps --no-shell chromium
2026-10-02T04:21:13.7826873Z [36;1mnode node_modules/playwright-core/cli.js install --with-deps --no-shell chromium[0m
2026-10-02T04:21:13.7892969Z shell: /usr/bin/bash -e {0}
2026-10-02T04:21:13.7893239Z ##[endgroup]
2026-10-02T04:21:14.1509652Z Installing dependencies...
2026-10-02T04:21:14.1642325Z Switching to root user to install dependencies...
2026-10-02T04:21:14.2454931Z Get:1 file:/etc/apt/apt-mirrors.txt Mirrorlist [144 B]
2026-10-02T04:21:14.3119995Z Hit:2 http://azure.archive.ubuntu.com/ubuntu noble InRelease
2026-10-02T04:21:14.3132276Z Get:6 https://packages.microsoft.com/ubuntu/24.04/prod noble InRelease [3600 B]
2026-10-02T04:21:14.3152534Z Get:3 http://azure.archive.ubuntu.com/ubuntu noble-updates InRelease [126 kB]
2026-10-02T04:21:14.3173202Z Get:4 http://azure.archive.ubuntu.com/ubuntu noble-backports InRelease [126 kB]
2026-10-02T04:21:14.3244483Z Get:5 http://azure.archive.ubuntu.com/ubuntu noble-security InRelease [126 kB]
2026-10-02T04:21:14.4975186Z Get:7 https://packages.microsoft.com/ubuntu/24.04/prod noble/main armhf Packages [12.6 kB]
2026-10-02T04:21:14.5162801Z Get:8 https://packages.microsoft.com/ubuntu/24.04/prod noble/main arm64 Packages [458 kB]
2026-10-02T04:21:14.5379018Z Get:9 https://packages.microsoft.com/ubuntu/24.04/prod noble/main amd64 Packages [510 kB]
2026-10-02T04:21:14.5508595Z Get:10 http://azure.archive.ubuntu.com/ubuntu noble-updates/main amd64 Packages [1364 kB]
2026-10-02T04:21:14.5622111Z Get:11 http://azure.archive.ubuntu.com/ubuntu noble-updates/main Translation-en [304 kB]
2026-10-02T04:21:14.5639160Z Get:12 http://azure.archive.ubuntu.com/ubuntu noble-updates/main amd64 Components [181 kB]
2026-10-02T04:21:14.5662940Z Get:13 http://azure.archive.ubuntu.com/ubuntu noble-updates/universe amd64 Packages [1699 kB]
2026-10-02T04:21:14.5735208Z Get:14 http://azure.archive.ubuntu.com/ubuntu noble-updates/universe Translation-en [341 kB]
2026-10-02T04:21:14.5791358Z Get:15 http://azure.archive.ubuntu.com/ubuntu noble-updates/universe amd64 Components [388 kB]
2026-10-02T04:21:14.5802249Z Get:16 http://azure.archive.ubuntu.com/ubuntu noble-updates/restricted amd64 Packages [1720 kB]
2026-10-02T04:21:14.5891962Z Get:17 http://azure.archive.ubuntu.com/ubuntu noble-updates/restricted Translation-en [394 kB]
2026-10-02T04:21:14.5922411Z Get:18 http://azure.archive.ubuntu.com/ubuntu noble-updates/multiverse amd64 Components [940 B]
2026-10-02T04:21:14.6081683Z Get:19 http://azure.archive.ubuntu.com/ubuntu noble-backports/main amd64 Components [5760 B]
2026-10-02T04:21:14.6512740Z Get:20 http://azure.archive.ubuntu.com/ubuntu noble-backports/universe amd64 Components [12.6 kB]
2026-10-02T04:21:14.6662807Z Get:21 http://azure.archive.ubuntu.com/ubuntu noble-security/main amd64 Packages [1069 kB]
2026-10-02T04:21:14.6724033Z Get:22 http://azure.archive.ubuntu.com/ubuntu noble-security/main Translation-en [221 kB]
2026-10-02T04:21:14.6745154Z Get:23 http://azure.archive.ubuntu.com/ubuntu noble-security/main amd64 Components [46.4 kB]
2026-10-02T04:21:14.6756095Z Get:24 http://azure.archive.ubuntu.com/ubuntu noble-security/universe amd64 Packages [1216 kB]
2026-10-02T04:21:14.6822220Z Get:25 http://azure.archive.ubuntu.com/ubuntu noble-security/universe Translation-en [244 kB]
2026-10-02T04:21:14.6848891Z Get:26 http://azure.archive.ubuntu.com/ubuntu noble-security/universe amd64 Components [76.3 kB]
2026-10-02T04:21:14.6856467Z Get:27 http://azure.archive.ubuntu.com/ubuntu noble-security/restricted amd64 Packages [1566 kB]
2026-10-02T04:21:14.6998631Z Get:28 http://azure.archive.ubuntu.com/ubuntu noble-security/restricted Translation-en [361 kB]
2026-10-02T04:21:19.2210939Z Fetched 12.6 MB in 1s (8600 kB/s)
2026-10-02T04:21:20.0516101Z Reading package lists...
2026-10-02T04:21:20.0759634Z Reading package lists...
2026-10-02T04:21:20.2837618Z Building dependency tree...
2026-10-02T04:21:20.2845571Z Reading state information...
2026-10-02T04:21:20.4319073Z libasound2t64 is already the newest version (1.2.11-1ubuntu0.3).
2026-10-02T04:21:20.4320572Z libasound2t64 set to manually installed.
2026-10-02T04:21:20.4322594Z libatk-bridge2.0-0t64 is already the newest version (2.52.0-1build1).
2026-10-02T04:21:20.4324068Z libatk-bridge2.0-0t64 set to manually installed.
2026-10-02T04:21:20.4325614Z libatk1.0-0t64 is already the newest version (2.52.0-1build1).
2026-10-02T04:21:20.4326929Z libatk1.0-0t64 set to manually installed.
2026-10-02T04:21:20.4328475Z libatspi2.0-0t64 is already the newest version (2.52.0-1build1).
2026-10-02T04:21:20.4329872Z libatspi2.0-0t64 set to manually installed.
2026-10-02T04:21:20.4331188Z libcairo2 is already the newest version (1.18.0-3build1).
2026-10-02T04:21:20.4332231Z libcairo2 set to manually installed.
2026-10-02T04:21:20.4333162Z libcups2t64 is already the newest version (2.4.7-1.2ubuntu7.14).
2026-10-02T04:21:20.4333670Z libcups2t64 set to manually installed.
2026-10-02T04:21:20.4334116Z libdbus-1-3 is already the newest version (1.14.10-4ubuntu4.1).
2026-10-02T04:21:20.4334541Z libdbus-1-3 set to manually installed.
2026-10-02T04:21:20.4334974Z libdrm2 is already the newest version (2.4.125-1ubuntu0.1~24.04.2).
2026-10-02T04:21:20.4335389Z libdrm2 set to manually installed.
2026-10-02T04:21:20.4335859Z libglib2.0-0t64 is already the newest version (2.80.0-6ubuntu3.9).
2026-10-02T04:21:20.4336452Z libglib2.0-0t64 set to manually installed.
2026-10-02T04:21:20.4336875Z libnspr4 is already the newest version (2:4.35-1.1build1).
2026-10-02T04:21:20.4337261Z libnspr4 set to manually installed.
2026-10-02T04:21:20.4337654Z libnss3 is already the newest version (2:3.98-1ubuntu0.2).
2026-10-02T04:21:20.4338029Z libnss3 set to manually installed.
2026-10-02T04:21:20.4338507Z libpango-1.0-0 is already the newest version (1.52.1+ds-1build1).
2026-10-02T04:21:20.4339178Z libpango-1.0-0 set to manually installed.
2026-10-02T04:21:20.4340065Z libx11-6 is already the newest version (2:1.8.7-1build1).
2026-10-02T04:21:20.4341019Z libx11-6 set to manually installed.
2026-10-02T04:21:20.4341701Z libxcb1 is already the newest version (1.15-1ubuntu2).
2026-10-02T04:21:20.4342139Z libxcb1 set to manually installed.
2026-10-02T04:21:20.4342560Z libxcomposite1 is already the newest version (1:0.4.5-1build3).
2026-10-02T04:21:20.4343207Z libxcomposite1 set to manually installed.
2026-10-02T04:21:20.4343626Z libxdamage1 is already the newest version (1:1.1.6-1build1).
2026-10-02T04:21:20.4344034Z libxdamage1 set to manually installed.
2026-10-02T04:21:20.4344596Z libxext6 is already the newest version (2:1.3.4-1build2).
2026-10-02T04:21:20.4345265Z libxext6 set to manually installed.
2026-10-02T04:21:20.4345950Z libxfixes3 is already the newest version (1:6.0.0-2build1).
2026-10-02T04:21:20.4346584Z libxfixes3 set to manually installed.
2026-10-02T04:21:20.4346993Z libxkbcommon0 is already the newest version (1.6.0-1build1).
2026-10-02T04:21:20.4347403Z libxkbcommon0 set to manually installed.
2026-10-02T04:21:20.4347869Z libxrandr2 is already the newest version (2:1.5.2-2build1).
2026-10-02T04:21:20.4348254Z libxrandr2 set to manually installed.
2026-10-02T04:21:20.4348816Z xvfb is already the newest version (2:21.1.12-1ubuntu1.8).
2026-10-02T04:21:20.4349765Z fonts-noto-color-emoji is already the newest version (2.047-0ubuntu0.24.04.1).
2026-10-02T04:21:20.4351052Z libfontconfig1 is already the newest version (2.15.0-1.1ubuntu2).
2026-10-02T04:21:20.4351837Z libfontconfig1 set to manually installed.
2026-10-02T04:21:20.4352638Z libfreetype6 is already the newest version (2.13.2+dfsg-1ubuntu0.1).
2026-10-02T04:21:20.4353389Z libfreetype6 set to manually installed.
2026-10-02T04:21:20.4354157Z fonts-liberation is already the newest version (1:2.1.5-3).
2026-10-02T04:21:20.4354872Z fonts-liberation set to manually installed.
2026-10-02T04:21:20.4355550Z The following additional packages will be installed:
2026-10-02T04:21:20.4356342Z   libgl1-mesa-dri libglx-mesa0 libwayland-server0 mesa-libgallium
2026-10-02T04:21:20.4357055Z   xfonts-encodings xfonts-utils
2026-10-02T04:21:20.4357758Z Recommended packages:
2026-10-02T04:21:20.4358251Z   fonts-ipafont-mincho fonts-tlwg-loma
2026-10-02T04:21:20.4600594Z The following NEW packages will be installed:
2026-10-02T04:21:20.4601856Z   fonts-freefont-ttf fonts-ipafont-gothic fonts-tlwg-loma-otf fonts-unifont
2026-10-02T04:21:20.4607237Z   fonts-wqy-zenhei libwayland-server0 xfonts-cyrillic xfonts-encodings
2026-10-02T04:21:20.4608069Z   xfonts-scalable xfonts-utils
2026-10-02T04:21:20.4612273Z The following packages will be upgraded:
2026-10-02T04:21:20.4617246Z   libgbm1 libgl1-mesa-dri libglx-mesa0 mesa-libgallium
2026-10-02T04:21:20.4776802Z 4 upgraded, 10 newly installed, 0 to remove and 21 not upgraded.
2026-10-02T04:21:20.4777567Z Need to get 32.1 MB of archives.
2026-10-02T04:21:20.4778322Z After this operation, 79.7 MB of additional disk space will be used.
2026-10-02T04:21:20.4779169Z Get:1 file:/etc/apt/apt-mirrors.txt Mirrorlist [144 B]
2026-10-02T04:21:20.6105362Z Get:2 http://azure.archive.ubuntu.com/ubuntu noble/universe amd64 fonts-ipafont-gothic all 00303-21ubuntu1 [3513 kB]
2026-10-02T04:21:20.8792207Z Get:3 http://azure.archive.ubuntu.com/ubuntu noble/main amd64 fonts-freefont-ttf all 20211204+svn4273-2 [5641 kB]
2026-10-02T04:21:21.1746122Z Get:4 http://azure.archive.ubuntu.com/ubuntu noble/universe amd64 fonts-tlwg-loma-otf all 1:0.7.3-1 [107 kB]
2026-10-02T04:21:21.2829780Z Get:5 http://azure.archive.ubuntu.com/ubuntu noble/universe amd64 fonts-unifont all 1:15.1.01-1build1 [2993 kB]
2026-10-02T04:21:21.4885731Z Get:6 http://azure.archive.ubuntu.com/ubuntu noble/universe amd64 fonts-wqy-zenhei all 0.9.45-8 [7472 kB]
2026-10-02T04:21:21.8574718Z Get:7 http://azure.archive.ubuntu.com/ubuntu noble-updates/main amd64 libgl1-mesa-dri amd64 25.2.8-0ubuntu0.24.04.3 [37.9 kB]
2026-10-02T04:21:21.9627454Z Get:8 http://azure.archive.ubuntu.com/ubuntu noble/main amd64 libwayland-server0 amd64 1.22.0-2.1build1 [33.9 kB]
2026-10-02T04:21:22.0677030Z Get:9 http://azure.archive.ubuntu.com/ubuntu noble-updates/main amd64 libglx-mesa0 amd64 25.2.8-0ubuntu0.24.04.3 [110 kB]
2026-10-02T04:21:22.1759037Z Get:10 http://azure.archive.ubuntu.com/ubuntu noble-updates/main amd64 libgbm1 amd64 25.2.8-0ubuntu0.24.04.3 [34.3 kB]
2026-10-02T04:21:22.2809203Z Get:11 http://azure.archive.ubuntu.com/ubuntu noble-updates/main amd64 mesa-libgallium amd64 25.2.8-0ubuntu0.24.04.3 [10.8 MB]
2026-10-02T04:21:22.9303885Z Get:12 http://azure.archive.ubuntu.com/ubuntu noble/main amd64 xfonts-encodings all 1:1.0.5-0ubuntu2 [578 kB]
2026-10-02T04:21:23.0529666Z Get:13 http://azure.archive.ubuntu.com/ubuntu noble/main amd64 xfonts-utils amd64 1:7.7+6build3 [94.4 kB]
2026-10-02T04:21:23.1615608Z Get:14 http://azure.archive.ubuntu.com/ubuntu noble/universe amd64 xfonts-cyrillic all 1:1.0.5+nmu1 [384 kB]
2026-10-02T04:21:23.2874907Z Get:15 http://azure.archive.ubuntu.com/ubuntu noble/main amd64 xfonts-scalable all 1:1.0.3-1.3 [304 kB]
2026-10-02T04:21:23.5465793Z Fetched 32.1 MB in 3s (11.3 MB/s)
2026-10-02T04:21:23.5699860Z Selecting previously unselected package fonts-ipafont-gothic.
2026-10-02T04:21:23.5999870Z (Reading database ... 
2026-10-02T04:21:23.6000585Z (Reading database ... 5%
2026-10-02T04:21:23.6001281Z (Reading database ... 10%
2026-10-02T04:21:23.6001718Z (Reading database ... 15%
2026-10-02T04:21:23.6001966Z (Reading database ... 20%
2026-10-02T04:21:23.6002367Z (Reading database ... 25%
2026-10-02T04:21:23.6002794Z (Reading database ... 30%
2026-10-02T04:21:23.6003197Z (Reading database ... 35%
2026-10-02T04:21:23.6003594Z (Reading database ... 40%
2026-10-02T04:21:23.6003841Z (Reading database ... 45%
2026-10-02T04:21:23.6004076Z (Reading database ... 50%
2026-10-02T04:21:23.6056104Z (Reading database ... 55%
2026-10-02T04:21:23.7493634Z (Reading database ... 60%
2026-10-02T04:21:23.9538275Z (Reading database ... 65%
2026-10-02T04:21:24.1584270Z (Reading database ... 70%
2026-10-02T04:21:24.3458279Z (Reading database ... 75%
2026-10-02T04:21:24.5025410Z (Reading database ... 80%
2026-10-02T04:21:24.7034445Z (Reading database ... 85%
2026-10-02T04:21:24.8925299Z (Reading database ... 90%
2026-10-02T04:21:25.0623207Z (Reading database ... 95%
2026-10-02T04:21:25.0623835Z (Reading database ... 100%
2026-10-02T04:21:25.0624744Z (Reading database ... 202296 files and directories currently installed.)
2026-10-02T04:21:25.0665517Z Preparing to unpack .../00-fonts-ipafont-gothic_00303-21ubuntu1_all.deb ...
2026-10-02T04:21:25.0757329Z Unpacking fonts-ipafont-gothic (00303-21ubuntu1) ...
2026-10-02T04:21:25.2975333Z Selecting previously unselected package fonts-freefont-ttf.
2026-10-02T04:21:25.3098347Z Preparing to unpack .../01-fonts-freefont-ttf_20211204+svn4273-2_all.deb ...
2026-10-02T04:21:25.3107234Z Unpacking fonts-freefont-ttf (20211204+svn4273-2) ...
2026-10-02T04:21:25.3922417Z Selecting previously unselected package fonts-tlwg-loma-otf.
2026-10-02T04:21:25.4045485Z Preparing to unpack .../02-fonts-tlwg-loma-otf_1%3a0.7.3-1_all.deb ...
2026-10-02T04:21:25.4054646Z Unpacking fonts-tlwg-loma-otf (1:0.7.3-1) ...
2026-10-02T04:21:25.4303796Z Selecting previously unselected package fonts-unifont.
2026-10-02T04:21:25.4425537Z Preparing to unpack .../03-fonts-unifont_1%3a15.1.01-1build1_all.deb ...
2026-10-02T04:21:25.4448971Z Unpacking fonts-unifont (1:15.1.01-1build1) ...
2026-10-02T04:21:25.5680968Z Selecting previously unselected package fonts-wqy-zenhei.
2026-10-02T04:21:25.5803820Z Preparing to unpack .../04-fonts-wqy-zenhei_0.9.45-8_all.deb ...
2026-10-02T04:21:25.5903254Z Unpacking fonts-wqy-zenhei (0.9.45-8) ...
2026-10-02T04:21:26.0642954Z Preparing to unpack .../05-libgl1-mesa-dri_25.2.8-0ubuntu0.24.04.3_amd64.deb ...
2026-10-02T04:21:26.0794927Z Unpacking libgl1-mesa-dri:amd64 (25.2.8-0ubuntu0.24.04.3) over (25.2.8-0ubuntu0.24.04.2) ...
2026-10-02T04:21:26.1310016Z Selecting previously unselected package libwayland-server0:amd64.
2026-10-02T04:21:26.1433239Z Preparing to unpack .../06-libwayland-server0_1.22.0-2.1build1_amd64.deb ...
2026-10-02T04:21:26.1453908Z Unpacking libwayland-server0:amd64 (1.22.0-2.1build1) ...
2026-10-02T04:21:26.1791349Z Preparing to unpack .../07-libglx-mesa0_25.2.8-0ubuntu0.24.04.3_amd64.deb ...
2026-10-02T04:21:26.1819150Z Unpacking libglx-mesa0:amd64 (25.2.8-0ubuntu0.24.04.3) over (25.2.8-0ubuntu0.24.04.2) ...
2026-10-02T04:21:26.2222795Z Preparing to unpack .../08-libgbm1_25.2.8-0ubuntu0.24.04.3_amd64.deb ...
2026-10-02T04:21:26.2297606Z Unpacking libgbm1:amd64 (25.2.8-0ubuntu0.24.04.3) over (25.2.8-0ubuntu0.24.04.2) ...
2026-10-02T04:21:26.2705215Z Preparing to unpack .../09-mesa-libgallium_25.2.8-0ubuntu0.24.04.3_amd64.deb ...
2026-10-02T04:21:26.2734351Z Unpacking mesa-libgallium:amd64 (25.2.8-0ubuntu0.24.04.3) over (25.2.8-0ubuntu0.24.04.2) ...
2026-10-02T04:21:26.4359709Z Selecting previously unselected package xfonts-encodings.
2026-10-02T04:21:26.4485947Z Preparing to unpack .../10-xfonts-encodings_1%3a1.0.5-0ubuntu2_all.deb ...
2026-10-02T04:21:26.4493864Z Unpacking xfonts-encodings (1:1.0.5-0ubuntu2) ...
2026-10-02T04:21:26.4777294Z Selecting previously unselected package xfonts-utils.
2026-10-02T04:21:26.4900121Z Preparing to unpack .../11-xfonts-utils_1%3a7.7+6build3_amd64.deb ...
2026-10-02T04:21:26.4908331Z Unpacking xfonts-utils (1:7.7+6build3) ...
2026-10-02T04:21:26.5568699Z Selecting previously unselected package xfonts-cyrillic.
2026-10-02T04:21:26.5690876Z Preparing to unpack .../12-xfonts-cyrillic_1%3a1.0.5+nmu1_all.deb ...
2026-10-02T04:21:26.5699119Z Unpacking xfonts-cyrillic (1:1.0.5+nmu1) ...
2026-10-02T04:21:26.6028280Z Selecting previously unselected package xfonts-scalable.
2026-10-02T04:21:26.6151193Z Preparing to unpack .../13-xfonts-scalable_1%3a1.0.3-1.3_all.deb ...
2026-10-02T04:21:26.6158843Z Unpacking xfonts-scalable (1:1.0.3-1.3) ...
2026-10-02T04:21:26.6604783Z Setting up libwayland-server0:amd64 (1.22.0-2.1build1) ...
2026-10-02T04:21:26.6628126Z Setting up mesa-libgallium:amd64 (25.2.8-0ubuntu0.24.04.3) ...
2026-10-02T04:21:26.6649927Z Setting up libgbm1:amd64 (25.2.8-0ubuntu0.24.04.3) ...
2026-10-02T04:21:26.6672117Z Setting up libgl1-mesa-dri:amd64 (25.2.8-0ubuntu0.24.04.3) ...
2026-10-02T04:21:26.6746785Z Setting up fonts-wqy-zenhei (0.9.45-8) ...
2026-10-02T04:21:26.6861296Z Setting up fonts-freefont-ttf (20211204+svn4273-2) ...
2026-10-02T04:21:26.6880873Z Setting up fonts-tlwg-loma-otf (1:0.7.3-1) ...
2026-10-02T04:21:26.6900904Z Setting up xfonts-encodings (1:1.0.5-0ubuntu2) ...
2026-10-02T04:21:26.6920365Z Setting up fonts-ipafont-gothic (00303-21ubuntu1) ...
2026-10-02T04:21:26.6986975Z update-alternatives: using /usr/share/fonts/opentype/ipafont-gothic/ipag.ttf to provide /usr/share/fonts/truetype/fonts-japanese-gothic.ttf (fonts-japanese-gothic.ttf) in auto mode
2026-10-02T04:21:26.7006056Z Setting up fonts-unifont (1:15.1.01-1build1) ...
2026-10-02T04:21:26.7029971Z Setting up libglx-mesa0:amd64 (25.2.8-0ubuntu0.24.04.3) ...
2026-10-02T04:21:26.7051425Z Setting up xfonts-utils (1:7.7+6build3) ...
2026-10-02T04:21:26.7093621Z Setting up xfonts-cyrillic (1:1.0.5+nmu1) ...
2026-10-02T04:21:26.7464138Z Setting up xfonts-scalable (1:1.0.3-1.3) ...
2026-10-02T04:21:26.7735980Z Processing triggers for libc-bin (2.39-0ubuntu8.9) ...
2026-10-02T04:21:26.8055519Z Processing triggers for man-db (2.12.0-4build2) ...
2026-10-02T04:21:26.8078991Z Not building database; man-db/auto-update is not 'true'.
2026-10-02T04:21:26.8091782Z Processing triggers for fontconfig (2.15.0-1.1ubuntu2) ...
2026-10-02T04:21:27.5544958Z 
2026-10-02T04:21:27.5545692Z Running kernel seems to be up-to-date.
2026-10-02T04:21:27.5546016Z 
2026-10-02T04:21:27.5546208Z No services need to be restarted.
2026-10-02T04:21:27.5546443Z 
2026-10-02T04:21:27.5546627Z No containers need to be restarted.
2026-10-02T04:21:27.5546847Z 
2026-10-02T04:21:27.5547082Z No user sessions are running outdated binaries.
2026-10-02T04:21:27.5547356Z 
2026-10-02T04:21:27.5547706Z No VM guests are running outdated hypervisor (qemu) binaries on this host.
2026-10-02T04:21:28.3770305Z Downloading Chrome for Testing 153.0.8010.12 (playwright chromium v1243) from https://cdn.playwright.dev/builds/cft/153.0.8010.12/linux64/chrome-linux64.zip
2026-10-02T04:21:28.7454439Z |                                                                                |   0% of 186.8 MiB
2026-10-02T04:21:29.0709106Z |■■■■■■■■                                                                        |  10% of 186.8 MiB
2026-10-02T04:21:29.1698827Z |■■■■■■■■■■■■■■■■                                                                |  20% of 186.8 MiB
2026-10-02T04:21:29.2384545Z |■■■■■■■■■■■■■■■■■■■■■■■■                                                        |  30% of 186.8 MiB
2026-10-02T04:21:29.3182514Z |■■■■■■■■■■■■■■■■■■■■■■■■■■■■■■■■                                                |  40% of 186.8 MiB
2026-10-02T04:21:29.3992298Z |■■■■■■■■■■■■■■■■■■■■■■■■■■■■■■■■■■■■■■■■                                        |  50% of 186.8 MiB
2026-10-02T04:21:29.4691280Z |■■■■■■■■■■■■■■■■■■■■■■■■■■■■■■■■■■■■■■■■■■■■■■■■                                |  60% of 186.8 MiB
2026-10-02T04:21:29.5336660Z |■■■■■■■■■■■■■■■■■■■■■■■■■■■■■■■■■■■■■■■■■■■■■■■■■■■■■■■■                        |  70% of 186.8 MiB
2026-10-02T04:21:29.6028804Z |■■■■■■■■■■■■■■■■■■■■■■■■■■■■■■■■■■■■■■■■■■■■■■■■■■■■■■■■■■■■■■■■                |  80% of 186.8 MiB
2026-10-02T04:21:29.6687017Z |■■■■■■■■■■■■■■■■■■■■■■■■■■■■■■■■■■■■■■■■■■■■■■■■■■■■■■■■■■■■■■■■■■■■■■■■        |  90% of 186.8 MiB
2026-10-02T04:21:29.7383712Z |■■■■■■■■■■■■■■■■■■■■■■■■■■■■■■■■■■■■■■■■■■■■■■■■■■■■■■■■■■■■■■■■■■■■■■■■■■■■■■■■| 100% of 186.8 MiB
2026-10-02T04:21:32.6332823Z Chrome for Testing 153.0.8010.12 (playwright chromium v1243) downloaded to /home/runner/.cache/ms-playwright/chromium-1243
2026-10-02T04:21:32.6337194Z Downloading FFmpeg (playwright ffmpeg v1011) from https://cdn.playwright.dev/dbazure/download/playwright/builds/ffmpeg/1011/ffmpeg-linux.zip
2026-10-02T04:21:33.0272682Z |                                                                                |   0% of 2.3 MiB
2026-10-02T04:21:33.0312253Z |■■■■■■■■                                                                        |  10% of 2.3 MiB
2026-10-02T04:21:33.0334631Z |■■■■■■■■■■■■■■■■                                                                |  20% of 2.3 MiB
2026-10-02T04:21:33.0363947Z |■■■■■■■■■■■■■■■■■■■■■■■■                                                        |  30% of 2.3 MiB
2026-10-02T04:21:33.0388067Z |■■■■■■■■■■■■■■■■■■■■■■■■■■■■■■■■                                                |  40% of 2.3 MiB
2026-10-02T04:21:33.0434776Z |■■■■■■■■■■■■■■■■■■■■■■■■■■■■■■■■■■■■■■■■                                        |  50% of 2.3 MiB
2026-10-02T04:21:33.0461809Z |■■■■■■■■■■■■■■■■■■■■■■■■■■■■■■■■■■■■■■■■■■■■■■■■                                |  60% of 2.3 MiB
2026-10-02T04:21:33.0463018Z |■■■■■■■■■■■■■■■■■■■■■■■■■■■■■■■■■■■■■■■■■■■■■■■■■■■■■■■■                        |  70% of 2.3 MiB
2026-10-02T04:21:33.0521699Z |■■■■■■■■■■■■■■■■■■■■■■■■■■■■■■■■■■■■■■■■■■■■■■■■■■■■■■■■■■■■■■■■                |  80% of 2.3 MiB
2026-10-02T04:21:33.0522813Z |■■■■■■■■■■■■■■■■■■■■■■■■■■■■■■■■■■■■■■■■■■■■■■■■■■■■■■■■■■■■■■■■■■■■■■■■        |  90% of 2.3 MiB
2026-10-02T04:21:33.0566075Z |■■■■■■■■■■■■■■■■■■■■■■■■■■■■■■■■■■■■■■■■■■■■■■■■■■■■■■■■■■■■■■■■■■■■■■■■■■■■■■■■| 100% of 2.3 MiB
2026-10-02T04:21:33.1376578Z FFmpeg (playwright ffmpeg v1011) downloaded to /home/runner/.cache/ms-playwright/ffmpeg-1011
2026-10-02T04:21:33.1537785Z ##[group]Run node -e 'const { chromium } = require("playwright-core"); const fs = require("node:fs"); const executable = chromium.executablePath(); fs.accessSync(executable, fs.constants.X_OK); fs.appendFileSync(process.env.GITHUB_ENV, `CHROMIUM_PATH=${executable}\n`);'
2026-10-02T04:21:33.1539621Z [36;1mnode -e 'const { chromium } = require("playwright-core"); const fs = require("node:fs"); const executable = chromium.executablePath(); fs.accessSync(executable, fs.constants.X_OK); fs.appendFileSync(process.env.GITHUB_ENV, `CHROMIUM_PATH=${executable}\n`);'[0m
2026-10-02T04:21:33.1605263Z shell: /usr/bin/bash -e {0}
2026-10-02T04:21:33.1605526Z ##[endgroup]
2026-10-02T04:21:33.5656785Z ##[group]Run npm run test:regressions
2026-10-02T04:21:33.5657185Z [36;1mnpm run test:regressions[0m
2026-10-02T04:21:33.5742644Z shell: /usr/bin/bash -e {0}
2026-10-02T04:21:33.5743256Z env:
2026-10-02T04:21:33.5743914Z   CHROMIUM_PATH: /home/runner/.cache/ms-playwright/chromium-1243/chrome-linux64/chrome
2026-10-02T04:21:33.5744813Z ##[endgroup]
2026-10-02T04:21:33.6907372Z 
2026-10-02T04:21:33.6908071Z > kid-games-playtests@1.0.0 test:regressions
2026-10-02T04:21:33.6908802Z > node regressions.cjs
2026-10-02T04:21:33.6909086Z 
2026-10-02T04:21:34.0310120Z Running 18 focused regression suites with /home/runner/.cache/ms-playwright/chromium-1243/chrome-linux64/chrome
2026-10-02T04:21:34.0311929Z 
2026-10-02T04:21:34.0312475Z --- craepets-active-save.cjs ---
2026-10-02T04:21:34.1201490Z PASS craepets.house.jeannie refuses partial JSON without replacing bytes
2026-10-02T04:21:34.1333635Z PASS craepets.house.jeannie refuses empty string without replacing bytes
2026-10-02T04:21:34.1492823Z PASS craepets.house.jeannie refuses whitespace without replacing bytes
2026-10-02T04:21:34.1632304Z PASS craepets.house.jeannie refuses JSON null without replacing bytes
2026-10-02T04:21:34.1752145Z PASS craepets.house.jeannie refuses array without replacing bytes
2026-10-02T04:21:34.1873320Z PASS craepets.house.jeannie refuses number without replacing bytes
2026-10-02T04:21:34.2004382Z PASS craepets.house.jeannie refuses boolean without replacing bytes
2026-10-02T04:21:34.2096967Z PASS craepets.house.jeannie refuses old version without replacing bytes
2026-10-02T04:21:34.2187054Z PASS craepets.house.jeannie refuses bad pet without replacing bytes
2026-10-02T04:21:34.2285636Z PASS craepets.house.jeannie refuses stats string without replacing bytes
2026-10-02T04:21:34.2376276Z PASS craepets.house.jeannie refuses fractional house without replacing bytes
2026-10-02T04:21:34.2479440Z PASS craepets.house.jeannie refuses bad review without replacing bytes
2026-10-02T04:21:34.2567241Z PASS craepets.house.jeannie refuses blank broken stats without replacing bytes
2026-10-02T04:21:34.2674681Z PASS craepets.house.jeannie refuses blank broken house without replacing bytes
2026-10-02T04:21:34.2765620Z PASS craepets.house.jeannie read failure is not absence
2026-10-02T04:21:34.2846698Z PASS craepets.house.jeannie admits current blank without temporary pet or writes
2026-10-02T04:21:34.2937098Z PASS craepets.house.jeannie admits legacy pet null without temporary pet or writes
2026-10-02T04:21:34.3052179Z PASS craepets.house.jeannie admits legacy missing pet without temporary pet or writes
2026-10-02T04:21:34.3186274Z PASS craepets.house.jeannie admits genuinely absent new valley
2026-10-02T04:21:34.3310466Z PASS craepets.house.jeannie retains valid earned progress and legacy defaults
2026-10-02T04:21:34.3430052Z PASS craepets.house.jeannie rejects sibling switch before changing healthy player/session
2026-10-02T04:21:34.3552985Z PASS craepets.house.jeannie rejects damaged family visit without changing active lesson
2026-10-02T04:21:34.3641476Z PASS craepets.house.jeannie public owner activity rejects before leaving current lesson
2026-10-02T04:21:34.3718059Z PASS craepets.house.jeannie active storage event pauses stale persistence
2026-10-02T04:21:34.3844540Z PASS craepets.house.jeannie damaged refresh pauses before state/player mutation
2026-10-02T04:21:34.3935444Z PASS craepets.house.jeannie failed active startup is write-free
2026-10-02T04:21:34.4050121Z PASS craepets.house.cory refuses partial JSON without replacing bytes
2026-10-02T04:21:34.4128558Z PASS craepets.house.cory refuses empty string without replacing bytes
2026-10-02T04:21:34.4206425Z PASS craepets.house.cory refuses whitespace without replacing bytes
2026-10-02T04:21:34.4295193Z PASS craepets.house.cory refuses JSON null without replacing bytes
2026-10-02T04:21:34.4383116Z PASS craepets.house.cory refuses array without replacing bytes
2026-10-02T04:21:34.4480096Z PASS craepets.house.cory refuses number without replacing bytes
2026-10-02T04:21:34.4555899Z PASS craepets.house.cory refuses boolean without replacing bytes
2026-10-02T04:21:34.4638323Z PASS craepets.house.cory refuses old version without replacing bytes
2026-10-02T04:21:34.4729077Z PASS craepets.house.cory refuses bad pet without replacing bytes
2026-10-02T04:21:34.4835754Z PASS craepets.house.cory refuses stats string without replacing bytes
2026-10-02T04:21:34.4917390Z PASS craepets.house.cory refuses fractional house without replacing bytes
2026-10-02T04:21:34.4997723Z PASS craepets.house.cory refuses bad review without replacing bytes
2026-10-02T04:21:34.5075715Z PASS craepets.house.cory refuses blank broken stats without replacing bytes
2026-10-02T04:21:34.5157862Z PASS craepets.house.cory refuses blank broken house without replacing bytes
2026-10-02T04:21:34.5253839Z PASS craepets.house.cory read failure is not absence
2026-10-02T04:21:34.5333012Z PASS craepets.house.cory admits current blank without temporary pet or writes
2026-10-02T04:21:34.5410440Z PASS craepets.house.cory admits legacy pet null without temporary pet or writes
2026-10-02T04:21:34.5486870Z PASS craepets.house.cory admits legacy missing pet without temporary pet or writes
2026-10-02T04:21:34.5587516Z PASS craepets.house.cory admits genuinely absent new valley
2026-10-02T04:21:34.5704660Z PASS craepets.house.cory retains valid earned progress and legacy defaults
2026-10-02T04:21:34.5855172Z PASS craepets.house.cory rejects sibling switch before changing healthy player/session
2026-10-02T04:21:34.5937089Z PASS craepets.house.cory rejects damaged family visit without changing active lesson
2026-10-02T04:21:34.6012272Z PASS craepets.house.cory public owner activity rejects before leaving current lesson
2026-10-02T04:21:34.6088594Z PASS craepets.house.cory active storage event pauses stale persistence
2026-10-02T04:21:34.6163672Z PASS craepets.house.cory damaged refresh pauses before state/player mutation
2026-10-02T04:21:34.6263678Z PASS craepets.house.cory failed active startup is write-free
2026-10-02T04:21:34.6339382Z PASS craepets.house.ellie refuses partial JSON without replacing bytes
2026-10-02T04:21:34.6415187Z PASS craepets.house.ellie refuses empty string without replacing bytes
2026-10-02T04:21:34.6491044Z PASS craepets.house.ellie refuses whitespace without replacing bytes
2026-10-02T04:21:34.6567553Z PASS craepets.house.ellie refuses JSON null without replacing bytes
2026-10-02T04:21:34.6669052Z PASS craepets.house.ellie refuses array without replacing bytes
2026-10-02T04:21:34.6746519Z PASS craepets.house.ellie refuses number without replacing bytes
2026-10-02T04:21:34.6822970Z PASS craepets.house.ellie refuses boolean without replacing bytes
2026-10-02T04:21:34.6899974Z PASS craepets.house.ellie refuses old version without replacing bytes
2026-10-02T04:21:34.7002898Z PASS craepets.house.ellie refuses bad pet without replacing bytes
2026-10-02T04:21:34.7081738Z PASS craepets.house.ellie refuses stats string without replacing bytes
2026-10-02T04:21:34.7168315Z PASS craepets.house.ellie refuses fractional house without replacing bytes
2026-10-02T04:21:34.7253400Z PASS craepets.house.ellie refuses bad review without replacing bytes
2026-10-02T04:21:34.7331677Z PASS craepets.house.ellie refuses blank broken stats without replacing bytes
2026-10-02T04:21:34.7433669Z PASS craepets.house.ellie refuses blank broken house without replacing bytes
2026-10-02T04:21:34.7508506Z PASS craepets.house.ellie read failure is not absence
2026-10-02T04:21:34.7585696Z PASS craepets.house.ellie admits current blank without temporary pet or writes
2026-10-02T04:21:34.7660315Z PASS craepets.house.ellie admits legacy pet null without temporary pet or writes
2026-10-02T04:21:34.7736232Z PASS craepets.house.ellie admits legacy missing pet without temporary pet or writes
2026-10-02T04:21:34.7865018Z PASS craepets.house.ellie admits genuinely absent new valley
2026-10-02T04:21:34.7955860Z PASS craepets.house.ellie retains valid earned progress and legacy defaults
2026-10-02T04:21:34.8038467Z PASS craepets.house.ellie rejects sibling switch before changing healthy player/session
2026-10-02T04:21:34.8111577Z PASS craepets.house.ellie rejects damaged family visit without changing active lesson
2026-10-02T04:21:34.8184036Z PASS craepets.house.ellie public owner activity rejects before leaving current lesson
2026-10-02T04:21:34.8257542Z PASS craepets.house.ellie active storage event pauses stale persistence
2026-10-02T04:21:34.8329268Z PASS craepets.house.ellie damaged refresh pauses before state/player mutation
2026-10-02T04:21:34.8417249Z PASS craepets.house.ellie failed active startup is write-free
2026-10-02T04:21:34.8492814Z PASS craepets.house.kieran refuses partial JSON without replacing bytes
2026-10-02T04:21:34.8567142Z PASS craepets.house.kieran refuses empty string without replacing bytes
2026-10-02T04:21:34.8640953Z PASS craepets.house.kieran refuses whitespace without replacing bytes
2026-10-02T04:21:34.8736005Z PASS craepets.house.kieran refuses JSON null without replacing bytes
2026-10-02T04:21:34.8811656Z PASS craepets.house.kieran refuses array without replacing bytes
2026-10-02T04:21:34.8886415Z PASS craepets.house.kieran refuses number without replacing bytes
2026-10-02T04:21:34.8961518Z PASS craepets.house.kieran refuses boolean without replacing bytes
2026-10-02T04:21:34.9039569Z PASS craepets.house.kieran refuses old version without replacing bytes
2026-10-02T04:21:34.9140455Z PASS craepets.house.kieran refuses bad pet without replacing bytes
2026-10-02T04:21:34.9259229Z PASS craepets.house.kieran refuses stats string without replacing bytes
2026-10-02T04:21:34.9381344Z PASS craepets.house.kieran refuses fractional house without replacing bytes
2026-10-02T04:21:34.9502660Z PASS craepets.house.kieran refuses bad review without replacing bytes
2026-10-02T04:21:34.9637876Z PASS craepets.house.kieran refuses blank broken stats without replacing bytes
2026-10-02T04:21:34.9717362Z PASS craepets.house.kieran refuses blank broken house without replacing bytes
2026-10-02T04:21:34.9790272Z PASS craepets.house.kieran read failure is not absence
2026-10-02T04:21:34.9912350Z PASS craepets.house.kieran admits current blank without temporary pet or writes
2026-10-02T04:21:35.0037077Z PASS craepets.house.kieran admits legacy pet null without temporary pet or writes
2026-10-02T04:21:35.0184427Z PASS craepets.house.kieran admits legacy missing pet without temporary pet or writes
2026-10-02T04:21:35.0310589Z PASS craepets.house.kieran admits genuinely absent new valley
2026-10-02T04:21:35.0438237Z PASS craepets.house.kieran retains valid earned progress and legacy defaults
2026-10-02T04:21:35.0574184Z PASS craepets.house.kieran rejects sibling switch before changing healthy player/session
2026-10-02T04:21:35.0698649Z PASS craepets.house.kieran rejects damaged family visit without changing active lesson
2026-10-02T04:21:35.0792964Z PASS craepets.house.kieran public owner activity rejects before leaving current lesson
2026-10-02T04:21:35.0882022Z PASS craepets.house.kieran active storage event pauses stale persistence
2026-10-02T04:21:35.0954121Z PASS craepets.house.kieran damaged refresh pauses before state/player mutation
2026-10-02T04:21:35.1024910Z PASS craepets.house.kieran failed active startup is write-free
2026-10-02T04:21:35.1098849Z PASS craepets.house.shannon refuses partial JSON without replacing bytes
2026-10-02T04:21:35.1174738Z PASS craepets.house.shannon refuses empty string without replacing bytes
2026-10-02T04:21:35.1273004Z PASS craepets.house.shannon refuses whitespace without replacing bytes
2026-10-02T04:21:35.1349429Z PASS craepets.house.shannon refuses JSON null without replacing bytes
2026-10-02T04:21:35.1425587Z PASS craepets.house.shannon refuses array without replacing bytes
2026-10-02T04:21:35.1501907Z PASS craepets.house.shannon refuses number without replacing bytes
2026-10-02T04:21:35.1594414Z PASS craepets.house.shannon refuses boolean without replacing bytes
2026-10-02T04:21:35.1669999Z PASS craepets.house.shannon refuses old version without replacing bytes
2026-10-02T04:21:35.1746533Z PASS craepets.house.shannon refuses bad pet without replacing bytes
2026-10-02T04:21:35.1823487Z PASS craepets.house.shannon refuses stats string without replacing bytes
2026-10-02T04:21:35.1903347Z PASS craepets.house.shannon refuses fractional house without replacing bytes
2026-10-02T04:21:35.1996391Z PASS craepets.house.shannon refuses bad review without replacing bytes
2026-10-02T04:21:35.2078176Z PASS craepets.house.shannon refuses blank broken stats without replacing bytes
2026-10-02T04:21:35.2157052Z PASS craepets.house.shannon refuses blank broken house without replacing bytes
2026-10-02T04:21:35.2230115Z PASS craepets.house.shannon read failure is not absence
2026-10-02T04:21:35.2305266Z PASS craepets.house.shannon admits current blank without temporary pet or writes
2026-10-02T04:21:35.2398489Z PASS craepets.house.shannon admits legacy pet null without temporary pet or writes
2026-10-02T04:21:35.2473655Z PASS craepets.house.shannon admits legacy missing pet without temporary pet or writes
2026-10-02T04:21:35.2547117Z PASS craepets.house.shannon admits genuinely absent new valley
2026-10-02T04:21:35.2624718Z PASS craepets.house.shannon retains valid earned progress and legacy defaults
2026-10-02T04:21:35.2700966Z PASS craepets.house.shannon rejects sibling switch before changing healthy player/session
2026-10-02T04:21:35.2794384Z PASS craepets.house.shannon rejects damaged family visit without changing active lesson
2026-10-02T04:21:35.2867151Z PASS craepets.house.shannon public owner activity rejects before leaving current lesson
2026-10-02T04:21:35.2940878Z PASS craepets.house.shannon active storage event pauses stale persistence
2026-10-02T04:21:35.3014410Z PASS craepets.house.shannon damaged refresh pauses before state/player mutation
2026-10-02T04:21:35.3089965Z PASS craepets.house.shannon failed active startup is write-free
2026-10-02T04:21:35.3188874Z PASS craepets.house.tristan refuses partial JSON without replacing bytes
2026-10-02T04:21:35.3266546Z PASS craepets.house.tristan refuses empty string without replacing bytes
2026-10-02T04:21:35.3343499Z PASS craepets.house.tristan refuses whitespace without replacing bytes
2026-10-02T04:21:35.3419053Z PASS craepets.house.tristan refuses JSON null without replacing bytes
2026-10-02T04:21:35.3494312Z PASS craepets.house.tristan refuses array without replacing bytes
2026-10-02T04:21:35.3611734Z PASS craepets.house.tristan refuses number without replacing bytes
2026-10-02T04:21:35.3706594Z PASS craepets.house.tristan refuses boolean without replacing bytes
2026-10-02T04:21:35.3781022Z PASS craepets.house.tristan refuses old version without replacing bytes
2026-10-02T04:21:35.3856306Z PASS craepets.house.tristan refuses bad pet without replacing bytes
2026-10-02T04:21:35.3932957Z PASS craepets.house.tristan refuses stats string without replacing bytes
2026-10-02T04:21:35.4011357Z PASS craepets.house.tristan refuses fractional house without replacing bytes
2026-10-02T04:21:35.4100173Z PASS craepets.house.tristan refuses bad review without replacing bytes
2026-10-02T04:21:35.4176694Z PASS craepets.house.tristan refuses blank broken stats without replacing bytes
2026-10-02T04:21:35.4259721Z PASS craepets.house.tristan refuses blank broken house without replacing bytes
2026-10-02T04:21:35.4330700Z PASS craepets.house.tristan read failure is not absence
2026-10-02T04:21:35.4420593Z PASS craepets.house.tristan admits current blank without temporary pet or writes
2026-10-02T04:21:35.4493554Z PASS craepets.house.tristan admits legacy pet null without temporary pet or writes
2026-10-02T04:21:35.4565323Z PASS craepets.house.tristan admits legacy missing pet without temporary pet or writes
2026-10-02T04:21:35.4636358Z PASS craepets.house.tristan admits genuinely absent new valley
2026-10-02T04:21:35.4712885Z PASS craepets.house.tristan retains valid earned progress and legacy defaults
2026-10-02T04:21:35.4787957Z PASS craepets.house.tristan rejects sibling switch before changing healthy player/session
2026-10-02T04:21:35.4877576Z PASS craepets.house.tristan rejects damaged family visit without changing active lesson
2026-10-02T04:21:35.4948994Z PASS craepets.house.tristan public owner activity rejects before leaving current lesson
2026-10-02T04:21:35.5019789Z PASS craepets.house.tristan active storage event pauses stale persistence
2026-10-02T04:21:35.5090962Z PASS craepets.house.tristan damaged refresh pauses before state/player mutation
2026-10-02T04:21:35.5163239Z PASS craepets.house.tristan failed active startup is write-free
2026-10-02T04:21:35.5254817Z PASS craepets.house.guest refuses partial JSON without replacing bytes
2026-10-02T04:21:35.5328123Z PASS craepets.house.guest refuses empty string without replacing bytes
2026-10-02T04:21:35.5401510Z PASS craepets.house.guest refuses whitespace without replacing bytes
2026-10-02T04:21:35.5474731Z PASS craepets.house.guest refuses JSON null without replacing bytes
2026-10-02T04:21:35.5551268Z PASS craepets.house.guest refuses array without replacing bytes
2026-10-02T04:21:35.5639121Z PASS craepets.house.guest refuses number without replacing bytes
2026-10-02T04:21:35.5712384Z PASS craepets.house.guest refuses boolean without replacing bytes
2026-10-02T04:21:35.5787265Z PASS craepets.house.guest refuses old version without replacing bytes
2026-10-02T04:21:35.5861687Z PASS craepets.house.guest refuses bad pet without replacing bytes
2026-10-02T04:21:35.5952135Z PASS craepets.house.guest refuses stats string without replacing bytes
2026-10-02T04:21:35.6029353Z PASS craepets.house.guest refuses fractional house without replacing bytes
2026-10-02T04:21:35.6106810Z PASS craepets.house.guest refuses bad review without replacing bytes
2026-10-02T04:21:35.6184323Z PASS craepets.house.guest refuses blank broken stats without replacing bytes
2026-10-02T04:21:35.6277084Z PASS craepets.house.guest refuses blank broken house without replacing bytes
2026-10-02T04:21:35.6348646Z PASS craepets.house.guest read failure is not absence
2026-10-02T04:21:35.6422728Z PASS craepets.house.guest admits current blank without temporary pet or writes
2026-10-02T04:21:35.6494828Z PASS craepets.house.guest admits legacy pet null without temporary pet or writes
2026-10-02T04:21:35.6566814Z PASS craepets.house.guest admits legacy missing pet without temporary pet or writes
2026-10-02T04:21:35.6642134Z PASS craepets.house.guest admits genuinely absent new valley
2026-10-02T04:21:35.6737433Z PASS craepets.house.guest retains valid earned progress and legacy defaults
2026-10-02T04:21:35.6815301Z PASS craepets.house.guest rejects sibling switch before changing healthy player/session
2026-10-02T04:21:35.6888397Z PASS craepets.house.guest rejects damaged family visit without changing active lesson
2026-10-02T04:21:35.6961241Z PASS craepets.house.guest public owner activity rejects before leaving current lesson
2026-10-02T04:21:35.7033066Z PASS craepets.house.guest active storage event pauses stale persistence
2026-10-02T04:21:35.7125655Z PASS craepets.house.guest damaged refresh pauses before state/player mutation
2026-10-02T04:21:35.7196700Z PASS craepets.house.guest failed active startup is write-free
2026-10-02T04:21:35.7270896Z PASS craepets.jeannie refuses partial JSON without replacing bytes
2026-10-02T04:21:35.7345369Z PASS craepets.jeannie refuses empty string without replacing bytes
2026-10-02T04:21:35.7438554Z PASS craepets.jeannie refuses whitespace without replacing bytes
2026-10-02T04:21:35.7567486Z PASS craepets.jeannie refuses JSON null without replacing bytes
2026-10-02T04:21:35.7679051Z PASS craepets.jeannie refuses array without replacing bytes
2026-10-02T04:21:35.7774684Z PASS craepets.jeannie refuses number without replacing bytes
2026-10-02T04:21:35.7848023Z PASS craepets.jeannie refuses boolean without replacing bytes
2026-10-02T04:21:35.7938803Z PASS craepets.jeannie refuses old version without replacing bytes
2026-10-02T04:21:35.8015338Z PASS craepets.jeannie refuses bad pet without replacing bytes
2026-10-02T04:21:35.8095804Z PASS craepets.jeannie refuses stats string without replacing bytes
2026-10-02T04:21:35.8174273Z PASS craepets.jeannie refuses fractional house without replacing bytes
2026-10-02T04:21:35.8253397Z PASS craepets.jeannie refuses bad review without replacing bytes
2026-10-02T04:21:35.8343018Z PASS craepets.jeannie refuses blank broken stats without replacing bytes
2026-10-02T04:21:35.8420252Z PASS craepets.jeannie refuses blank broken house without replacing bytes
2026-10-02T04:21:35.8492305Z PASS craepets.jeannie read failure is not absence
2026-10-02T04:21:35.8565333Z PASS craepets.jeannie admits current blank without temporary pet or writes
2026-10-02T04:21:35.8636898Z PASS craepets.jeannie admits legacy pet null without temporary pet or writes
2026-10-02T04:21:35.8721810Z PASS craepets.jeannie admits legacy missing pet without temporary pet or writes
2026-10-02T04:21:35.8792320Z PASS craepets.jeannie admits genuinely absent new valley
2026-10-02T04:21:35.8867430Z PASS craepets.jeannie retains valid earned progress and legacy defaults
2026-10-02T04:21:35.8959528Z PASS craepets.jeannie rejects sibling switch before changing healthy player/session
2026-10-02T04:21:35.9047123Z PASS craepets.jeannie rejects damaged family visit without changing active lesson
2026-10-02T04:21:35.9117447Z PASS craepets.jeannie public owner activity rejects before leaving current lesson
2026-10-02T04:21:35.9187938Z PASS craepets.jeannie active storage event pauses stale persistence
2026-10-02T04:21:35.9258155Z PASS craepets.jeannie damaged refresh pauses before state/player mutation
2026-10-02T04:21:35.9327816Z PASS craepets.jeannie failed active startup is write-free
2026-10-02T04:21:35.9400705Z PASS craepets.cory refuses partial JSON without replacing bytes
2026-10-02T04:21:35.9485617Z PASS craepets.cory refuses empty string without replacing bytes
2026-10-02T04:21:35.9558224Z PASS craepets.cory refuses whitespace without replacing bytes
2026-10-02T04:21:35.9630514Z PASS craepets.cory refuses JSON null without replacing bytes
2026-10-02T04:21:35.9704795Z PASS craepets.cory refuses array without replacing bytes
2026-10-02T04:21:35.9794228Z PASS craepets.cory refuses number without replacing bytes
2026-10-02T04:21:35.9866879Z PASS craepets.cory refuses boolean without replacing bytes
2026-10-02T04:21:35.9940628Z PASS craepets.cory refuses old version without replacing bytes
2026-10-02T04:21:36.0014020Z PASS craepets.cory refuses bad pet without replacing bytes
2026-10-02T04:21:36.0102233Z PASS craepets.cory refuses stats string without replacing bytes
2026-10-02T04:21:36.0178756Z PASS craepets.cory refuses fractional house without replacing bytes
2026-10-02T04:21:36.0255864Z PASS craepets.cory refuses bad review without replacing bytes
2026-10-02T04:21:36.0330676Z PASS craepets.cory refuses blank broken stats without replacing bytes
2026-10-02T04:21:36.0406924Z PASS craepets.cory refuses blank broken house without replacing bytes
2026-10-02T04:21:36.0492342Z PASS craepets.cory read failure is not absence
2026-10-02T04:21:36.0566279Z PASS craepets.cory admits current blank without temporary pet or writes
2026-10-02T04:21:36.0637343Z PASS craepets.cory admits legacy pet null without temporary pet or writes
2026-10-02T04:21:36.0708210Z PASS craepets.cory admits legacy missing pet without temporary pet or writes
2026-10-02T04:21:36.0779907Z PASS craepets.cory admits genuinely absent new valley
2026-10-02T04:21:36.0872816Z PASS craepets.cory retains valid earned progress and legacy defaults
2026-10-02T04:21:36.0949884Z PASS craepets.cory rejects sibling switch before changing healthy player/session
2026-10-02T04:21:36.1020849Z PASS craepets.cory rejects damaged family visit without changing active lesson
2026-10-02T04:21:36.1091685Z PASS craepets.cory public owner activity rejects before leaving current lesson
2026-10-02T04:21:36.1162721Z PASS craepets.cory active storage event pauses stale persistence
2026-10-02T04:21:36.1248792Z PASS craepets.cory damaged refresh pauses before state/player mutation
2026-10-02T04:21:36.1318572Z PASS craepets.cory failed active startup is write-free
2026-10-02T04:21:36.1391680Z PASS craepets.ellie refuses partial JSON without replacing bytes
2026-10-02T04:21:36.1465535Z PASS craepets.ellie refuses empty string without replacing bytes
2026-10-02T04:21:36.1538308Z PASS craepets.ellie refuses whitespace without replacing bytes
2026-10-02T04:21:36.1627707Z PASS craepets.ellie refuses JSON null without replacing bytes
2026-10-02T04:21:36.1700283Z PASS craepets.ellie refuses array without replacing bytes
2026-10-02T04:21:36.1773283Z PASS craepets.ellie refuses number without replacing bytes
2026-10-02T04:21:36.1845888Z PASS craepets.ellie refuses boolean without replacing bytes
2026-10-02T04:21:36.1932339Z PASS craepets.ellie refuses old version without replacing bytes
2026-10-02T04:21:36.2005609Z PASS craepets.ellie refuses bad pet without replacing bytes
2026-10-02T04:21:36.2080137Z PASS craepets.ellie refuses stats string without replacing bytes
2026-10-02T04:21:36.2156692Z PASS craepets.ellie refuses fractional house without replacing bytes
2026-10-02T04:21:36.2234595Z PASS craepets.ellie refuses bad review without replacing bytes
2026-10-02T04:21:36.2324203Z PASS craepets.ellie refuses blank broken stats without replacing bytes
2026-10-02T04:21:36.2400933Z PASS craepets.ellie refuses blank broken house without replacing bytes
2026-10-02T04:21:36.2471920Z PASS craepets.ellie read failure is not absence
2026-10-02T04:21:36.2544688Z PASS craepets.ellie admits current blank without temporary pet or writes
2026-10-02T04:21:36.2621689Z PASS craepets.ellie admits legacy pet null without temporary pet or writes
2026-10-02T04:21:36.2707154Z PASS craepets.ellie admits legacy missing pet without temporary pet or writes
2026-10-02T04:21:36.2779011Z PASS craepets.ellie admits genuinely absent new valley
2026-10-02T04:21:36.2855450Z PASS craepets.ellie retains valid earned progress and legacy defaults
2026-10-02T04:21:36.2929963Z PASS craepets.ellie rejects sibling switch before changing healthy player/session
2026-10-02T04:21:36.3000648Z PASS craepets.ellie rejects damaged family visit without changing active lesson
2026-10-02T04:21:36.3088371Z PASS craepets.ellie public owner activity rejects before leaving current lesson
2026-10-02T04:21:36.3159170Z PASS craepets.ellie active storage event pauses stale persistence
2026-10-02T04:21:36.3229958Z PASS craepets.ellie damaged refresh pauses before state/player mutation
2026-10-02T04:21:36.3300002Z PASS craepets.ellie failed active startup is write-free
2026-10-02T04:21:36.3373507Z PASS craepets.kieran refuses partial JSON without replacing bytes
2026-10-02T04:21:36.3462291Z PASS craepets.kieran refuses empty string without replacing bytes
2026-10-02T04:21:36.3535738Z PASS craepets.kieran refuses whitespace without replacing bytes
2026-10-02T04:21:36.3608818Z PASS craepets.kieran refuses JSON null without replacing bytes
2026-10-02T04:21:36.3681867Z PASS craepets.kieran refuses array without replacing bytes
2026-10-02T04:21:36.3754836Z PASS craepets.kieran refuses number without replacing bytes
2026-10-02T04:21:36.3872453Z PASS craepets.kieran refuses boolean without replacing bytes
2026-10-02T04:21:36.3952161Z PASS craepets.kieran refuses old version without replacing bytes
2026-10-02T04:21:36.4047258Z PASS craepets.kieran refuses bad pet without replacing bytes
2026-10-02T04:21:36.4127125Z PASS craepets.kieran refuses stats string without replacing bytes
2026-10-02T04:21:36.4208135Z PASS craepets.kieran refuses fractional house without replacing bytes
2026-10-02T04:21:36.4300795Z PASS craepets.kieran refuses bad review without replacing bytes
2026-10-02T04:21:36.4379849Z PASS craepets.kieran refuses blank broken stats without replacing bytes
2026-10-02T04:21:36.4460348Z PASS craepets.kieran refuses blank broken house without replacing bytes
2026-10-02T04:21:36.4535376Z PASS craepets.kieran read failure is not absence
2026-10-02T04:21:36.4612461Z PASS craepets.kieran admits current blank without temporary pet or writes
2026-10-02T04:21:36.4704904Z PASS craepets.kieran admits legacy pet null without temporary pet or writes
2026-10-02T04:21:36.4782278Z PASS craepets.kieran admits legacy missing pet without temporary pet or writes
2026-10-02T04:21:36.4858544Z PASS craepets.kieran admits genuinely absent new valley
2026-10-02T04:21:36.4938339Z PASS craepets.kieran retains valid earned progress and legacy defaults
2026-10-02T04:21:36.5016992Z PASS craepets.kieran rejects sibling switch before changing healthy player/session
2026-10-02T04:21:36.5106314Z PASS craepets.kieran rejects damaged family visit without changing active lesson
2026-10-02T04:21:36.5181194Z PASS craepets.kieran public owner activity rejects before leaving current lesson
2026-10-02T04:21:36.5256255Z PASS craepets.kieran active storage event pauses stale persistence
2026-10-02T04:21:36.5330799Z PASS craepets.kieran damaged refresh pauses before state/player mutation
2026-10-02T04:21:36.5406150Z PASS craepets.kieran failed active startup is write-free
2026-10-02T04:21:36.5483334Z PASS craepets.shannon refuses partial JSON without replacing bytes
2026-10-02T04:21:36.5576419Z PASS craepets.shannon refuses empty string without replacing bytes
2026-10-02T04:21:36.5653811Z PASS craepets.shannon refuses whitespace without replacing bytes
2026-10-02T04:21:36.5730767Z PASS craepets.shannon refuses JSON null without replacing bytes
2026-10-02T04:21:36.5807828Z PASS craepets.shannon refuses array without replacing bytes
2026-10-02T04:21:36.5900379Z PASS craepets.shannon refuses number without replacing bytes
2026-10-02T04:21:36.5977987Z PASS craepets.shannon refuses boolean without replacing bytes
2026-10-02T04:21:36.6056359Z PASS craepets.shannon refuses old version without replacing bytes
2026-10-02T04:21:36.6134749Z PASS craepets.shannon refuses bad pet without replacing bytes
2026-10-02T04:21:36.6229282Z PASS craepets.shannon refuses stats string without replacing bytes
2026-10-02T04:21:36.6310413Z PASS craepets.shannon refuses fractional house without replacing bytes
2026-10-02T04:21:36.6392878Z PASS craepets.shannon refuses bad review without replacing bytes
2026-10-02T04:21:36.6472840Z PASS craepets.shannon refuses blank broken stats without replacing bytes
2026-10-02T04:21:36.6554783Z PASS craepets.shannon refuses blank broken house without replacing bytes
2026-10-02T04:21:36.6642790Z PASS craepets.shannon read failure is not absence
2026-10-02T04:21:36.6719771Z PASS craepets.shannon admits current blank without temporary pet or writes
2026-10-02T04:21:36.6795480Z PASS craepets.shannon admits legacy pet null without temporary pet or writes
2026-10-02T04:21:36.6871240Z PASS craepets.shannon admits legacy missing pet without temporary pet or writes
2026-10-02T04:21:36.6946602Z PASS craepets.shannon admits genuinely absent new valley
2026-10-02T04:21:36.7043749Z PASS craepets.shannon retains valid earned progress and legacy defaults
2026-10-02T04:21:36.7122945Z PASS craepets.shannon rejects sibling switch before changing healthy player/session
2026-10-02T04:21:36.7198077Z PASS craepets.shannon rejects damaged family visit without changing active lesson
2026-10-02T04:21:36.7272941Z PASS craepets.shannon public owner activity rejects before leaving current lesson
2026-10-02T04:21:36.7348569Z PASS craepets.shannon active storage event pauses stale persistence
2026-10-02T04:21:36.7439900Z PASS craepets.shannon damaged refresh pauses before state/player mutation
2026-10-02T04:21:36.7514117Z PASS craepets.shannon failed active startup is write-free
2026-10-02T04:21:36.7590742Z PASS craepets.tristan refuses partial JSON without replacing bytes
2026-10-02T04:21:36.7667775Z PASS craepets.tristan refuses empty string without replacing bytes
2026-10-02T04:21:36.7744388Z PASS craepets.tristan refuses whitespace without replacing bytes
2026-10-02T04:21:36.7835953Z PASS craepets.tristan refuses JSON null without replacing bytes
2026-10-02T04:21:36.7912435Z PASS craepets.tristan refuses array without replacing bytes
2026-10-02T04:21:36.7989117Z PASS craepets.tristan refuses number without replacing bytes
2026-10-02T04:21:36.8065484Z PASS craepets.tristan refuses boolean without replacing bytes
2026-10-02T04:21:36.8157600Z PASS craepets.tristan refuses old version without replacing bytes
2026-10-02T04:21:36.8235460Z PASS craepets.tristan refuses bad pet without replacing bytes
2026-10-02T04:21:36.8314653Z PASS craepets.tristan refuses stats string without replacing bytes
2026-10-02T04:21:36.8396085Z PASS craepets.tristan refuses fractional house without replacing bytes
2026-10-02T04:21:36.8477701Z PASS craepets.tristan refuses bad review without replacing bytes
2026-10-02T04:21:36.8569871Z PASS craepets.tristan refuses blank broken stats without replacing bytes
2026-10-02T04:21:36.8650592Z PASS craepets.tristan refuses blank broken house without replacing bytes
2026-10-02T04:21:36.8725552Z PASS craepets.tristan read failure is not absence
2026-10-02T04:21:36.8803625Z PASS craepets.tristan admits current blank without temporary pet or writes
2026-10-02T04:21:36.8880861Z PASS craepets.tristan admits legacy pet null without temporary pet or writes
2026-10-02T04:21:36.8975935Z PASS craepets.tristan admits legacy missing pet without temporary pet or writes
2026-10-02T04:21:36.9052618Z PASS craepets.tristan admits genuinely absent new valley
2026-10-02T04:21:36.9132282Z PASS craepets.tristan retains valid earned progress and legacy defaults
2026-10-02T04:21:36.9210272Z PASS craepets.tristan rejects sibling switch before changing healthy player/session
2026-10-02T04:21:36.9284540Z PASS craepets.tristan rejects damaged family visit without changing active lesson
2026-10-02T04:21:36.9401898Z PASS craepets.tristan public owner activity rejects before leaving current lesson
2026-10-02T04:21:36.9486613Z PASS craepets.tristan active storage event pauses stale persistence
2026-10-02T04:21:36.9560436Z PASS craepets.tristan damaged refresh pauses before state/player mutation
2026-10-02T04:21:36.9635071Z PASS craepets.tristan failed active startup is write-free
2026-10-02T04:21:36.9713852Z PASS craepets.guest refuses partial JSON without replacing bytes
2026-10-02T04:21:36.9794756Z PASS craepets.guest refuses empty string without replacing bytes
2026-10-02T04:21:36.9921494Z PASS craepets.guest refuses whitespace without replacing bytes
2026-10-02T04:21:37.0033592Z PASS craepets.guest refuses JSON null without replacing bytes
2026-10-02T04:21:37.0143119Z PASS craepets.guest refuses array without replacing bytes
2026-10-02T04:21:37.0246301Z PASS craepets.guest refuses number without replacing bytes
2026-10-02T04:21:37.0374617Z PASS craepets.guest refuses boolean without replacing bytes
2026-10-02T04:21:37.0487590Z PASS craepets.guest refuses old version without replacing bytes
2026-10-02T04:21:37.0597311Z PASS craepets.guest refuses bad pet without replacing bytes
2026-10-02T04:21:37.0713540Z PASS craepets.guest refuses stats string without replacing bytes
2026-10-02T04:21:37.0833568Z PASS craepets.guest refuses fractional house without replacing bytes
2026-10-02T04:21:37.0972445Z PASS craepets.guest refuses bad review without replacing bytes
2026-10-02T04:21:37.1056852Z PASS craepets.guest refuses blank broken stats without replacing bytes
2026-10-02T04:21:37.1145232Z PASS craepets.guest refuses blank broken house without replacing bytes
2026-10-02T04:21:37.1222555Z PASS craepets.guest read failure is not absence
2026-10-02T04:21:37.1315715Z PASS craepets.guest admits current blank without temporary pet or writes
2026-10-02T04:21:37.1393143Z PASS craepets.guest admits legacy pet null without temporary pet or writes
2026-10-02T04:21:37.1469828Z PASS craepets.guest admits legacy missing pet without temporary pet or writes
2026-10-02T04:21:37.1544939Z PASS craepets.guest admits genuinely absent new valley
2026-10-02T04:21:37.1624344Z PASS craepets.guest retains valid earned progress and legacy defaults
2026-10-02T04:21:37.1703501Z PASS craepets.guest rejects sibling switch before changing healthy player/session
2026-10-02T04:21:37.1797315Z PASS craepets.guest rejects damaged family visit without changing active lesson
2026-10-02T04:21:37.1873359Z PASS craepets.guest public owner activity rejects before leaving current lesson
2026-10-02T04:21:37.1950067Z PASS craepets.guest active storage event pauses stale persistence
2026-10-02T04:21:37.2027462Z PASS craepets.guest damaged refresh pauses before state/player mutation
2026-10-02T04:21:37.2102671Z PASS craepets.guest failed active startup is write-free
2026-10-02T04:21:37.2175995Z PASS craepets.house. native-ID fence refuses unknown keys before reading
2026-10-02T04:21:37.2272120Z PASS craepets.house.WHO read unavailable pauses startup without writes
2026-10-02T04:21:37.2347707Z PASS craepets.house.invalid WHO pauses startup without writes
2026-10-02T04:21:37.2441566Z PASS craepets.house. unavailable sibling stays out of neighborhood without blocking healthy current
2026-10-02T04:21:37.2518696Z PASS craepets.house. prior family pending guard remains effective
2026-10-02T04:21:37.2590439Z PASS craepets. native-ID fence refuses unknown keys before reading
2026-10-02T04:21:37.2681316Z PASS craepets.WHO read unavailable pauses startup without writes
2026-10-02T04:21:37.2755710Z PASS craepets.invalid WHO pauses startup without writes
2026-10-02T04:21:37.2842442Z PASS craepets. unavailable sibling stays out of neighborhood without blocking healthy current
2026-10-02T04:21:37.2916647Z PASS craepets. prior family pending guard remains effective
2026-10-02T04:21:37.3005315Z PASS craepets.house.jeannie actual registration refuses damaged active with all healthy siblings
2026-10-02T04:21:37.3107168Z PASS craepets.house.cory actual registration refuses damaged active with all healthy siblings
2026-10-02T04:21:37.3191418Z PASS craepets.house.ellie actual registration refuses damaged active with all healthy siblings
2026-10-02T04:21:37.3274286Z PASS craepets.house.kieran actual registration refuses damaged active with all healthy siblings
2026-10-02T04:21:37.3357839Z PASS craepets.house.shannon actual registration refuses damaged active with all healthy siblings
2026-10-02T04:21:37.3453941Z PASS craepets.house.tristan actual registration refuses damaged active with all healthy siblings
2026-10-02T04:21:37.3536087Z PASS craepets.house.guest actual registration refuses damaged active with all healthy siblings
2026-10-02T04:21:37.3617747Z PASS craepets.jeannie actual registration refuses damaged active with all healthy siblings
2026-10-02T04:21:37.3698711Z PASS craepets.cory actual registration refuses damaged active with all healthy siblings
2026-10-02T04:21:37.3791898Z PASS craepets.ellie actual registration refuses damaged active with all healthy siblings
2026-10-02T04:21:37.3873097Z PASS craepets.kieran actual registration refuses damaged active with all healthy siblings
2026-10-02T04:21:37.3954912Z PASS craepets.shannon actual registration refuses damaged active with all healthy siblings
2026-10-02T04:21:37.4052857Z PASS craepets.tristan actual registration refuses damaged active with all healthy siblings
2026-10-02T04:21:37.4135007Z PASS craepets.guest actual registration refuses damaged active with all healthy siblings
2026-10-02T04:21:37.4210619Z PASS actual house registration distinguishes WHO read unavailable and suppresses its one auto cycle
2026-10-02T04:21:37.4285801Z PASS actual house registration distinguishes active read unavailable and suppresses its one auto cycle
2026-10-02T04:21:37.4288755Z PASS active saved-data loader: 390 production checks across seven house/shared profiles; malformed/read-failure preservation, blank/legacy/earned states, startup, switching, refresh and external-update refusal.
2026-10-02T04:21:37.4455120Z PASS: craepets-active-save.cjs (3.4s)
2026-10-02T04:21:37.4455758Z 
2026-10-02T04:21:37.4456280Z --- craepets-active-save-browser.cjs ---
2026-10-02T04:21:50.9984615Z PASS active loader Chromium Desktop: all fourteen active profile/mode refusals, exact namespaces/selection, real startup gate/link/download, unavailable reads/retry, sibling lesson preservation, other-document storage refusal and valid legacy/blank play.
2026-10-02T04:22:01.0435767Z PASS active loader Chromium iPad: all fourteen active profile/mode refusals, exact namespaces/selection, real startup gate/link/download, unavailable reads/retry, sibling lesson preservation, other-document storage refusal and valid legacy/blank play.
2026-10-02T04:22:10.0839862Z PASS active loader Chromium iPhone: all fourteen active profile/mode refusals, exact namespaces/selection, real startup gate/link/download, unavailable reads/retry, sibling lesson preservation, other-document storage refusal and valid legacy/blank play.
2026-10-02T04:22:10.2356974Z PASS: craepets-active-save-browser.cjs (32.8s)
2026-10-02T04:22:10.2357420Z 
2026-10-02T04:22:10.2357699Z --- craepets-auto-seeding.cjs ---
2026-10-02T04:22:10.2830226Z PASS jeannie does not seed stats string
2026-10-02T04:22:10.2935826Z PASS jeannie does not seed fractional legacy house
2026-10-02T04:22:10.3032275Z PASS jeannie does not seed review null
2026-10-02T04:22:10.3129556Z PASS jeannie does not seed bag string count
2026-10-02T04:22:10.3225925Z PASS jeannie does not seed subject stats
2026-10-02T04:22:10.3324397Z PASS jeannie does not seed room array
2026-10-02T04:22:10.3427368Z PASS jeannie does not seed species
2026-10-02T04:22:10.3513554Z PASS jeannie does not seed colour
2026-10-02T04:22:10.3608932Z PASS jeannie does not seed blank pet name
2026-10-02T04:22:10.3696498Z PASS jeannie does not seed null needs
2026-10-02T04:22:10.3790886Z PASS jeannie does not seed diary record
2026-10-02T04:22:10.3891547Z PASS jeannie does not seed mail record
2026-10-02T04:22:10.3980648Z PASS jeannie does not seed quest record
2026-10-02T04:22:10.4070596Z PASS jeannie does not seed negative coins
2026-10-02T04:22:10.4164619Z PASS jeannie does not seed bank array
2026-10-02T04:22:10.4268218Z PASS jeannie does not seed seen row
2026-10-02T04:22:10.4352189Z PASS jeannie does not seed pet array
2026-10-02T04:22:10.4443361Z PASS jeannie does not seed version
2026-10-02T04:22:10.4537640Z PASS jeannie does not seed answer index
2026-10-02T04:22:10.4636298Z PASS cory does not seed stats string
2026-10-02T04:22:10.4717960Z PASS cory does not seed fractional legacy house
2026-10-02T04:22:10.4828659Z PASS cory does not seed review null
2026-10-02T04:22:10.4909120Z PASS cory does not seed bag string count
2026-10-02T04:22:10.4989291Z PASS cory does not seed subject stats
2026-10-02T04:22:10.5070450Z PASS cory does not seed room array
2026-10-02T04:22:10.5160497Z PASS cory does not seed species
2026-10-02T04:22:10.5239989Z PASS cory does not seed colour
2026-10-02T04:22:10.5319199Z PASS cory does not seed blank pet name
2026-10-02T04:22:10.5399497Z PASS cory does not seed null needs
2026-10-02T04:22:10.5492717Z PASS cory does not seed diary record
2026-10-02T04:22:10.5572634Z PASS cory does not seed mail record
2026-10-02T04:22:10.5652555Z PASS cory does not seed quest record
2026-10-02T04:22:10.5754671Z PASS cory does not seed negative coins
2026-10-02T04:22:10.5835974Z PASS cory does not seed bank array
2026-10-02T04:22:10.5920082Z PASS cory does not seed seen row
2026-10-02T04:22:10.6001359Z PASS cory does not seed pet array
2026-10-02T04:22:10.6089928Z PASS cory does not seed version
2026-10-02T04:22:10.6184413Z PASS cory does not seed answer index
2026-10-02T04:22:10.6277482Z PASS ellie does not seed stats string
2026-10-02T04:22:10.6374676Z PASS ellie does not seed fractional legacy house
2026-10-02T04:22:10.6480966Z PASS ellie does not seed review null
2026-10-02T04:22:10.6567694Z PASS ellie does not seed bag string count
2026-10-02T04:22:10.6653177Z PASS ellie does not seed subject stats
2026-10-02T04:22:10.6744126Z PASS ellie does not seed room array
2026-10-02T04:22:10.6838168Z PASS ellie does not seed species
2026-10-02T04:22:10.6934761Z PASS ellie does not seed colour
2026-10-02T04:22:10.7031667Z PASS ellie does not seed blank pet name
2026-10-02T04:22:10.7145536Z PASS ellie does not seed null needs
2026-10-02T04:22:10.7231916Z PASS ellie does not seed diary record
2026-10-02T04:22:10.7317564Z PASS ellie does not seed mail record
2026-10-02T04:22:10.7403760Z PASS ellie does not seed quest record
2026-10-02T04:22:10.7489660Z PASS ellie does not seed negative coins
2026-10-02T04:22:10.7574879Z PASS ellie does not seed bank array
2026-10-02T04:22:10.7661414Z PASS ellie does not seed seen row
2026-10-02T04:22:10.7773864Z PASS ellie does not seed pet array
2026-10-02T04:22:10.7858278Z PASS ellie does not seed version
2026-10-02T04:22:10.7944348Z PASS ellie does not seed answer index
2026-10-02T04:22:10.8030797Z PASS kieran does not seed stats string
2026-10-02T04:22:10.8119267Z PASS kieran does not seed fractional legacy house
2026-10-02T04:22:10.8207757Z PASS kieran does not seed review null
2026-10-02T04:22:10.8297959Z PASS kieran does not seed bag string count
2026-10-02T04:22:10.8410370Z PASS kieran does not seed subject stats
2026-10-02T04:22:10.8498812Z PASS kieran does not seed room array
2026-10-02T04:22:10.8583733Z PASS kieran does not seed species
2026-10-02T04:22:10.8667692Z PASS kieran does not seed colour
2026-10-02T04:22:10.8759510Z PASS kieran does not seed blank pet name
2026-10-02T04:22:10.8846174Z PASS kieran does not seed null needs
2026-10-02T04:22:10.8931278Z PASS kieran does not seed diary record
2026-10-02T04:22:10.9043066Z PASS kieran does not seed mail record
2026-10-02T04:22:10.9127456Z PASS kieran does not seed quest record
2026-10-02T04:22:10.9210432Z PASS kieran does not seed negative coins
2026-10-02T04:22:10.9294331Z PASS kieran does not seed bank array
2026-10-02T04:22:10.9378996Z PASS kieran does not seed seen row
2026-10-02T04:22:10.9462261Z PASS kieran does not seed pet array
2026-10-02T04:22:10.9546617Z PASS kieran does not seed version
2026-10-02T04:22:10.9657504Z PASS kieran does not seed answer index
2026-10-02T04:22:10.9741079Z PASS shannon does not seed stats string
2026-10-02T04:22:10.9826818Z PASS shannon does not seed fractional legacy house
2026-10-02T04:22:10.9911256Z PASS shannon does not seed review null
2026-10-02T04:22:11.0024335Z PASS shannon does not seed bag string count
2026-10-02T04:22:11.0106807Z PASS shannon does not seed subject stats
2026-10-02T04:22:11.0189500Z PASS shannon does not seed room array
2026-10-02T04:22:11.0271328Z PASS shannon does not seed species
2026-10-02T04:22:11.0353185Z PASS shannon does not seed colour
2026-10-02T04:22:11.0435764Z PASS shannon does not seed blank pet name
2026-10-02T04:22:11.0520539Z PASS shannon does not seed null needs
2026-10-02T04:22:11.0606000Z PASS shannon does not seed diary record
2026-10-02T04:22:11.0707855Z PASS shannon does not seed mail record
2026-10-02T04:22:11.0791796Z PASS shannon does not seed quest record
2026-10-02T04:22:11.0877342Z PASS shannon does not seed negative coins
2026-10-02T04:22:11.0961278Z PASS shannon does not seed bank array
2026-10-02T04:22:11.1045791Z PASS shannon does not seed seen row
2026-10-02T04:22:11.1128465Z PASS shannon does not seed pet array
2026-10-02T04:22:11.1211976Z PASS shannon does not seed version
2026-10-02T04:22:11.1323048Z PASS shannon does not seed answer index
2026-10-02T04:22:11.1408912Z PASS tristan does not seed stats string
2026-10-02T04:22:11.1495809Z PASS tristan does not seed fractional legacy house
2026-10-02T04:22:11.1578580Z PASS tristan does not seed review null
2026-10-02T04:22:11.1662085Z PASS tristan does not seed bag string count
2026-10-02T04:22:11.1744798Z PASS tristan does not seed subject stats
2026-10-02T04:22:11.1827698Z PASS tristan does not seed room array
2026-10-02T04:22:11.1928949Z PASS tristan does not seed species
2026-10-02T04:22:11.2010361Z PASS tristan does not seed colour
2026-10-02T04:22:11.2091511Z PASS tristan does not seed blank pet name
2026-10-02T04:22:11.2174247Z PASS tristan does not seed null needs
2026-10-02T04:22:11.2258450Z PASS tristan does not seed diary record
2026-10-02T04:22:11.2343220Z PASS tristan does not seed mail record
2026-10-02T04:22:11.2428028Z PASS tristan does not seed quest record
2026-10-02T04:22:11.2510380Z PASS tristan does not seed negative coins
2026-10-02T04:22:11.2612119Z PASS tristan does not seed bank array
2026-10-02T04:22:11.2694282Z PASS tristan does not seed seen row
2026-10-02T04:22:11.2777135Z PASS tristan does not seed pet array
2026-10-02T04:22:11.2860561Z PASS tristan does not seed version
2026-10-02T04:22:11.2945452Z PASS tristan does not seed answer index
2026-10-02T04:22:11.3028095Z PASS guest does not seed stats string
2026-10-02T04:22:11.3123226Z PASS guest does not seed fractional legacy house
2026-10-02T04:22:11.3236922Z PASS guest does not seed review null
2026-10-02T04:22:11.3323570Z PASS guest does not seed bag string count
2026-10-02T04:22:11.3410378Z PASS guest does not seed subject stats
2026-10-02T04:22:11.3495557Z PASS guest does not seed room array
2026-10-02T04:22:11.3578555Z PASS guest does not seed species
2026-10-02T04:22:11.3662134Z PASS guest does not seed colour
2026-10-02T04:22:11.3744616Z PASS guest does not seed blank pet name
2026-10-02T04:22:11.3847829Z PASS guest does not seed null needs
2026-10-02T04:22:11.3930103Z PASS guest does not seed diary record
2026-10-02T04:22:11.4012764Z PASS guest does not seed mail record
2026-10-02T04:22:11.4095440Z PASS guest does not seed quest record
2026-10-02T04:22:11.4177578Z PASS guest does not seed negative coins
2026-10-02T04:22:11.4260417Z PASS guest does not seed bank array
2026-10-02T04:22:11.4344508Z PASS guest does not seed seen row
2026-10-02T04:22:11.4445854Z PASS guest does not seed pet array
2026-10-02T04:22:11.4527067Z PASS guest does not seed version
2026-10-02T04:22:11.4610243Z PASS guest does not seed answer index
2026-10-02T04:22:11.4692151Z PASS jeannie preserves present raw ""
2026-10-02T04:22:11.4772786Z PASS jeannie preserves present raw "null"
2026-10-02T04:22:11.4853724Z PASS jeannie preserves present raw "[]"
2026-10-02T04:22:11.4934869Z PASS jeannie preserves present raw "0"
2026-10-02T04:22:11.5038175Z PASS jeannie preserves present raw "  "
2026-10-02T04:22:11.5122874Z PASS jeannie preserves present raw "{ valuable partial bytes"
2026-10-02T04:22:11.5205376Z PASS jeannie preserves present raw "{\"v\":2,\"pet\":{\"name\":\"Future\",\"species\":\"blorb\",\"colour\":\"meadow\"}}"
2026-10-02T04:22:11.5287931Z PASS jeannie preserves present raw "{\"v\":1,\"pet\":{\"name\":\"Damaged\",\"species\":\"blorb\",\"colour\":\"meadow\"},\"stats\":\"broken\"}"
2026-10-02T04:22:11.5368379Z PASS cory preserves present raw ""
2026-10-02T04:22:11.5448861Z PASS cory preserves present raw "null"
2026-10-02T04:22:11.5533456Z PASS cory preserves present raw "[]"
2026-10-02T04:22:11.5642803Z PASS cory preserves present raw "0"
2026-10-02T04:22:11.5725171Z PASS cory preserves present raw "  "
2026-10-02T04:22:11.5807528Z PASS cory preserves present raw "{ valuable partial bytes"
2026-10-02T04:22:11.5890615Z PASS cory preserves present raw "{\"v\":2,\"pet\":{\"name\":\"Future\",\"species\":\"blorb\",\"colour\":\"meadow\"}}"
2026-10-02T04:22:11.6017485Z PASS cory preserves present raw "{\"v\":1,\"pet\":{\"name\":\"Damaged\",\"species\":\"blorb\",\"colour\":\"meadow\"},\"stats\":\"broken\"}"
2026-10-02T04:22:11.6101160Z PASS ellie preserves present raw ""
2026-10-02T04:22:11.6185877Z PASS ellie preserves present raw "null"
2026-10-02T04:22:11.6268537Z PASS ellie preserves present raw "[]"
2026-10-02T04:22:11.6351609Z PASS ellie preserves present raw "0"
2026-10-02T04:22:11.6434619Z PASS ellie preserves present raw "  "
2026-10-02T04:22:11.6516237Z PASS ellie preserves present raw "{ valuable partial bytes"
2026-10-02T04:22:11.6599522Z PASS ellie preserves present raw "{\"v\":2,\"pet\":{\"name\":\"Future\",\"species\":\"blorb\",\"colour\":\"meadow\"}}"
2026-10-02T04:22:11.6681872Z PASS ellie preserves present raw "{\"v\":1,\"pet\":{\"name\":\"Damaged\",\"species\":\"blorb\",\"colour\":\"meadow\"},\"stats\":\"broken\"}"
2026-10-02T04:22:11.6780227Z PASS kieran preserves present raw ""
2026-10-02T04:22:11.6862500Z PASS kieran preserves present raw "null"
2026-10-02T04:22:11.6944507Z PASS kieran preserves present raw "[]"
2026-10-02T04:22:11.7026570Z PASS kieran preserves present raw "0"
2026-10-02T04:22:11.7111528Z PASS kieran preserves present raw "  "
2026-10-02T04:22:11.7194037Z PASS kieran preserves present raw "{ valuable partial bytes"
2026-10-02T04:22:11.7301016Z PASS kieran preserves present raw "{\"v\":2,\"pet\":{\"name\":\"Future\",\"species\":\"blorb\",\"colour\":\"meadow\"}}"
2026-10-02T04:22:11.7383366Z PASS kieran preserves present raw "{\"v\":1,\"pet\":{\"name\":\"Damaged\",\"species\":\"blorb\",\"colour\":\"meadow\"},\"stats\":\"broken\"}"
2026-10-02T04:22:11.7464940Z PASS shannon preserves present raw ""
2026-10-02T04:22:11.7547138Z PASS shannon preserves present raw "null"
2026-10-02T04:22:11.7628983Z PASS shannon preserves present raw "[]"
2026-10-02T04:22:11.7712131Z PASS shannon preserves present raw "0"
2026-10-02T04:22:11.7794716Z PASS shannon preserves present raw "  "
2026-10-02T04:22:11.7876816Z PASS shannon preserves present raw "{ valuable partial bytes"
2026-10-02T04:22:11.7979360Z PASS shannon preserves present raw "{\"v\":2,\"pet\":{\"name\":\"Future\",\"species\":\"blorb\",\"colour\":\"meadow\"}}"
2026-10-02T04:22:11.8060268Z PASS shannon preserves present raw "{\"v\":1,\"pet\":{\"name\":\"Damaged\",\"species\":\"blorb\",\"colour\":\"meadow\"},\"stats\":\"broken\"}"
2026-10-02T04:22:11.8141397Z PASS tristan preserves present raw ""
2026-10-02T04:22:11.8224671Z PASS tristan preserves present raw "null"
2026-10-02T04:22:11.8307027Z PASS tristan preserves present raw "[]"
2026-10-02T04:22:11.8393155Z PASS tristan preserves present raw "0"
2026-10-02T04:22:11.8475152Z PASS tristan preserves present raw "  "
2026-10-02T04:22:11.8577283Z PASS tristan preserves present raw "{ valuable partial bytes"
2026-10-02T04:22:11.8659614Z PASS tristan preserves present raw "{\"v\":2,\"pet\":{\"name\":\"Future\",\"species\":\"blorb\",\"colour\":\"meadow\"}}"
2026-10-02T04:22:11.8740399Z PASS tristan preserves present raw "{\"v\":1,\"pet\":{\"name\":\"Damaged\",\"species\":\"blorb\",\"colour\":\"meadow\"},\"stats\":\"broken\"}"
2026-10-02T04:22:11.8820164Z PASS guest preserves present raw ""
2026-10-02T04:22:11.8900227Z PASS guest preserves present raw "null"
2026-10-02T04:22:11.8980384Z PASS guest preserves present raw "[]"
2026-10-02T04:22:11.9060412Z PASS guest preserves present raw "0"
2026-10-02T04:22:11.9163423Z PASS guest preserves present raw "  "
2026-10-02T04:22:11.9243561Z PASS guest preserves present raw "{ valuable partial bytes"
2026-10-02T04:22:11.9324903Z PASS guest preserves present raw "{\"v\":2,\"pet\":{\"name\":\"Future\",\"species\":\"blorb\",\"colour\":\"meadow\"}}"
2026-10-02T04:22:11.9404316Z PASS guest preserves present raw "{\"v\":1,\"pet\":{\"name\":\"Damaged\",\"species\":\"blorb\",\"colour\":\"meadow\"},\"stats\":\"broken\"}"
2026-10-02T04:22:11.9484697Z PASS jeannie respects reset marker "1"
2026-10-02T04:22:11.9565163Z PASS jeannie respects reset marker ""
2026-10-02T04:22:11.9646624Z PASS jeannie respects reset marker "0"
2026-10-02T04:22:11.9746115Z PASS cory respects reset marker "1"
2026-10-02T04:22:11.9824464Z PASS cory respects reset marker ""
2026-10-02T04:22:11.9901578Z PASS cory respects reset marker "0"
2026-10-02T04:22:11.9981351Z PASS ellie respects reset marker "1"
2026-10-02T04:22:12.0061861Z PASS ellie respects reset marker ""
2026-10-02T04:22:12.0142108Z PASS ellie respects reset marker "0"
2026-10-02T04:22:12.0222265Z PASS kieran respects reset marker "1"
2026-10-02T04:22:12.0321314Z PASS kieran respects reset marker ""
2026-10-02T04:22:12.0406615Z PASS kieran respects reset marker "0"
2026-10-02T04:22:12.0486276Z PASS shannon respects reset marker "1"
2026-10-02T04:22:12.0566301Z PASS shannon respects reset marker ""
2026-10-02T04:22:12.0645189Z PASS shannon respects reset marker "0"
2026-10-02T04:22:12.0725722Z PASS tristan respects reset marker "1"
2026-10-02T04:22:12.0804930Z PASS tristan respects reset marker ""
2026-10-02T04:22:12.0905435Z PASS tristan respects reset marker "0"
2026-10-02T04:22:12.0989906Z PASS guest respects reset marker "1"
2026-10-02T04:22:12.1068834Z PASS guest respects reset marker ""
2026-10-02T04:22:12.1147787Z PASS guest respects reset marker "0"
2026-10-02T04:22:12.1233647Z PASS jeannie isolates set failure at craepets.house.v1.jeannie
2026-10-02T04:22:12.1312524Z PASS jeannie isolates get failure at craepets.house.v1.jeannie
2026-10-02T04:22:12.1390905Z PASS jeannie isolates get failure at craepets.v1.jeannie
2026-10-02T04:22:12.1489877Z PASS jeannie isolates get failure at craepets.house.reset.jeannie
2026-10-02T04:22:12.1571900Z PASS cory isolates set failure at craepets.house.v1.cory
2026-10-02T04:22:12.1650847Z PASS cory isolates get failure at craepets.house.v1.cory
2026-10-02T04:22:12.1729349Z PASS cory isolates get failure at craepets.v1.cory
2026-10-02T04:22:12.1808599Z PASS cory isolates get failure at craepets.house.reset.cory
2026-10-02T04:22:12.1891135Z PASS ellie isolates set failure at craepets.house.v1.ellie
2026-10-02T04:22:12.1972127Z PASS ellie isolates get failure at craepets.house.v1.ellie
2026-10-02T04:22:12.2107608Z PASS ellie isolates get failure at craepets.v1.ellie
2026-10-02T04:22:12.2186990Z PASS ellie isolates get failure at craepets.house.reset.ellie
2026-10-02T04:22:12.2268584Z PASS kieran isolates set failure at craepets.house.v1.kieran
2026-10-02T04:22:12.2348562Z PASS kieran isolates get failure at craepets.house.v1.kieran
2026-10-02T04:22:12.2428003Z PASS kieran isolates get failure at craepets.v1.kieran
2026-10-02T04:22:12.2508204Z PASS kieran isolates get failure at craepets.house.reset.kieran
2026-10-02T04:22:12.2589349Z PASS shannon isolates set failure at craepets.house.v1.shannon
2026-10-02T04:22:12.2668827Z PASS shannon isolates get failure at craepets.house.v1.shannon
2026-10-02T04:22:12.2764070Z PASS shannon isolates get failure at craepets.v1.shannon
2026-10-02T04:22:12.2844148Z PASS shannon isolates get failure at craepets.house.reset.shannon
2026-10-02T04:22:12.2926284Z PASS tristan isolates set failure at craepets.house.v1.tristan
2026-10-02T04:22:12.3007303Z PASS tristan isolates get failure at craepets.house.v1.tristan
2026-10-02T04:22:12.3086773Z PASS tristan isolates get failure at craepets.v1.tristan
2026-10-02T04:22:12.3166218Z PASS tristan isolates get failure at craepets.house.reset.tristan
2026-10-02T04:22:12.3247939Z PASS guest isolates set failure at craepets.house.v1.guest
2026-10-02T04:22:12.3350414Z PASS guest isolates get failure at craepets.house.v1.guest
2026-10-02T04:22:12.3432512Z PASS guest isolates get failure at craepets.v1.guest
2026-10-02T04:22:12.3512885Z PASS guest isolates get failure at craepets.house.reset.guest
2026-10-02T04:22:12.3605663Z PASS waits for preparation; then seeds all seven without losing earned progress
2026-10-02T04:22:12.3687861Z PASS jeannie normalizes legacy original only in new house slot
2026-10-02T04:22:12.3768693Z PASS cory normalizes legacy original only in new house slot
2026-10-02T04:22:12.3849721Z PASS ellie normalizes legacy original only in new house slot
2026-10-02T04:22:12.3931158Z PASS kieran normalizes legacy original only in new house slot
2026-10-02T04:22:12.4032449Z PASS shannon normalizes legacy original only in new house slot
2026-10-02T04:22:12.4113522Z PASS tristan normalizes legacy original only in new house slot
2026-10-02T04:22:12.4194204Z PASS guest normalizes legacy original only in new house slot
2026-10-02T04:22:12.4278054Z PASS jeannie rechecks newer slot after preparation
2026-10-02T04:22:12.4362301Z PASS jeannie rechecks newer reset after preparation
2026-10-02T04:22:12.4442319Z PASS cory rechecks newer slot after preparation
2026-10-02T04:22:12.4521706Z PASS cory rechecks newer reset after preparation
2026-10-02T04:22:12.4624505Z PASS ellie rechecks newer slot after preparation
2026-10-02T04:22:12.4706176Z PASS ellie rechecks newer reset after preparation
2026-10-02T04:22:12.4787404Z PASS kieran rechecks newer slot after preparation
2026-10-02T04:22:12.4868716Z PASS kieran rechecks newer reset after preparation
2026-10-02T04:22:12.4949657Z PASS shannon rechecks newer slot after preparation
2026-10-02T04:22:12.5030592Z PASS shannon rechecks newer reset after preparation
2026-10-02T04:22:12.5132432Z PASS tristan rechecks newer slot after preparation
2026-10-02T04:22:12.5216080Z PASS tristan rechecks newer reset after preparation
2026-10-02T04:22:12.5297539Z PASS guest rechecks newer slot after preparation
2026-10-02T04:22:12.5379010Z PASS guest rechecks newer reset after preparation
2026-10-02T04:22:12.5438882Z PASS shared game mode never seeds even on explicit request
2026-10-02T04:22:12.5502946Z PASS export-only page does not seed or change selection/preferences
2026-10-02T04:22:12.5581168Z PASS existing selection and voice are preserved
2026-10-02T04:22:12.5660212Z PASS unknown original selection cannot redirect outside real profiles
2026-10-02T04:22:12.5766240Z PASS metadata write failure preserves valid new copies: craepets.house.who
2026-10-02T04:22:12.5847344Z PASS metadata write failure preserves valid new copies: craepets.house.voice
2026-10-02T04:22:12.5944504Z PASS unacknowledged copy is not reported successful
2026-10-02T04:22:12.6002563Z PASS completed pending recovery suppresses automatic recopy
2026-10-02T04:22:12.6004343Z PASS house auto-seeding: 268 production checks across seven profiles; deep source admission, every present raw target, reset/game/recovery controls, delayed registration and storage failures.
2026-10-02T04:22:12.6176716Z PASS: craepets-auto-seeding.cjs (2.4s)
2026-10-02T04:22:12.6177126Z 
2026-10-02T04:22:12.6177463Z --- craepets-auto-seeding-browser.cjs ---
2026-10-02T04:22:16.1245839Z PASS auto-seeding Chromium Desktop: actual startup, damaged sibling/malformed source/reset/quota isolation, all seven original profiles, legacy defaults, real learning/reload, shared mode and downloaded export.
2026-10-02T04:22:18.6705625Z PASS auto-seeding Chromium iPad: actual startup, damaged sibling/malformed source/reset/quota isolation, all seven original profiles, legacy defaults, real learning/reload, shared mode and downloaded export.
2026-10-02T04:22:21.1550427Z PASS auto-seeding Chromium iPhone: actual startup, damaged sibling/malformed source/reset/quota isolation, all seven original profiles, legacy defaults, real learning/reload, shared mode and downloaded export.
2026-10-02T04:22:21.2541338Z PASS: craepets-auto-seeding-browser.cjs (8.6s)
2026-10-02T04:22:21.2547196Z 
2026-10-02T04:22:21.2547666Z --- craepets-family-restore.cjs ---
2026-10-02T04:22:21.3008367Z PASS jeannie rejects stats string
2026-10-02T04:22:21.3094911Z PASS jeannie rejects fractional house
2026-10-02T04:22:21.3175168Z PASS jeannie rejects review null
2026-10-02T04:22:21.3252286Z PASS jeannie rejects bag count string
2026-10-02T04:22:21.3319801Z PASS jeannie rejects subject stats string
2026-10-02T04:22:21.3397766Z PASS jeannie rejects room array
2026-10-02T04:22:21.3474611Z PASS jeannie rejects pet unknown species
2026-10-02T04:22:21.3549464Z PASS jeannie rejects pet unknown colour
2026-10-02T04:22:21.3628504Z PASS jeannie rejects blank name
2026-10-02T04:22:21.3696985Z PASS jeannie rejects invalid needs
2026-10-02T04:22:21.3773322Z PASS jeannie rejects bad diary
2026-10-02T04:22:21.3843382Z PASS jeannie rejects mail markup shape
2026-10-02T04:22:21.3931468Z PASS jeannie rejects invalid quest
2026-10-02T04:22:21.4009873Z PASS jeannie rejects bad coins
2026-10-02T04:22:21.4077407Z PASS jeannie rejects bad bank
2026-10-02T04:22:21.4150433Z PASS jeannie rejects seen string
2026-10-02T04:22:21.4222241Z PASS jeannie rejects pet array
2026-10-02T04:22:21.4301156Z PASS jeannie rejects bad version
2026-10-02T04:22:21.4368857Z PASS jeannie rejects review answer
2026-10-02T04:22:21.4447681Z PASS cory rejects stats string
2026-10-02T04:22:21.4524427Z PASS cory rejects fractional house
2026-10-02T04:22:21.4616541Z PASS cory rejects review null
2026-10-02T04:22:21.4712487Z PASS cory rejects bag count string
2026-10-02T04:22:21.4779396Z PASS cory rejects subject stats string
2026-10-02T04:22:21.4847716Z PASS cory rejects room array
2026-10-02T04:22:21.4913365Z PASS cory rejects pet unknown species
2026-10-02T04:22:21.4979081Z PASS cory rejects pet unknown colour
2026-10-02T04:22:21.5046734Z PASS cory rejects blank name
2026-10-02T04:22:21.5128046Z PASS cory rejects invalid needs
2026-10-02T04:22:21.5197647Z PASS cory rejects bad diary
2026-10-02T04:22:21.5266560Z PASS cory rejects mail markup shape
2026-10-02T04:22:21.5335165Z PASS cory rejects invalid quest
2026-10-02T04:22:21.5428933Z PASS cory rejects bad coins
2026-10-02T04:22:21.5495521Z PASS cory rejects bad bank
2026-10-02T04:22:21.5563199Z PASS cory rejects seen string
2026-10-02T04:22:21.5627110Z PASS cory rejects pet array
2026-10-02T04:22:21.5694435Z PASS cory rejects bad version
2026-10-02T04:22:21.5769171Z PASS cory rejects review answer
2026-10-02T04:22:21.5845478Z PASS ellie rejects stats string
2026-10-02T04:22:21.5923301Z PASS ellie rejects fractional house
2026-10-02T04:22:21.6002127Z PASS ellie rejects review null
2026-10-02T04:22:21.6098050Z PASS ellie rejects bag count string
2026-10-02T04:22:21.6168668Z PASS ellie rejects subject stats string
2026-10-02T04:22:21.6238996Z PASS ellie rejects room array
2026-10-02T04:22:21.6308516Z PASS ellie rejects pet unknown species
2026-10-02T04:22:21.6382134Z PASS ellie rejects pet unknown colour
2026-10-02T04:22:21.6457737Z PASS ellie rejects blank name
2026-10-02T04:22:21.6545208Z PASS ellie rejects invalid needs
2026-10-02T04:22:21.6623497Z PASS ellie rejects bad diary
2026-10-02T04:22:21.6727366Z PASS ellie rejects mail markup shape
2026-10-02T04:22:21.6799480Z PASS ellie rejects invalid quest
2026-10-02T04:22:21.6869002Z PASS ellie rejects bad coins
2026-10-02T04:22:21.6939475Z PASS ellie rejects bad bank
2026-10-02T04:22:21.7010319Z PASS ellie rejects seen string
2026-10-02T04:22:21.7073801Z PASS ellie rejects pet array
2026-10-02T04:22:21.7137636Z PASS ellie rejects bad version
2026-10-02T04:22:21.7208384Z PASS ellie rejects review answer
2026-10-02T04:22:21.7280917Z PASS kieran rejects stats string
2026-10-02T04:22:21.7381375Z PASS kieran rejects fractional house
2026-10-02T04:22:21.7454654Z PASS kieran rejects review null
2026-10-02T04:22:21.7527120Z PASS kieran rejects bag count string
2026-10-02T04:22:21.7599077Z PASS kieran rejects subject stats string
2026-10-02T04:22:21.7672606Z PASS kieran rejects room array
2026-10-02T04:22:21.7743976Z PASS kieran rejects pet unknown species
2026-10-02T04:22:21.7814988Z PASS kieran rejects pet unknown colour
2026-10-02T04:22:21.7887599Z PASS kieran rejects blank name
2026-10-02T04:22:21.7989145Z PASS kieran rejects invalid needs
2026-10-02T04:22:21.8065329Z PASS kieran rejects bad diary
2026-10-02T04:22:21.8138715Z PASS kieran rejects mail markup shape
2026-10-02T04:22:21.8211341Z PASS kieran rejects invalid quest
2026-10-02T04:22:21.8289066Z PASS kieran rejects bad coins
2026-10-02T04:22:21.8360344Z PASS kieran rejects bad bank
2026-10-02T04:22:21.8433887Z PASS kieran rejects seen string
2026-10-02T04:22:21.8497471Z PASS kieran rejects pet array
2026-10-02T04:22:21.8561194Z PASS kieran rejects bad version
2026-10-02T04:22:21.8664360Z PASS kieran rejects review answer
2026-10-02T04:22:21.8740110Z PASS shannon rejects stats string
2026-10-02T04:22:21.8816829Z PASS shannon rejects fractional house
2026-10-02T04:22:21.8894387Z PASS shannon rejects review null
2026-10-02T04:22:21.8971159Z PASS shannon rejects bag count string
2026-10-02T04:22:21.9047719Z PASS shannon rejects subject stats string
2026-10-02T04:22:21.9123825Z PASS shannon rejects room array
2026-10-02T04:22:21.9197935Z PASS shannon rejects pet unknown species
2026-10-02T04:22:21.9328586Z PASS shannon rejects pet unknown colour
2026-10-02T04:22:21.9401391Z PASS shannon rejects blank name
2026-10-02T04:22:21.9474175Z PASS shannon rejects invalid needs
2026-10-02T04:22:21.9547739Z PASS shannon rejects bad diary
2026-10-02T04:22:21.9620455Z PASS shannon rejects mail markup shape
2026-10-02T04:22:21.9695596Z PASS shannon rejects invalid quest
2026-10-02T04:22:21.9769422Z PASS shannon rejects bad coins
2026-10-02T04:22:21.9843209Z PASS shannon rejects bad bank
2026-10-02T04:22:21.9917249Z PASS shannon rejects seen string
2026-10-02T04:22:21.9981282Z PASS shannon rejects pet array
2026-10-02T04:22:22.0044291Z PASS shannon rejects bad version
2026-10-02T04:22:22.0136692Z PASS shannon rejects review answer
2026-10-02T04:22:22.0211074Z PASS tristan rejects stats string
2026-10-02T04:22:22.0286085Z PASS tristan rejects fractional house
2026-10-02T04:22:22.0360569Z PASS tristan rejects review null
2026-10-02T04:22:22.0436649Z PASS tristan rejects bag count string
2026-10-02T04:22:22.0515006Z PASS tristan rejects subject stats string
2026-10-02T04:22:22.0589498Z PASS tristan rejects room array
2026-10-02T04:22:22.0685623Z PASS tristan rejects pet unknown species
2026-10-02T04:22:22.0758806Z PASS tristan rejects pet unknown colour
2026-10-02T04:22:22.0832117Z PASS tristan rejects blank name
2026-10-02T04:22:22.0907194Z PASS tristan rejects invalid needs
2026-10-02T04:22:22.0984095Z PASS tristan rejects bad diary
2026-10-02T04:22:22.1058958Z PASS tristan rejects mail markup shape
2026-10-02T04:22:22.1133070Z PASS tristan rejects invalid quest
2026-10-02T04:22:22.1205914Z PASS tristan rejects bad coins
2026-10-02T04:22:22.1301618Z PASS tristan rejects bad bank
2026-10-02T04:22:22.1376447Z PASS tristan rejects seen string
2026-10-02T04:22:22.1439710Z PASS tristan rejects pet array
2026-10-02T04:22:22.1502155Z PASS tristan rejects bad version
2026-10-02T04:22:22.1577201Z PASS tristan rejects review answer
2026-10-02T04:22:22.1653209Z PASS guest rejects stats string
2026-10-02T04:22:22.1731362Z PASS guest rejects fractional house
2026-10-02T04:22:22.1809608Z PASS guest rejects review null
2026-10-02T04:22:22.1908706Z PASS guest rejects bag count string
2026-10-02T04:22:22.1985225Z PASS guest rejects subject stats string
2026-10-02T04:22:22.2062338Z PASS guest rejects room array
2026-10-02T04:22:22.2138295Z PASS guest rejects pet unknown species
2026-10-02T04:22:22.2215898Z PASS guest rejects pet unknown colour
2026-10-02T04:22:22.2291816Z PASS guest rejects blank name
2026-10-02T04:22:22.2369482Z PASS guest rejects invalid needs
2026-10-02T04:22:22.2446742Z PASS guest rejects bad diary
2026-10-02T04:22:22.2545713Z PASS guest rejects mail markup shape
2026-10-02T04:22:22.2622370Z PASS guest rejects invalid quest
2026-10-02T04:22:22.2698084Z PASS guest rejects bad coins
2026-10-02T04:22:22.2775164Z PASS guest rejects bad bank
2026-10-02T04:22:22.2852331Z PASS guest rejects seen string
2026-10-02T04:22:22.2915180Z PASS guest rejects pet array
2026-10-02T04:22:22.2977727Z PASS guest rejects bad version
2026-10-02T04:22:22.3062663Z PASS guest rejects review answer
2026-10-02T04:22:22.3151220Z PASS invalid JSON
2026-10-02T04:22:22.3215042Z PASS empty family
2026-10-02T04:22:22.3277579Z PASS unknown ID
2026-10-02T04:22:22.3339883Z PASS array profiles
2026-10-02T04:22:22.3400454Z PASS unsupported family version
2026-10-02T04:22:22.3517427Z PASS prepare is detached; all seven profiles retain tier, progress and namespaces
2026-10-02T04:22:22.3581009Z PASS jeannie legacy single-pet normalization
2026-10-02T04:22:22.3644864Z PASS cory legacy single-pet normalization
2026-10-02T04:22:22.3707398Z PASS ellie legacy single-pet normalization
2026-10-02T04:22:22.3795311Z PASS kieran legacy single-pet normalization
2026-10-02T04:22:22.3858712Z PASS shannon legacy single-pet normalization
2026-10-02T04:22:22.3921717Z PASS tristan legacy single-pet normalization
2026-10-02T04:22:22.3985734Z PASS guest legacy single-pet normalization
2026-10-02T04:22:22.4071568Z PASS jeannie failed target write restores all original bytes
2026-10-02T04:22:22.4152126Z PASS cory failed target write restores all original bytes
2026-10-02T04:22:22.4232592Z PASS ellie failed target write restores all original bytes
2026-10-02T04:22:22.4313662Z PASS kieran failed target write restores all original bytes
2026-10-02T04:22:22.4394656Z PASS shannon failed target write restores all original bytes
2026-10-02T04:22:22.4505507Z PASS tristan failed target write restores all original bytes
2026-10-02T04:22:22.4587367Z PASS guest failed target write restores all original bytes
2026-10-02T04:22:22.4667561Z PASS failure at craepets.house.import-recovery.v1
2026-10-02T04:22:22.4747807Z PASS failure at craepets.house.reset.cory
2026-10-02T04:22:22.4828084Z PASS failure at craepets.house.who
2026-10-02T04:22:22.4914609Z PASS size quota rollback frees changed pets before restoring larger old bytes
2026-10-02T04:22:22.5121533Z PASS persistent rollback failure preserves journal, blocks writes and recovers on next boot
2026-10-02T04:22:22.5689391Z PASS full/malformed/foreign-key journals safely refuse imports
2026-10-02T04:22:22.5749772Z PASS pending recovery failure blocks boot auto-copy
2026-10-02T04:22:22.5829503Z PASS pending journal acknowledgment failure refuses import without stale writes
2026-10-02T04:22:22.5984691Z PASS completed journal acknowledgment failure reports uncertainty and pauses stale engine
2026-10-02T04:22:22.6040292Z PASS pending boot preserves exact damaged previous bytes instead of automatic recopy
2026-10-02T04:22:22.6042283Z PASS family restore: 163 production checks; seven profile namespaces, malformed state, exact-byte recovery, real size quota and interrupted recovery.
2026-10-02T04:22:22.6169400Z PASS: craepets-family-restore.cjs (1.4s)
2026-10-02T04:22:22.6169798Z 
2026-10-02T04:22:22.6170115Z --- craepets-family-restore-browser.cjs ---
2026-10-02T04:22:26.0299368Z PASS family restore Chromium Desktop: real file preview/apply, seven profiles, literal text, quota retry, interrupted recovery/reload, original export and isolation.
2026-10-02T04:22:28.4625704Z PASS family restore Chromium iPad: real file preview/apply, seven profiles, literal text, quota retry, interrupted recovery/reload, original export and isolation.
2026-10-02T04:22:30.8866820Z PASS family restore Chromium iPhone: real file preview/apply, seven profiles, literal text, quota retry, interrupted recovery/reload, original export and isolation.
2026-10-02T04:22:30.9796525Z PASS: craepets-family-restore-browser.cjs (8.4s)
2026-10-02T04:22:30.9796835Z 
2026-10-02T04:22:30.9797000Z --- post-office-storage.cjs ---
2026-10-02T04:22:31.0056823Z PASS normal saves and key ordering do not create recovery copies
2026-10-02T04:22:31.0069747Z PASS all six drafts and valid family mail survive mixed damage without read-time writes
2026-10-02T04:22:31.0072903Z PASS invalid letter 0 cannot hide a valid sibling
2026-10-02T04:22:31.0074225Z PASS invalid letter 1 cannot hide a valid sibling
2026-10-02T04:22:31.0075669Z PASS invalid letter 2 cannot hide a valid sibling
2026-10-02T04:22:31.0077760Z PASS invalid letter 3 cannot hide a valid sibling
2026-10-02T04:22:31.0079923Z PASS invalid letter 4 cannot hide a valid sibling
2026-10-02T04:22:31.0081450Z PASS invalid letter 5 cannot hide a valid sibling
2026-10-02T04:22:31.0083847Z PASS invalid letter 6 cannot hide a valid sibling
2026-10-02T04:22:31.0087408Z PASS invalid letter 7 cannot hide a valid sibling
2026-10-02T04:22:31.0089785Z PASS invalid letter 8 cannot hide a valid sibling
2026-10-02T04:22:31.0091223Z PASS invalid letter 9 cannot hide a valid sibling
2026-10-02T04:22:31.0092334Z PASS invalid letter 10 cannot hide a valid sibling
2026-10-02T04:22:31.0093307Z PASS invalid letter 11 cannot hide a valid sibling
2026-10-02T04:22:31.0099500Z PASS invalid letter 12 cannot hide a valid sibling
2026-10-02T04:22:31.0100241Z PASS invalid letter 13 cannot hide a valid sibling
2026-10-02T04:22:31.0101466Z PASS invalid letter 14 cannot hide a valid sibling
2026-10-02T04:22:31.0102455Z PASS invalid letter 15 cannot hide a valid sibling
2026-10-02T04:22:31.0103274Z PASS invalid letter 16 cannot hide a valid sibling
2026-10-02T04:22:31.0104270Z PASS invalid letter 17 cannot hide a valid sibling
2026-10-02T04:22:31.0105230Z PASS invalid letter 18 cannot hide a valid sibling
2026-10-02T04:22:31.0105988Z PASS invalid letter 19 cannot hide a valid sibling
2026-10-02T04:22:31.0106980Z PASS invalid letter 20 cannot hide a valid sibling
2026-10-02T04:22:31.0107971Z PASS invalid letter 21 cannot hide a valid sibling
2026-10-02T04:22:31.0108811Z PASS invalid letter 22 cannot hide a valid sibling
2026-10-02T04:22:31.0109735Z PASS invalid letter 23 cannot hide a valid sibling
2026-10-02T04:22:31.0110689Z PASS invalid letter 24 cannot hide a valid sibling
2026-10-02T04:22:31.0111914Z PASS invalid letter 25 cannot hide a valid sibling
2026-10-02T04:22:31.0112772Z PASS invalid letter 26 cannot hide a valid sibling
2026-10-02T04:22:31.0113749Z PASS invalid letter 27 cannot hide a valid sibling
2026-10-02T04:22:31.0114552Z PASS invalid letter 28 cannot hide a valid sibling
2026-10-02T04:22:31.0115510Z PASS invalid letter 29 cannot hide a valid sibling
2026-10-02T04:22:31.0116626Z PASS invalid letter 30 cannot hide a valid sibling
2026-10-02T04:22:31.0123253Z PASS invalid letter 31 cannot hide a valid sibling
2026-10-02T04:22:31.0123965Z PASS invalid letter 32 cannot hide a valid sibling
2026-10-02T04:22:31.0124636Z PASS invalid letter 33 cannot hide a valid sibling
2026-10-02T04:22:31.0125303Z PASS invalid letter 34 cannot hide a valid sibling
2026-10-02T04:22:31.0125995Z PASS invalid letter 35 cannot hide a valid sibling
2026-10-02T04:22:31.0128244Z PASS malformed draft repair preserves jeannie text and isolates recipients
2026-10-02T04:22:31.0129252Z PASS malformed draft repair preserves cory text and isolates recipients
2026-10-02T04:22:31.0130212Z PASS malformed draft repair preserves ellie text and isolates recipients
2026-10-02T04:22:31.0131413Z PASS malformed draft repair preserves kieran text and isolates recipients
2026-10-02T04:22:31.0132435Z PASS malformed draft repair preserves shannon text and isolates recipients
2026-10-02T04:22:31.0133693Z PASS malformed draft repair preserves tristan text and isolates recipients
2026-10-02T04:22:31.0137205Z PASS bad draft body cannot reach trim and valid siblings survive
2026-10-02T04:22:31.0138412Z PASS old Dad draft migration uses only own known IDs
2026-10-02T04:22:31.0140321Z PASS unusable snapshot stays intact until protected repair: {broken
2026-10-02T04:22:31.0141431Z PASS unusable snapshot stays intact until protected repair: null
2026-10-02T04:22:31.0142279Z PASS unusable snapshot stays intact until protected repair: []
2026-10-02T04:22:31.0143108Z PASS unusable snapshot stays intact until protected repair: 45
2026-10-02T04:22:31.0143873Z PASS unusable snapshot stays intact until protected repair: "broken"
2026-10-02T04:22:31.0145096Z PASS backup quota failure refuses original overwrite and warns
2026-10-02T04:22:31.0146615Z PASS mailbag quota failure retains the already captured damaged bytes
2026-10-02T04:22:31.0151149Z PASS distinct recovery copies are append-only, deduplicated and bounded
2026-10-02T04:22:31.0156503Z PASS damaged recovery storage is never overwritten
2026-10-02T04:22:31.0157831Z PASS duplicate IDs cannot bind readers to multiple letters
2026-10-02T04:22:31.0158558Z Post Office storage regressions: 56 checks passed.
2026-10-02T04:22:31.0188758Z PASS: post-office-storage.cjs (0.0s)
2026-10-02T04:22:31.0189137Z 
2026-10-02T04:22:31.0189440Z --- post-office-storage-browser.cjs ---
2026-10-02T04:23:06.7363091Z PASS Post Office Desktop: damaged save recovery, six drafts, real storage events, rebound read/delete, removed/switch reader cancellation, sender preview, quota retry, reload, namespaces and literal text
2026-10-02T04:23:38.9356206Z PASS Post Office iPad: damaged save recovery, six drafts, real storage events, rebound read/delete, removed/switch reader cancellation, sender preview, quota retry, reload, namespaces and literal text
2026-10-02T04:24:17.2326171Z PASS Post Office iPhone: damaged save recovery, six drafts, real storage events, rebound read/delete, removed/switch reader cancellation, sender preview, quota retry, reload, namespaces and literal text
2026-10-02T04:24:17.3258856Z PASS: post-office-storage-browser.cjs (106.3s)
2026-10-02T04:24:17.3259178Z 
2026-10-02T04:24:17.3259315Z --- craepets-import.cjs ---
2026-10-02T04:24:17.7698953Z PASS games/craepets/craepets.js [craepets.] import transactions: 53 invalid backups, storage failure, full and legacy transfers, reload, house progress and shared-profile interoperability
2026-10-02T04:24:18.1624454Z PASS house-test/engine.js [craepets.house.] import transactions: 53 invalid backups, storage failure, full and legacy transfers, reload, house progress and shared-profile interoperability
2026-10-02T04:24:18.5474526Z PASS house-test/engine.js [craepets.] import transactions: 53 invalid backups, storage failure, full and legacy transfers, reload, house progress and shared-profile interoperability
2026-10-02T04:24:18.5642251Z PASS: craepets-import.cjs (1.2s)
2026-10-02T04:24:18.5642603Z 
2026-10-02T04:24:18.5643641Z --- craepets-import-browser.cjs ---
2026-10-02T04:24:23.5002277Z PASS game import browser checks at desktop/phone
2026-10-02T04:24:27.1268375Z PASS house import browser checks at desktop/phone
2026-10-02T04:24:32.2414209Z PASS shared import browser checks at desktop/phone
2026-10-02T04:24:32.2424442Z PASS Craepets browser imports: rejected files and quota failure preserve active lessons; current and legacy transfers reload and play on desktop/phone in game, standalone-house and shared-house modes
2026-10-02T04:24:32.3440538Z PASS: craepets-import-browser.cjs (13.8s)
2026-10-02T04:24:32.3441219Z 
2026-10-02T04:24:32.3441512Z --- shared-media-lifecycle.cjs ---
2026-10-02T04:24:32.4471364Z PASS shared media: canceled narration, audio failure recovery, bounded effects, live preferences, and background cleanup
2026-10-02T04:24:32.4531238Z PASS: shared-media-lifecycle.cjs (0.1s)
2026-10-02T04:24:32.4534065Z 
2026-10-02T04:24:32.4534418Z --- photo-daily-assignment.cjs ---
2026-10-02T04:24:32.4966156Z PASS: Photo daily assignments (300 date/explorer/unlock cases; 101 compatible low-bit hashes, 149 high-bit hashes), real map rendering and one daily reward
2026-10-02T04:24:32.5002957Z PASS: photo-daily-assignment.cjs (0.0s)
2026-10-02T04:24:32.5003351Z 
2026-10-02T04:24:32.5003578Z --- arcade-usability.cjs ---
2026-10-02T04:24:33.7961245Z PASS: corrupt saved preferences, canonical resume metadata and keyboard navigation
2026-10-02T04:24:34.5146433Z PASS: search, kid filters, result status, empty state, reset and reduced motion at 1280px
2026-10-02T04:24:35.1756820Z PASS: search, kid filters, result status, empty state, reset and reduced motion at 320px
2026-10-02T04:24:35.6524175Z PASS: arcade remains playable without localStorage; Surprise me respects search
2026-10-02T04:24:35.7394775Z PASS: arcade-usability.cjs (3.2s)
2026-10-02T04:24:35.7395047Z 
2026-10-02T04:24:41.9928144Z --- math-reliability.test.js ---
2026-10-02T04:24:41.9929618Z Math/logic reliability checks passed (5 games, numeric answers, blocked storage, damaged saves, immediate reload and phone layouts).
2026-10-02T04:24:42.3665214Z PASS: math-reliability.test.js (6.6s)
2026-10-02T04:24:42.3665495Z 
2026-10-02T04:24:42.3665626Z --- service-worker.cjs ---
2026-10-02T04:24:44.9264873Z PASS: scoped cache cleanup, safe bounded warming, module refresh, nested/dynamic imports offline, partial responses, correct fallback URL
2026-10-02T04:24:45.0127460Z PASS: service-worker.cjs (2.6s)
2026-10-02T04:24:45.0127747Z 
2026-10-02T04:24:45.0127913Z --- young-games-regressions.js ---
2026-10-02T04:24:56.6050379Z PASS young games: Desktop
2026-10-02T04:25:07.4031813Z PASS young games: Phone
2026-10-02T04:25:08.3570404Z PASS young games: corrupt and blocked saves
2026-10-02T04:25:08.4434060Z PASS: young-games-regressions.js (23.4s)
2026-10-02T04:25:08.4434552Z 
2026-10-02T04:25:08.4434830Z --- word-puzzles-lifecycle.cjs ---
2026-10-02T04:25:10.5801766Z PASS word puzzles: Desktop, duplicate submit, disabled cards, solve/hint cancellation, stopped/restored clocks, Clear and crossing direction
2026-10-02T04:25:12.1457507Z PASS word puzzles: Phone, duplicate submit, disabled cards, solve/hint cancellation, stopped/restored clocks, Clear and crossing direction
2026-10-02T04:25:12.2341829Z PASS: word-puzzles-lifecycle.cjs (3.8s)
2026-10-02T04:25:12.2342386Z 
2026-10-02T04:25:12.2342684Z --- three-model-visuals.cjs ---
2026-10-02T04:25:57.1044864Z PASS models: 35 wildlife, 18 pets/companions, 221 furnishings, 12 biome/quality variants; geometry, shaders, animation and disposal
2026-10-02T04:25:57.1203680Z PASS real WebGL: 35 wildlife models, 18 pets and companions, 221 furnishings, 12 biome/quality variants; finite geometry and rigs, shaders, animation, quality and disposal.
2026-10-02T04:25:57.1236824Z {"maxAnimalDraws":33,"maxAnimalTriangles":15564,"maxPetDraws":2,"maxFurnitureDraws":4,"maxFurnitureTriangles":2480,"maxWorldDraws":614,"maxWorldTriangles":1034478,"evidence":"/tmp/kid-games-visuals/validation"}
2026-10-02T04:25:57.2026596Z PASS: three-model-visuals.cjs (45.0s)
2026-10-02T04:25:57.2027047Z 
2026-10-02T04:25:57.2027806Z Regressions: 18/18 passed.
2026-10-02T04:25:57.2285760Z Post job cleanup.
2026-10-02T04:25:57.3528550Z (node:5617) [DEP0040] DeprecationWarning: The `punycode` module is deprecated. Please use a userland alternative instead.
2026-10-02T04:25:57.3529420Z (Use `node --trace-deprecation ...` to show where the warning was created)
2026-10-02T04:25:57.3721593Z Post job cleanup.
2026-10-02T04:25:57.4642297Z [command]/usr/bin/git version
2026-10-02T04:25:57.4685758Z git version 2.55.0
2026-10-02T04:25:57.4725437Z Temporarily overriding HOME='/home/runner/work/_temp/29008f67-0ac1-4d96-89b8-4679859b5364' before making global git config changes
2026-10-02T04:25:57.4727077Z Adding repository directory to the temporary git global config as a safe directory
2026-10-02T04:25:57.4731147Z [command]/usr/bin/git config --global --add safe.directory /home/runner/work/Kid-games/Kid-games
2026-10-02T04:25:57.4773561Z [command]/usr/bin/git config --local --name-only --get-regexp core\.sshCommand
2026-10-02T04:25:57.4810304Z [command]/usr/bin/git submodule foreach --recursive sh -c "git config --local --name-only --get-regexp 'core\.sshCommand' && git config --local --unset-all 'core.sshCommand' || :"
2026-10-02T04:25:57.5055535Z [command]/usr/bin/git config --local --name-only --get-regexp http\.https\:\/\/github\.com\/\.extraheader
2026-10-02T04:25:57.5082898Z http.https://github.com/.extraheader
2026-10-02T04:25:57.5094322Z [command]/usr/bin/git config --local --unset-all http.https://github.com/.extraheader
2026-10-02T04:25:57.5133933Z [command]/usr/bin/git submodule foreach --recursive sh -c "git config --local --name-only --get-regexp 'http\.https\:\/\/github\.com\/\.extraheader' && git config --local --unset-all 'http.https://github.com/.extraheader' || :"
2026-10-02T04:25:57.5389600Z [command]/usr/bin/git config --local --name-only --get-regexp ^includeIf\.gitdir:
2026-10-02T04:25:57.5425370Z [command]/usr/bin/git submodule foreach --recursive git config --local --show-origin --name-only --get-regexp remote.origin.url
2026-10-02T04:25:57.5859466Z Cleaning up orphan processes
2026-10-02T04:25:57.6177578Z ##[warning]Node.js 20 is deprecated. The following actions target Node.js 20 but are being forced to run on Node.js 24: actions/checkout@v4, actions/setup-node@v4. For more information see: https://github.blog/changelog/2025-09-19-deprecation-of-node-20-on-github-actions-runners/
