2026-10-02T04:09:00.9790527Z Current runner version: '2.337.0'
2026-10-02T04:09:00.9818242Z ##[group]Runner Image Provisioner
2026-10-02T04:09:00.9819304Z Hosted Compute Agent
2026-10-02T04:09:00.9819983Z Version: 20260901.588
2026-10-02T04:09:00.9820711Z Commit: f88ec8081b781fac6c440065ac7ff9e710ce3d0b
2026-10-02T04:09:00.9821917Z Build Date: 2026-09-01T19:56:44Z
2026-10-02T04:09:00.9822638Z Worker ID: {880eaf5e-4f2e-4f39-af83-f8324ddd2cfe}
2026-10-02T04:09:00.9823444Z Azure Region: westus2
2026-10-02T04:09:00.9824060Z ##[endgroup]
2026-10-02T04:09:00.9825673Z ##[group]Operating System
2026-10-02T04:09:00.9826480Z Ubuntu
2026-10-02T04:09:00.9827020Z 24.04.5
2026-10-02T04:09:00.9827574Z LTS
2026-10-02T04:09:00.9828118Z ##[endgroup]
2026-10-02T04:09:00.9828718Z ##[group]Runner Image
2026-10-02T04:09:00.9829399Z Image: ubuntu-24.04
2026-10-02T04:09:00.9829982Z Version: 20260927.320.1
2026-10-02T04:09:00.9831651Z Included Software: https://github.com/actions/runner-images/blob/ubuntu24/20260927.320/images/ubuntu/Ubuntu2404-Readme.md
2026-10-02T04:09:00.9833324Z Image Release: https://github.com/actions/runner-images/releases/tag/ubuntu24%2F20260927.320
2026-10-02T04:09:00.9834374Z ##[endgroup]
2026-10-02T04:09:00.9835516Z ##[group]GITHUB_TOKEN Permissions
2026-10-02T04:09:00.9837582Z Contents: read
2026-10-02T04:09:00.9838256Z Metadata: read
2026-10-02T04:09:00.9838817Z ##[endgroup]
2026-10-02T04:09:00.9841411Z Secret source: Actions
2026-10-02T04:09:00.9842491Z Cache mode: write
2026-10-02T04:09:00.9843406Z Prepare workflow directory
2026-10-02T04:09:01.0331633Z Prepare all required actions
2026-10-02T04:09:01.0382025Z Getting action download info
2026-10-02T04:09:01.3839890Z Download action repository 'actions/checkout@v4' (SHA:11d5960a326750d5838078e36cf38b85af677262)
2026-10-02T04:09:01.4763953Z Download action repository 'actions/setup-node@v4' (SHA:49933ea5288caeca8642d1e84afbd3f7d6820020)
2026-10-02T04:09:01.6637244Z Complete job name: regressions
2026-10-02T04:09:01.7448938Z ##[group]Run actions/checkout@v4
2026-10-02T04:09:01.7449867Z with:
2026-10-02T04:09:01.7450372Z   repository: trimcrae/Kid-games
2026-10-02T04:09:01.7454694Z   token: ***
2026-10-02T04:09:01.7455149Z   ssh-strict: true
2026-10-02T04:09:01.7455611Z   ssh-user: git
2026-10-02T04:09:01.7456070Z   persist-credentials: true
2026-10-02T04:09:01.7456623Z   clean: true
2026-10-02T04:09:01.7457137Z   sparse-checkout-cone-mode: true
2026-10-02T04:09:01.7457723Z   fetch-depth: 1
2026-10-02T04:09:01.7458216Z   fetch-tags: false
2026-10-02T04:09:01.7458729Z   show-progress: true
2026-10-02T04:09:01.7459240Z   lfs: false
2026-10-02T04:09:01.7459715Z   submodules: false
2026-10-02T04:09:01.7460222Z   set-safe-directory: true
2026-10-02T04:09:01.7460791Z   allow-unsafe-pr-checkout: false
2026-10-02T04:09:01.7462202Z ##[endgroup]
2026-10-02T04:09:01.8615294Z Syncing repository: trimcrae/Kid-games
2026-10-02T04:09:01.8618067Z ##[group]Getting Git version info
2026-10-02T04:09:01.8619319Z Working directory is '/home/runner/work/Kid-games/Kid-games'
2026-10-02T04:09:01.8621361Z [command]/usr/bin/git version
2026-10-02T04:09:01.8719287Z git version 2.55.0
2026-10-02T04:09:01.8735765Z ##[endgroup]
2026-10-02T04:09:01.8752667Z Temporarily overriding HOME='/home/runner/work/_temp/42bbe0aa-3ead-4c11-9d13-8699eec9106d' before making global git config changes
2026-10-02T04:09:01.8754974Z Adding repository directory to the temporary git global config as a safe directory
2026-10-02T04:09:01.8758235Z [command]/usr/bin/git config --global --add safe.directory /home/runner/work/Kid-games/Kid-games
2026-10-02T04:09:01.8816823Z Deleting the contents of '/home/runner/work/Kid-games/Kid-games'
2026-10-02T04:09:01.8826597Z ##[group]Initializing the repository
2026-10-02T04:09:01.8832171Z [command]/usr/bin/git init /home/runner/work/Kid-games/Kid-games
2026-10-02T04:09:01.8943278Z hint: Using 'master' as the name for the initial branch. This default branch name
2026-10-02T04:09:01.8947077Z hint: will change to "main" in Git 3.0. To configure the initial branch name
2026-10-02T04:09:01.8948734Z hint: to use in all of your new repositories, which will suppress this warning,
2026-10-02T04:09:01.8950337Z hint: call:
2026-10-02T04:09:01.8951301Z hint:
2026-10-02T04:09:01.8952380Z hint: 	git config --global init.defaultBranch <name>
2026-10-02T04:09:01.8953469Z hint:
2026-10-02T04:09:01.8954593Z hint: Names commonly chosen instead of 'master' are 'main', 'trunk' and
2026-10-02T04:09:01.8956233Z hint: 'development'. The just-created branch can be renamed via this command:
2026-10-02T04:09:01.8957525Z hint:
2026-10-02T04:09:01.8958514Z hint: 	git branch -m <name>
2026-10-02T04:09:01.8959586Z hint:
2026-10-02T04:09:01.8961097Z hint: Disable this message with "git config set advice.defaultBranchName false"
2026-10-02T04:09:01.8963207Z Initialized empty Git repository in /home/runner/work/Kid-games/Kid-games/.git/
2026-10-02T04:09:01.8966803Z [command]/usr/bin/git remote add origin https://github.com/trimcrae/Kid-games
2026-10-02T04:09:01.9017176Z ##[endgroup]
2026-10-02T04:09:01.9018537Z ##[group]Disabling automatic garbage collection
2026-10-02T04:09:01.9022713Z [command]/usr/bin/git config --local gc.auto 0
2026-10-02T04:09:01.9128750Z ##[endgroup]
2026-10-02T04:09:01.9130097Z ##[group]Setting up auth
2026-10-02T04:09:01.9138608Z [command]/usr/bin/git config --local --name-only --get-regexp core\.sshCommand
2026-10-02T04:09:01.9181691Z [command]/usr/bin/git submodule foreach --recursive sh -c "git config --local --name-only --get-regexp 'core\.sshCommand' && git config --local --unset-all 'core.sshCommand' || :"
2026-10-02T04:09:01.9602540Z [command]/usr/bin/git config --local --name-only --get-regexp http\.https\:\/\/github\.com\/\.extraheader
2026-10-02T04:09:01.9641579Z [command]/usr/bin/git submodule foreach --recursive sh -c "git config --local --name-only --get-regexp 'http\.https\:\/\/github\.com\/\.extraheader' && git config --local --unset-all 'http.https://github.com/.extraheader' || :"
2026-10-02T04:09:01.9874401Z [command]/usr/bin/git config --local --name-only --get-regexp ^includeIf\.gitdir:
2026-10-02T04:09:01.9916029Z [command]/usr/bin/git submodule foreach --recursive git config --local --show-origin --name-only --get-regexp remote.origin.url
2026-10-02T04:09:02.0152616Z [command]/usr/bin/git config --local http.https://github.com/.extraheader AUTHORIZATION: basic ***
2026-10-02T04:09:02.0197177Z ##[endgroup]
2026-10-02T04:09:02.0198880Z ##[group]Fetching the repository
2026-10-02T04:09:02.0209602Z [command]/usr/bin/git -c protocol.version=2 fetch --no-tags --prune --no-recurse-submodules --depth=1 origin +31c0ecd11e1f83a8b1b17bd4ffbf7da0a3d21029:refs/remotes/pull/6/merge
2026-10-02T04:09:18.6217535Z From https://github.com/trimcrae/Kid-games
2026-10-02T04:09:18.6218233Z  * [new ref]         31c0ecd11e1f83a8b1b17bd4ffbf7da0a3d21029 -> pull/6/merge
2026-10-02T04:09:18.6234380Z ##[endgroup]
2026-10-02T04:09:18.6235552Z ##[group]Determining the checkout info
2026-10-02T04:09:18.6236622Z ##[endgroup]
2026-10-02T04:09:18.6237321Z [command]/usr/bin/git sparse-checkout disable
2026-10-02T04:09:18.6292203Z [command]/usr/bin/git config --local --unset-all extensions.worktreeConfig
2026-10-02T04:09:18.6354469Z ##[group]Checking out the ref
2026-10-02T04:09:18.6359411Z [command]/usr/bin/git checkout --progress --force refs/remotes/pull/6/merge
2026-10-02T04:09:19.5045918Z Note: switching to 'refs/remotes/pull/6/merge'.
2026-10-02T04:09:19.5046715Z 
2026-10-02T04:09:19.5047317Z You are in 'detached HEAD' state. You can look around, make experimental
2026-10-02T04:09:19.5048683Z changes and commit them, and you can discard any commits you make in this
2026-10-02T04:09:19.5049715Z state without impacting any branches by switching back to a branch.
2026-10-02T04:09:19.5050166Z 
2026-10-02T04:09:19.5050483Z If you want to create a new branch to retain commits you create, you may
2026-10-02T04:09:19.5051487Z do so (now or later) by using -c with the switch command. Example:
2026-10-02T04:09:19.5052093Z 
2026-10-02T04:09:19.5052424Z   git switch -c <new-branch-name>
2026-10-02T04:09:19.5052863Z 
2026-10-02T04:09:19.5053127Z Or undo this operation with:
2026-10-02T04:09:19.5053844Z 
2026-10-02T04:09:19.5054078Z   git switch -
2026-10-02T04:09:19.5054422Z 
2026-10-02T04:09:19.5054988Z Turn off this advice by setting config variable advice.detachedHead to false
2026-10-02T04:09:19.5055653Z 
2026-10-02T04:09:19.5056173Z HEAD is now at 31c0ecd Merge aca8b135b5ab7cd46b177c0bf4bd35c35de3aa4e into f45ce83342e1562a8de8392d06cbd0ab6dac5c2e
2026-10-02T04:09:19.5127740Z ##[endgroup]
2026-10-02T04:09:19.5177742Z [command]/usr/bin/git log -1 --format=%H
2026-10-02T04:09:19.5210630Z 31c0ecd11e1f83a8b1b17bd4ffbf7da0a3d21029
2026-10-02T04:09:19.5493049Z ##[group]Run actions/setup-node@v4
2026-10-02T04:09:19.5493453Z with:
2026-10-02T04:09:19.5493716Z   node-version: 22
2026-10-02T04:09:19.5493989Z   always-auth: false
2026-10-02T04:09:19.5494262Z   check-latest: false
2026-10-02T04:09:19.5568849Z   token: ***
2026-10-02T04:09:19.5569289Z ##[endgroup]
2026-10-02T04:09:19.7048320Z (node:2414) [DEP0040] DeprecationWarning: The `punycode` module is deprecated. Please use a userland alternative instead.
2026-10-02T04:09:19.7049938Z (Use `node --trace-deprecation ...` to show where the warning was created)
2026-10-02T04:09:19.7060033Z Found in cache @ /opt/hostedtoolcache/node/22.23.3/x64
2026-10-02T04:09:19.7061130Z ##[group]Environment details
2026-10-02T04:09:20.0976632Z node: v22.23.3
2026-10-02T04:09:20.0977037Z npm: 10.9.9
2026-10-02T04:09:20.0977254Z yarn: 1.22.22
2026-10-02T04:09:20.0978126Z ##[endgroup]
2026-10-02T04:09:20.1131303Z ##[group]Run npm install --no-package-lock --no-audit --no-fund
2026-10-02T04:09:20.1131941Z [36;1mnpm install --no-package-lock --no-audit --no-fund[0m
2026-10-02T04:09:20.1406794Z shell: /usr/bin/bash -e {0}
2026-10-02T04:09:20.1407256Z ##[endgroup]
2026-10-02T04:09:21.4744889Z 
2026-10-02T04:09:21.4752178Z added 1 package in 1s
2026-10-02T04:09:21.5208642Z ##[group]Run node node_modules/playwright-core/cli.js install --with-deps --no-shell chromium
2026-10-02T04:09:21.5209396Z [36;1mnode node_modules/playwright-core/cli.js install --with-deps --no-shell chromium[0m
2026-10-02T04:09:21.5277707Z shell: /usr/bin/bash -e {0}
2026-10-02T04:09:21.5278025Z ##[endgroup]
2026-10-02T04:09:21.8744532Z Installing dependencies...
2026-10-02T04:09:21.8846354Z Switching to root user to install dependencies...
2026-10-02T04:09:21.9931740Z Get:1 file:/etc/apt/apt-mirrors.txt Mirrorlist [144 B]
2026-10-02T04:09:22.0233145Z Get:6 https://packages.microsoft.com/ubuntu/24.04/prod noble InRelease [3600 B]
2026-10-02T04:09:22.0393283Z Hit:2 http://azure.archive.ubuntu.com/ubuntu noble InRelease
2026-10-02T04:09:22.0399709Z Get:3 http://azure.archive.ubuntu.com/ubuntu noble-updates InRelease [126 kB]
2026-10-02T04:09:22.0465816Z Get:4 http://azure.archive.ubuntu.com/ubuntu noble-backports InRelease [126 kB]
2026-10-02T04:09:22.0490684Z Get:5 http://azure.archive.ubuntu.com/ubuntu noble-security InRelease [126 kB]
2026-10-02T04:09:22.1182146Z Get:7 https://packages.microsoft.com/ubuntu/24.04/prod noble/main armhf Packages [12.6 kB]
2026-10-02T04:09:22.1343167Z Get:8 https://packages.microsoft.com/ubuntu/24.04/prod noble/main amd64 Packages [510 kB]
2026-10-02T04:09:22.1443041Z Get:9 https://packages.microsoft.com/ubuntu/24.04/prod noble/main arm64 Packages [458 kB]
2026-10-02T04:09:22.2334446Z Get:10 http://azure.archive.ubuntu.com/ubuntu noble-updates/main amd64 Packages [1364 kB]
2026-10-02T04:09:22.2433777Z Get:11 http://azure.archive.ubuntu.com/ubuntu noble-updates/main Translation-en [304 kB]
2026-10-02T04:09:22.2447093Z Get:12 http://azure.archive.ubuntu.com/ubuntu noble-updates/main amd64 Components [181 kB]
2026-10-02T04:09:22.2475584Z Get:13 http://azure.archive.ubuntu.com/ubuntu noble-updates/universe amd64 Packages [1699 kB]
2026-10-02T04:09:22.2620631Z Get:14 http://azure.archive.ubuntu.com/ubuntu noble-updates/universe Translation-en [341 kB]
2026-10-02T04:09:22.2633676Z Get:15 http://azure.archive.ubuntu.com/ubuntu noble-updates/universe amd64 Components [388 kB]
2026-10-02T04:09:22.2666994Z Get:16 http://azure.archive.ubuntu.com/ubuntu noble-updates/restricted amd64 Packages [1720 kB]
2026-10-02T04:09:22.2757376Z Get:17 http://azure.archive.ubuntu.com/ubuntu noble-updates/restricted Translation-en [394 kB]
2026-10-02T04:09:22.2785474Z Get:18 http://azure.archive.ubuntu.com/ubuntu noble-updates/multiverse amd64 Components [940 B]
2026-10-02T04:09:22.2948642Z Get:19 http://azure.archive.ubuntu.com/ubuntu noble-backports/main amd64 Components [5760 B]
2026-10-02T04:09:22.3410332Z Get:20 http://azure.archive.ubuntu.com/ubuntu noble-backports/universe amd64 Components [12.6 kB]
2026-10-02T04:09:22.3494652Z Get:21 http://azure.archive.ubuntu.com/ubuntu noble-security/main amd64 Packages [1069 kB]
2026-10-02T04:09:22.3551290Z Get:22 http://azure.archive.ubuntu.com/ubuntu noble-security/main Translation-en [221 kB]
2026-10-02T04:09:22.3572180Z Get:23 http://azure.archive.ubuntu.com/ubuntu noble-security/main amd64 Components [46.4 kB]
2026-10-02T04:09:22.3586217Z Get:24 http://azure.archive.ubuntu.com/ubuntu noble-security/universe amd64 Packages [1216 kB]
2026-10-02T04:09:22.3664889Z Get:25 http://azure.archive.ubuntu.com/ubuntu noble-security/universe Translation-en [244 kB]
2026-10-02T04:09:22.3689121Z Get:26 http://azure.archive.ubuntu.com/ubuntu noble-security/universe amd64 Components [76.3 kB]
2026-10-02T04:09:22.3706416Z Get:27 http://azure.archive.ubuntu.com/ubuntu noble-security/restricted amd64 Packages [1566 kB]
2026-10-02T04:09:22.3792706Z Get:28 http://azure.archive.ubuntu.com/ubuntu noble-security/restricted Translation-en [361 kB]
2026-10-02T04:09:27.1068310Z Fetched 12.6 MB in 1s (8944 kB/s)
2026-10-02T04:09:28.0319033Z Reading package lists...
2026-10-02T04:09:28.0568966Z Reading package lists...
2026-10-02T04:09:28.2887851Z Building dependency tree...
2026-10-02T04:09:28.2896350Z Reading state information...
2026-10-02T04:09:28.4909625Z libasound2t64 is already the newest version (1.2.11-1ubuntu0.3).
2026-10-02T04:09:28.4911083Z libasound2t64 set to manually installed.
2026-10-02T04:09:28.4911935Z libatk-bridge2.0-0t64 is already the newest version (2.52.0-1build1).
2026-10-02T04:09:28.4912817Z libatk-bridge2.0-0t64 set to manually installed.
2026-10-02T04:09:28.4913606Z libatk1.0-0t64 is already the newest version (2.52.0-1build1).
2026-10-02T04:09:28.4914394Z libatk1.0-0t64 set to manually installed.
2026-10-02T04:09:28.4915247Z libatspi2.0-0t64 is already the newest version (2.52.0-1build1).
2026-10-02T04:09:28.4916025Z libatspi2.0-0t64 set to manually installed.
2026-10-02T04:09:28.4916790Z libcairo2 is already the newest version (1.18.0-3build1).
2026-10-02T04:09:28.4917496Z libcairo2 set to manually installed.
2026-10-02T04:09:28.4918287Z libcups2t64 is already the newest version (2.4.7-1.2ubuntu7.14).
2026-10-02T04:09:28.4919111Z libcups2t64 set to manually installed.
2026-10-02T04:09:28.4919908Z libdbus-1-3 is already the newest version (1.14.10-4ubuntu4.1).
2026-10-02T04:09:28.4920727Z libdbus-1-3 set to manually installed.
2026-10-02T04:09:28.4921682Z libdrm2 is already the newest version (2.4.125-1ubuntu0.1~24.04.2).
2026-10-02T04:09:28.4922402Z libdrm2 set to manually installed.
2026-10-02T04:09:28.4923122Z libglib2.0-0t64 is already the newest version (2.80.0-6ubuntu3.9).
2026-10-02T04:09:28.4923803Z libglib2.0-0t64 set to manually installed.
2026-10-02T04:09:28.4924482Z libnspr4 is already the newest version (2:4.35-1.1build1).
2026-10-02T04:09:28.4924920Z libnspr4 set to manually installed.
2026-10-02T04:09:28.4925313Z libnss3 is already the newest version (2:3.98-1ubuntu0.2).
2026-10-02T04:09:28.4925679Z libnss3 set to manually installed.
2026-10-02T04:09:28.4926085Z libpango-1.0-0 is already the newest version (1.52.1+ds-1build1).
2026-10-02T04:09:28.4926722Z libpango-1.0-0 set to manually installed.
2026-10-02T04:09:28.4927305Z libx11-6 is already the newest version (2:1.8.7-1build1).
2026-10-02T04:09:28.4927697Z libx11-6 set to manually installed.
2026-10-02T04:09:28.4928055Z libxcb1 is already the newest version (1.15-1ubuntu2).
2026-10-02T04:09:28.4928405Z libxcb1 set to manually installed.
2026-10-02T04:09:28.4928805Z libxcomposite1 is already the newest version (1:0.4.5-1build3).
2026-10-02T04:09:28.4929649Z libxcomposite1 set to manually installed.
2026-10-02T04:09:28.4930074Z libxdamage1 is already the newest version (1:1.1.6-1build1).
2026-10-02T04:09:28.4930461Z libxdamage1 set to manually installed.
2026-10-02T04:09:28.4931104Z libxext6 is already the newest version (2:1.3.4-1build2).
2026-10-02T04:09:28.4931493Z libxext6 set to manually installed.
2026-10-02T04:09:28.4932111Z libxfixes3 is already the newest version (1:6.0.0-2build1).
2026-10-02T04:09:28.4932753Z libxfixes3 set to manually installed.
2026-10-02T04:09:28.4933453Z libxkbcommon0 is already the newest version (1.6.0-1build1).
2026-10-02T04:09:28.4934145Z libxkbcommon0 set to manually installed.
2026-10-02T04:09:28.4934858Z libxrandr2 is already the newest version (2:1.5.2-2build1).
2026-10-02T04:09:28.4935269Z libxrandr2 set to manually installed.
2026-10-02T04:09:28.4935663Z xvfb is already the newest version (2:21.1.12-1ubuntu1.8).
2026-10-02T04:09:28.4936198Z fonts-noto-color-emoji is already the newest version (2.047-0ubuntu0.24.04.1).
2026-10-02T04:09:28.4936757Z libfontconfig1 is already the newest version (2.15.0-1.1ubuntu2).
2026-10-02T04:09:28.4937444Z libfontconfig1 set to manually installed.
2026-10-02T04:09:28.4938272Z libfreetype6 is already the newest version (2.13.2+dfsg-1ubuntu0.1).
2026-10-02T04:09:28.4939041Z libfreetype6 set to manually installed.
2026-10-02T04:09:28.4939475Z fonts-liberation is already the newest version (1:2.1.5-3).
2026-10-02T04:09:28.4939886Z fonts-liberation set to manually installed.
2026-10-02T04:09:28.4940282Z The following additional packages will be installed:
2026-10-02T04:09:28.4940766Z   libgl1-mesa-dri libglx-mesa0 libwayland-server0 mesa-libgallium
2026-10-02T04:09:28.4941432Z   xfonts-encodings xfonts-utils
2026-10-02T04:09:28.4942163Z Recommended packages:
2026-10-02T04:09:28.4942728Z   fonts-ipafont-mincho fonts-tlwg-loma
2026-10-02T04:09:28.5152446Z The following NEW packages will be installed:
2026-10-02T04:09:28.5153629Z   fonts-freefont-ttf fonts-ipafont-gothic fonts-tlwg-loma-otf fonts-unifont
2026-10-02T04:09:28.5165842Z   fonts-wqy-zenhei libwayland-server0 xfonts-cyrillic xfonts-encodings
2026-10-02T04:09:28.5166739Z   xfonts-scalable xfonts-utils
2026-10-02T04:09:28.5173551Z The following packages will be upgraded:
2026-10-02T04:09:28.5180319Z   libgbm1 libgl1-mesa-dri libglx-mesa0 mesa-libgallium
2026-10-02T04:09:28.5358909Z 4 upgraded, 10 newly installed, 0 to remove and 21 not upgraded.
2026-10-02T04:09:28.5359502Z Need to get 32.1 MB of archives.
2026-10-02T04:09:28.5360423Z After this operation, 79.7 MB of additional disk space will be used.
2026-10-02T04:09:28.5361839Z Get:1 file:/etc/apt/apt-mirrors.txt Mirrorlist [144 B]
2026-10-02T04:09:28.6858760Z Get:2 http://azure.archive.ubuntu.com/ubuntu noble/universe amd64 fonts-ipafont-gothic all 00303-21ubuntu1 [3513 kB]
2026-10-02T04:09:28.9573585Z Get:3 http://azure.archive.ubuntu.com/ubuntu noble/main amd64 fonts-freefont-ttf all 20211204+svn4273-2 [5641 kB]
2026-10-02T04:09:29.3276175Z Get:4 http://azure.archive.ubuntu.com/ubuntu noble/universe amd64 fonts-tlwg-loma-otf all 1:0.7.3-1 [107 kB]
2026-10-02T04:09:29.4647437Z Get:5 http://azure.archive.ubuntu.com/ubuntu noble/universe amd64 fonts-unifont all 1:15.1.01-1build1 [2993 kB]
2026-10-02T04:09:29.8560447Z Get:6 http://azure.archive.ubuntu.com/ubuntu noble/universe amd64 fonts-wqy-zenhei all 0.9.45-8 [7472 kB]
2026-10-02T04:09:31.2783649Z Get:7 http://azure.archive.ubuntu.com/ubuntu noble-updates/main amd64 libgl1-mesa-dri amd64 25.2.8-0ubuntu0.24.04.3 [37.9 kB]
2026-10-02T04:09:31.4125160Z Get:8 http://azure.archive.ubuntu.com/ubuntu noble/main amd64 libwayland-server0 amd64 1.22.0-2.1build1 [33.9 kB]
2026-10-02T04:09:31.5468820Z Get:9 http://azure.archive.ubuntu.com/ubuntu noble-updates/main amd64 libglx-mesa0 amd64 25.2.8-0ubuntu0.24.04.3 [110 kB]
2026-10-02T04:09:31.6815092Z Get:10 http://azure.archive.ubuntu.com/ubuntu noble-updates/main amd64 libgbm1 amd64 25.2.8-0ubuntu0.24.04.3 [34.3 kB]
2026-10-02T04:09:31.8157363Z Get:11 http://azure.archive.ubuntu.com/ubuntu noble-updates/main amd64 mesa-libgallium amd64 25.2.8-0ubuntu0.24.04.3 [10.8 MB]
2026-10-02T04:09:32.3713932Z Get:12 http://azure.archive.ubuntu.com/ubuntu noble/main amd64 xfonts-encodings all 1:1.0.5-0ubuntu2 [578 kB]
2026-10-02T04:09:32.5298548Z Get:13 http://azure.archive.ubuntu.com/ubuntu noble/main amd64 xfonts-utils amd64 1:7.7+6build3 [94.4 kB]
2026-10-02T04:09:32.6668960Z Get:14 http://azure.archive.ubuntu.com/ubuntu noble/universe amd64 xfonts-cyrillic all 1:1.0.5+nmu1 [384 kB]
2026-10-02T04:09:32.8195637Z Get:15 http://azure.archive.ubuntu.com/ubuntu noble/main amd64 xfonts-scalable all 1:1.0.3-1.3 [304 kB]
2026-10-02T04:09:33.1386609Z Fetched 32.1 MB in 4s (7407 kB/s)
2026-10-02T04:09:33.1631115Z Selecting previously unselected package fonts-ipafont-gothic.
2026-10-02T04:09:33.1935548Z (Reading database ... 
2026-10-02T04:09:33.1936245Z (Reading database ... 5%
2026-10-02T04:09:33.1936815Z (Reading database ... 10%
2026-10-02T04:09:33.1937385Z (Reading database ... 15%
2026-10-02T04:09:33.1937757Z (Reading database ... 20%
2026-10-02T04:09:33.1938083Z (Reading database ... 25%
2026-10-02T04:09:33.1938399Z (Reading database ... 30%
2026-10-02T04:09:33.1938715Z (Reading database ... 35%
2026-10-02T04:09:33.1939026Z (Reading database ... 40%
2026-10-02T04:09:33.1939333Z (Reading database ... 45%
2026-10-02T04:09:33.1939653Z (Reading database ... 50%
2026-10-02T04:09:33.1986578Z (Reading database ... 55%
2026-10-02T04:09:33.3157376Z (Reading database ... 60%
2026-10-02T04:09:33.5062864Z (Reading database ... 65%
2026-10-02T04:09:33.7108459Z (Reading database ... 70%
2026-10-02T04:09:33.8794820Z (Reading database ... 75%
2026-10-02T04:09:34.0140149Z (Reading database ... 80%
2026-10-02T04:09:34.1671660Z (Reading database ... 85%
2026-10-02T04:09:34.2453818Z (Reading database ... 90%
2026-10-02T04:09:34.3246487Z (Reading database ... 95%
2026-10-02T04:09:34.3247125Z (Reading database ... 100%
2026-10-02T04:09:34.3248252Z (Reading database ... 202296 files and directories currently installed.)
2026-10-02T04:09:34.3292535Z Preparing to unpack .../00-fonts-ipafont-gothic_00303-21ubuntu1_all.deb ...
2026-10-02T04:09:34.3388187Z Unpacking fonts-ipafont-gothic (00303-21ubuntu1) ...
2026-10-02T04:09:34.5762370Z Selecting previously unselected package fonts-freefont-ttf.
2026-10-02T04:09:34.5896689Z Preparing to unpack .../01-fonts-freefont-ttf_20211204+svn4273-2_all.deb ...
2026-10-02T04:09:34.5905530Z Unpacking fonts-freefont-ttf (20211204+svn4273-2) ...
2026-10-02T04:09:34.6755241Z Selecting previously unselected package fonts-tlwg-loma-otf.
2026-10-02T04:09:34.6888497Z Preparing to unpack .../02-fonts-tlwg-loma-otf_1%3a0.7.3-1_all.deb ...
2026-10-02T04:09:34.6897458Z Unpacking fonts-tlwg-loma-otf (1:0.7.3-1) ...
2026-10-02T04:09:34.7122526Z Selecting previously unselected package fonts-unifont.
2026-10-02T04:09:34.7256160Z Preparing to unpack .../03-fonts-unifont_1%3a15.1.01-1build1_all.deb ...
2026-10-02T04:09:34.7265728Z Unpacking fonts-unifont (1:15.1.01-1build1) ...
2026-10-02T04:09:34.8343759Z Selecting previously unselected package fonts-wqy-zenhei.
2026-10-02T04:09:34.8476215Z Preparing to unpack .../04-fonts-wqy-zenhei_0.9.45-8_all.deb ...
2026-10-02T04:09:34.8584978Z Unpacking fonts-wqy-zenhei (0.9.45-8) ...
2026-10-02T04:09:35.3492242Z Preparing to unpack .../05-libgl1-mesa-dri_25.2.8-0ubuntu0.24.04.3_amd64.deb ...
2026-10-02T04:09:35.3651639Z Unpacking libgl1-mesa-dri:amd64 (25.2.8-0ubuntu0.24.04.3) over (25.2.8-0ubuntu0.24.04.2) ...
2026-10-02T04:09:35.4061566Z Selecting previously unselected package libwayland-server0:amd64.
2026-10-02T04:09:35.4198177Z Preparing to unpack .../06-libwayland-server0_1.22.0-2.1build1_amd64.deb ...
2026-10-02T04:09:35.4222081Z Unpacking libwayland-server0:amd64 (1.22.0-2.1build1) ...
2026-10-02T04:09:35.4604135Z Preparing to unpack .../07-libglx-mesa0_25.2.8-0ubuntu0.24.04.3_amd64.deb ...
2026-10-02T04:09:35.4632366Z Unpacking libglx-mesa0:amd64 (25.2.8-0ubuntu0.24.04.3) over (25.2.8-0ubuntu0.24.04.2) ...
2026-10-02T04:09:35.5025917Z Preparing to unpack .../08-libgbm1_25.2.8-0ubuntu0.24.04.3_amd64.deb ...
2026-10-02T04:09:35.5051923Z Unpacking libgbm1:amd64 (25.2.8-0ubuntu0.24.04.3) over (25.2.8-0ubuntu0.24.04.2) ...
2026-10-02T04:09:35.5446604Z Preparing to unpack .../09-mesa-libgallium_25.2.8-0ubuntu0.24.04.3_amd64.deb ...
2026-10-02T04:09:35.5472390Z Unpacking mesa-libgallium:amd64 (25.2.8-0ubuntu0.24.04.3) over (25.2.8-0ubuntu0.24.04.2) ...
2026-10-02T04:09:35.7273559Z Selecting previously unselected package xfonts-encodings.
2026-10-02T04:09:35.7406392Z Preparing to unpack .../10-xfonts-encodings_1%3a1.0.5-0ubuntu2_all.deb ...
2026-10-02T04:09:35.7415903Z Unpacking xfonts-encodings (1:1.0.5-0ubuntu2) ...
2026-10-02T04:09:35.7718323Z Selecting previously unselected package xfonts-utils.
2026-10-02T04:09:35.7852931Z Preparing to unpack .../11-xfonts-utils_1%3a7.7+6build3_amd64.deb ...
2026-10-02T04:09:35.7862582Z Unpacking xfonts-utils (1:7.7+6build3) ...
2026-10-02T04:09:35.8237452Z Selecting previously unselected package xfonts-cyrillic.
2026-10-02T04:09:35.8371081Z Preparing to unpack .../12-xfonts-cyrillic_1%3a1.0.5+nmu1_all.deb ...
2026-10-02T04:09:35.8380719Z Unpacking xfonts-cyrillic (1:1.0.5+nmu1) ...
2026-10-02T04:09:35.8738775Z Selecting previously unselected package xfonts-scalable.
2026-10-02T04:09:35.8874505Z Preparing to unpack .../13-xfonts-scalable_1%3a1.0.3-1.3_all.deb ...
2026-10-02T04:09:35.8884775Z Unpacking xfonts-scalable (1:1.0.3-1.3) ...
2026-10-02T04:09:35.9362097Z Setting up libwayland-server0:amd64 (1.22.0-2.1build1) ...
2026-10-02T04:09:35.9384982Z Setting up mesa-libgallium:amd64 (25.2.8-0ubuntu0.24.04.3) ...
2026-10-02T04:09:35.9404856Z Setting up libgbm1:amd64 (25.2.8-0ubuntu0.24.04.3) ...
2026-10-02T04:09:35.9425176Z Setting up libgl1-mesa-dri:amd64 (25.2.8-0ubuntu0.24.04.3) ...
2026-10-02T04:09:35.9507511Z Setting up fonts-wqy-zenhei (0.9.45-8) ...
2026-10-02T04:09:35.9638103Z Setting up fonts-freefont-ttf (20211204+svn4273-2) ...
2026-10-02T04:09:35.9661268Z Setting up fonts-tlwg-loma-otf (1:0.7.3-1) ...
2026-10-02T04:09:35.9683234Z Setting up xfonts-encodings (1:1.0.5-0ubuntu2) ...
2026-10-02T04:09:35.9705268Z Setting up fonts-ipafont-gothic (00303-21ubuntu1) ...
2026-10-02T04:09:35.9774511Z update-alternatives: using /usr/share/fonts/opentype/ipafont-gothic/ipag.ttf to provide /usr/share/fonts/truetype/fonts-japanese-gothic.ttf (fonts-japanese-gothic.ttf) in auto mode
2026-10-02T04:09:35.9791629Z Setting up fonts-unifont (1:15.1.01-1build1) ...
2026-10-02T04:09:35.9810203Z Setting up libglx-mesa0:amd64 (25.2.8-0ubuntu0.24.04.3) ...
2026-10-02T04:09:35.9828014Z Setting up xfonts-utils (1:7.7+6build3) ...
2026-10-02T04:09:35.9870622Z Setting up xfonts-cyrillic (1:1.0.5+nmu1) ...
2026-10-02T04:09:36.0184772Z Setting up xfonts-scalable (1:1.0.3-1.3) ...
2026-10-02T04:09:36.0475616Z Processing triggers for libc-bin (2.39-0ubuntu8.9) ...
2026-10-02T04:09:36.0799935Z Processing triggers for man-db (2.12.0-4build2) ...
2026-10-02T04:09:36.0822108Z Not building database; man-db/auto-update is not 'true'.
2026-10-02T04:09:36.0836373Z Processing triggers for fontconfig (2.15.0-1.1ubuntu2) ...
2026-10-02T04:09:36.8188722Z 
2026-10-02T04:09:36.8191658Z Running kernel seems to be up-to-date.
2026-10-02T04:09:36.8192769Z 
2026-10-02T04:09:36.8193076Z No services need to be restarted.
2026-10-02T04:09:36.8193403Z 
2026-10-02T04:09:36.8193631Z No containers need to be restarted.
2026-10-02T04:09:36.8193898Z 
2026-10-02T04:09:36.8194172Z No user sessions are running outdated binaries.
2026-10-02T04:09:36.8194507Z 
2026-10-02T04:09:36.8194932Z No VM guests are running outdated hypervisor (qemu) binaries on this host.
2026-10-02T04:09:38.0735653Z Downloading Chrome for Testing 153.0.8010.12 (playwright chromium v1243) from https://cdn.playwright.dev/builds/cft/153.0.8010.12/linux64/chrome-linux64.zip
2026-10-02T04:09:38.5282879Z |                                                                                |   0% of 186.8 MiB
2026-10-02T04:09:38.7625525Z |■■■■■■■■                                                                        |  10% of 186.8 MiB
2026-10-02T04:09:38.8570163Z |■■■■■■■■■■■■■■■■                                                                |  20% of 186.8 MiB
2026-10-02T04:09:38.9274477Z |■■■■■■■■■■■■■■■■■■■■■■■■                                                        |  30% of 186.8 MiB
2026-10-02T04:09:38.9983724Z |■■■■■■■■■■■■■■■■■■■■■■■■■■■■■■■■                                                |  40% of 186.8 MiB
2026-10-02T04:09:39.0762352Z |■■■■■■■■■■■■■■■■■■■■■■■■■■■■■■■■■■■■■■■■                                        |  50% of 186.8 MiB
2026-10-02T04:09:39.1767195Z |■■■■■■■■■■■■■■■■■■■■■■■■■■■■■■■■■■■■■■■■■■■■■■■■                                |  60% of 186.8 MiB
2026-10-02T04:09:39.2466724Z |■■■■■■■■■■■■■■■■■■■■■■■■■■■■■■■■■■■■■■■■■■■■■■■■■■■■■■■■                        |  70% of 186.8 MiB
2026-10-02T04:09:39.3186925Z |■■■■■■■■■■■■■■■■■■■■■■■■■■■■■■■■■■■■■■■■■■■■■■■■■■■■■■■■■■■■■■■■                |  80% of 186.8 MiB
2026-10-02T04:09:39.3929620Z |■■■■■■■■■■■■■■■■■■■■■■■■■■■■■■■■■■■■■■■■■■■■■■■■■■■■■■■■■■■■■■■■■■■■■■■■        |  90% of 186.8 MiB
2026-10-02T04:09:39.4562035Z |■■■■■■■■■■■■■■■■■■■■■■■■■■■■■■■■■■■■■■■■■■■■■■■■■■■■■■■■■■■■■■■■■■■■■■■■■■■■■■■■| 100% of 186.8 MiB
2026-10-02T04:09:42.3032982Z Chrome for Testing 153.0.8010.12 (playwright chromium v1243) downloaded to /home/runner/.cache/ms-playwright/chromium-1243
2026-10-02T04:09:42.3038094Z Downloading FFmpeg (playwright ffmpeg v1011) from https://cdn.playwright.dev/dbazure/download/playwright/builds/ffmpeg/1011/ffmpeg-linux.zip
2026-10-02T04:09:42.7137078Z |                                                                                |   0% of 2.3 MiB
2026-10-02T04:09:42.7279286Z |■■■■■■■■                                                                        |  10% of 2.3 MiB
2026-10-02T04:09:42.7376499Z |■■■■■■■■■■■■■■■■                                                                |  20% of 2.3 MiB
2026-10-02T04:09:42.7438860Z |■■■■■■■■■■■■■■■■■■■■■■■■                                                        |  30% of 2.3 MiB
2026-10-02T04:09:42.7470975Z |■■■■■■■■■■■■■■■■■■■■■■■■■■■■■■■■                                                |  40% of 2.3 MiB
2026-10-02T04:09:42.7540322Z |■■■■■■■■■■■■■■■■■■■■■■■■■■■■■■■■■■■■■■■■                                        |  50% of 2.3 MiB
2026-10-02T04:09:42.7563920Z |■■■■■■■■■■■■■■■■■■■■■■■■■■■■■■■■■■■■■■■■■■■■■■■■                                |  60% of 2.3 MiB
2026-10-02T04:09:42.7577637Z |■■■■■■■■■■■■■■■■■■■■■■■■■■■■■■■■■■■■■■■■■■■■■■■■■■■■■■■■                        |  70% of 2.3 MiB
2026-10-02T04:09:42.7592793Z |■■■■■■■■■■■■■■■■■■■■■■■■■■■■■■■■■■■■■■■■■■■■■■■■■■■■■■■■■■■■■■■■                |  80% of 2.3 MiB
2026-10-02T04:09:42.7639019Z |■■■■■■■■■■■■■■■■■■■■■■■■■■■■■■■■■■■■■■■■■■■■■■■■■■■■■■■■■■■■■■■■■■■■■■■■        |  90% of 2.3 MiB
2026-10-02T04:09:42.7682287Z |■■■■■■■■■■■■■■■■■■■■■■■■■■■■■■■■■■■■■■■■■■■■■■■■■■■■■■■■■■■■■■■■■■■■■■■■■■■■■■■■| 100% of 2.3 MiB
2026-10-02T04:09:42.8416509Z FFmpeg (playwright ffmpeg v1011) downloaded to /home/runner/.cache/ms-playwright/ffmpeg-1011
2026-10-02T04:09:42.8638574Z ##[group]Run node -e 'const { chromium } = require("playwright-core"); const fs = require("node:fs"); const executable = chromium.executablePath(); fs.accessSync(executable, fs.constants.X_OK); fs.appendFileSync(process.env.GITHUB_ENV, `CHROMIUM_PATH=${executable}\n`);'
2026-10-02T04:09:42.8640497Z [36;1mnode -e 'const { chromium } = require("playwright-core"); const fs = require("node:fs"); const executable = chromium.executablePath(); fs.accessSync(executable, fs.constants.X_OK); fs.appendFileSync(process.env.GITHUB_ENV, `CHROMIUM_PATH=${executable}\n`);'[0m
2026-10-02T04:09:42.8706634Z shell: /usr/bin/bash -e {0}
2026-10-02T04:09:42.8706919Z ##[endgroup]
2026-10-02T04:09:43.3044737Z ##[group]Run npm run test:regressions
2026-10-02T04:09:43.3045242Z [36;1mnpm run test:regressions[0m
2026-10-02T04:09:43.3150772Z shell: /usr/bin/bash -e {0}
2026-10-02T04:09:43.3151433Z env:
2026-10-02T04:09:43.3152065Z   CHROMIUM_PATH: /home/runner/.cache/ms-playwright/chromium-1243/chrome-linux64/chrome
2026-10-02T04:09:43.3152861Z ##[endgroup]
2026-10-02T04:09:43.4300580Z 
2026-10-02T04:09:43.4301631Z > kid-games-playtests@1.0.0 test:regressions
2026-10-02T04:09:43.4302264Z > node regressions.cjs
2026-10-02T04:09:43.4302508Z 
2026-10-02T04:09:43.7632828Z Running 18 focused regression suites with /home/runner/.cache/ms-playwright/chromium-1243/chrome-linux64/chrome
2026-10-02T04:09:43.7634165Z 
2026-10-02T04:09:43.7634743Z --- craepets-active-save.cjs ---
2026-10-02T04:09:43.8352564Z PASS craepets.house.jeannie refuses partial JSON without replacing bytes
2026-10-02T04:09:43.8433041Z PASS craepets.house.jeannie refuses empty string without replacing bytes
2026-10-02T04:09:43.8534131Z PASS craepets.house.jeannie refuses whitespace without replacing bytes
2026-10-02T04:09:43.8638510Z PASS craepets.house.jeannie refuses JSON null without replacing bytes
2026-10-02T04:09:43.8732885Z PASS craepets.house.jeannie refuses array without replacing bytes
2026-10-02T04:09:43.8846222Z PASS craepets.house.jeannie refuses number without replacing bytes
2026-10-02T04:09:43.8933057Z PASS craepets.house.jeannie refuses boolean without replacing bytes
2026-10-02T04:09:43.9065852Z PASS craepets.house.jeannie refuses old version without replacing bytes
2026-10-02T04:09:43.9222614Z PASS craepets.house.jeannie refuses bad pet without replacing bytes
2026-10-02T04:09:43.9391514Z PASS craepets.house.jeannie refuses stats string without replacing bytes
2026-10-02T04:09:43.9573693Z PASS craepets.house.jeannie refuses fractional house without replacing bytes
2026-10-02T04:09:43.9727156Z PASS craepets.house.jeannie refuses bad review without replacing bytes
2026-10-02T04:09:43.9941964Z PASS craepets.house.jeannie refuses blank broken stats without replacing bytes
2026-10-02T04:09:44.0058098Z PASS craepets.house.jeannie refuses blank broken house without replacing bytes
2026-10-02T04:09:44.0139482Z PASS craepets.house.jeannie read failure is not absence
2026-10-02T04:09:44.0242864Z PASS craepets.house.jeannie admits current blank without temporary pet or writes
2026-10-02T04:09:44.0362420Z PASS craepets.house.jeannie admits legacy pet null without temporary pet or writes
2026-10-02T04:09:44.0458302Z PASS craepets.house.jeannie admits legacy missing pet without temporary pet or writes
2026-10-02T04:09:44.0632538Z PASS craepets.house.jeannie admits genuinely absent new valley
2026-10-02T04:09:44.0730040Z node:assert:150
2026-10-02T04:09:44.0731098Z   throw new AssertionError(obj);
2026-10-02T04:09:44.0732044Z   ^
2026-10-02T04:09:44.0732643Z 
2026-10-02T04:09:44.0733682Z AssertionError [ERR_ASSERTION]: Values have same structure but are not reference-equal:
2026-10-02T04:09:44.0734498Z 
2026-10-02T04:09:44.0734847Z {
2026-10-02T04:09:44.0735332Z   born: 1790914184069,
2026-10-02T04:09:44.0735871Z   clean: 90,
2026-10-02T04:09:44.0736394Z   colour: 'meadow',
2026-10-02T04:09:44.0736910Z   energy: 95,
2026-10-02T04:09:44.0737414Z   happy: 85,
2026-10-02T04:09:44.0737907Z   hunger: 80,
2026-10-02T04:09:44.0738420Z   name: 'Saved jeannie',
2026-10-02T04:09:44.0739452Z   species: 'blorb',
2026-10-02T04:09:44.0739972Z   wear: {
2026-10-02T04:09:44.0740453Z     face: null,
2026-10-02T04:09:44.0741221Z     head: null,
2026-10-02T04:09:44.0741747Z     neck: null
2026-10-02T04:09:44.0742239Z   },
2026-10-02T04:09:44.0742719Z   xp: 123
2026-10-02T04:09:44.0743190Z }
2026-10-02T04:09:44.0743516Z 
2026-10-02T04:09:44.0744181Z     at /home/runner/work/Kid-games/Kid-games/tests/craepets-active-save.cjs:70:185
2026-10-02T04:09:44.0745439Z     at check (/home/runner/work/Kid-games/Kid-games/tests/craepets-active-save.cjs:44:25)
2026-10-02T04:09:44.0747278Z     at Object.<anonymous> (/home/runner/work/Kid-games/Kid-games/tests/craepets-active-save.cjs:69:2)
2026-10-02T04:09:44.0748523Z     at Module._compile (node:internal/modules/cjs/loader:1781:14)
2026-10-02T04:09:44.0749451Z     at Object..js (node:internal/modules/cjs/loader:1913:10)
2026-10-02T04:09:44.0750351Z     at Module.load (node:internal/modules/cjs/loader:1505:32)
2026-10-02T04:09:44.0751559Z     at Function._load (node:internal/modules/cjs/loader:1309:12)
2026-10-02T04:09:44.0752519Z     at wrapModuleLoad (node:internal/modules/cjs/loader:254:19)
2026-10-02T04:09:44.0753654Z     at Function.executeUserEntryPoint [as runMain] (node:internal/modules/run_main:171:5)
2026-10-02T04:09:44.0754763Z     at node:internal/main/run_main_module:36:49 {
2026-10-02T04:09:44.0755479Z   generatedMessage: true,
2026-10-02T04:09:44.0756051Z   code: 'ERR_ASSERTION',
2026-10-02T04:09:44.0756594Z   actual: {
2026-10-02T04:09:44.0757089Z     name: 'Saved jeannie',
2026-10-02T04:09:44.0757648Z     species: 'blorb',
2026-10-02T04:09:44.0758178Z     colour: 'meadow',
2026-10-02T04:09:44.0758720Z     born: 1790914184069,
2026-10-02T04:09:44.0759254Z     hunger: 80,
2026-10-02T04:09:44.0759761Z     happy: 85,
2026-10-02T04:09:44.0760255Z     energy: 95,
2026-10-02T04:09:44.0760739Z     clean: 90,
2026-10-02T04:09:44.0761428Z     xp: 123,
2026-10-02T04:09:44.0762042Z     wear: { head: null, face: null, neck: null }
2026-10-02T04:09:44.0762697Z   },
2026-10-02T04:09:44.0763171Z   expected: {
2026-10-02T04:09:44.0763679Z     name: 'Saved jeannie',
2026-10-02T04:09:44.0764243Z     species: 'blorb',
2026-10-02T04:09:44.0764767Z     colour: 'meadow',
2026-10-02T04:09:44.0765305Z     born: 1790914184069,
2026-10-02T04:09:44.0765833Z     hunger: 80,
2026-10-02T04:09:44.0766325Z     happy: 85,
2026-10-02T04:09:44.0766823Z     energy: 95,
2026-10-02T04:09:44.0767362Z     clean: 90,
2026-10-02T04:09:44.0767937Z     xp: 123,
2026-10-02T04:09:44.0768534Z     wear: { head: null, face: null, neck: null }
2026-10-02T04:09:44.0769181Z   },
2026-10-02T04:09:44.0769779Z   operator: 'deepStrictEqual',
2026-10-02T04:09:44.0770450Z   diff: 'simple'
2026-10-02T04:09:44.0771131Z }
2026-10-02T04:09:44.0771480Z 
2026-10-02T04:09:44.0771795Z Node.js v22.23.3
2026-10-02T04:09:44.0794251Z FAIL: craepets-active-save.cjs (0.3s) — exited with status 1
2026-10-02T04:09:44.0795222Z 
2026-10-02T04:09:44.0795470Z --- craepets-active-save-browser.cjs ---
2026-10-02T04:09:53.1203861Z AssertionError [ERR_ASSERTION]: Expected values to be strictly equal:
2026-10-02T04:09:53.1204642Z + actual - expected
2026-10-02T04:09:53.1204808Z 
2026-10-02T04:09:53.1204905Z + {
2026-10-02T04:09:53.1205300Z +   born: 1790899200000,
2026-10-02T04:09:53.1205656Z +   clean: 90,
2026-10-02T04:09:53.1205982Z +   colour: 'berry',
2026-10-02T04:09:53.1206456Z +   egg: {
2026-10-02T04:09:53.1206816Z +     got: 0,
2026-10-02T04:09:53.1207124Z +     need: 3,
2026-10-02T04:09:53.1207421Z +     taps: 0
2026-10-02T04:09:53.1207709Z +   },
2026-10-02T04:09:53.1208009Z +   energy: 95,
2026-10-02T04:09:53.1208332Z +   happy: 85,
2026-10-02T04:09:53.1208638Z +   hunger: 80,
2026-10-02T04:09:53.1209088Z +   name: 'Valid jeannie',
2026-10-02T04:09:53.1209490Z +   species: 'blorb',
2026-10-02T04:09:53.1209763Z +   wear: {
2026-10-02T04:09:53.1210025Z +     face: null,
2026-10-02T04:09:53.1210316Z +     head: null,
2026-10-02T04:09:53.1210575Z +     neck: null
2026-10-02T04:09:53.1211074Z +   },
2026-10-02T04:09:53.1211728Z +   xp: 0
2026-10-02T04:09:53.1211970Z + }
2026-10-02T04:09:53.1212203Z - null
2026-10-02T04:09:53.1212338Z 
2026-10-02T04:09:53.1212830Z     at check (/home/runner/work/Kid-games/Kid-games/tests/craepets-active-save-browser.cjs:80:110)
2026-10-02T04:09:53.1213797Z     at async /home/runner/work/Kid-games/Kid-games/tests/craepets-active-save-browser.cjs:85:497 {
2026-10-02T04:09:53.1214430Z   generatedMessage: true,
2026-10-02T04:09:53.1214744Z   code: 'ERR_ASSERTION',
2026-10-02T04:09:53.1215036Z   actual: [Object],
2026-10-02T04:09:53.1215310Z   expected: null,
2026-10-02T04:09:53.1215585Z   operator: 'strictEqual',
2026-10-02T04:09:53.1215858Z   diff: 'simple'
2026-10-02T04:09:53.1216255Z }
2026-10-02T04:09:53.1383910Z FAIL: craepets-active-save-browser.cjs (9.1s) — exited with status 1
2026-10-02T04:09:53.1384575Z 
2026-10-02T04:09:53.1384774Z --- craepets-auto-seeding.cjs ---
2026-10-02T04:09:53.1918583Z PASS jeannie does not seed stats string
2026-10-02T04:09:53.2027324Z PASS jeannie does not seed fractional legacy house
2026-10-02T04:09:53.2129885Z PASS jeannie does not seed review null
2026-10-02T04:09:53.2231427Z PASS jeannie does not seed bag string count
2026-10-02T04:09:53.2329663Z PASS jeannie does not seed subject stats
2026-10-02T04:09:53.2430742Z PASS jeannie does not seed room array
2026-10-02T04:09:53.2534513Z PASS jeannie does not seed species
2026-10-02T04:09:53.2621898Z PASS jeannie does not seed colour
2026-10-02T04:09:53.2720521Z PASS jeannie does not seed blank pet name
2026-10-02T04:09:53.2812096Z PASS jeannie does not seed null needs
2026-10-02T04:09:53.2913754Z PASS jeannie does not seed diary record
2026-10-02T04:09:53.3018242Z PASS jeannie does not seed mail record
2026-10-02T04:09:53.3116030Z PASS jeannie does not seed quest record
2026-10-02T04:09:53.3210404Z PASS jeannie does not seed negative coins
2026-10-02T04:09:53.3306222Z PASS jeannie does not seed bank array
2026-10-02T04:09:53.3425058Z PASS jeannie does not seed seen row
2026-10-02T04:09:53.3521550Z PASS jeannie does not seed pet array
2026-10-02T04:09:53.3618791Z PASS jeannie does not seed version
2026-10-02T04:09:53.3720467Z PASS jeannie does not seed answer index
2026-10-02T04:09:53.3823813Z PASS cory does not seed stats string
2026-10-02T04:09:53.3910562Z PASS cory does not seed fractional legacy house
2026-10-02T04:09:53.4027144Z PASS cory does not seed review null
2026-10-02T04:09:53.4110451Z PASS cory does not seed bag string count
2026-10-02T04:09:53.4197589Z PASS cory does not seed subject stats
2026-10-02T04:09:53.4281915Z PASS cory does not seed room array
2026-10-02T04:09:53.4374048Z PASS cory does not seed species
2026-10-02T04:09:53.4455765Z PASS cory does not seed colour
2026-10-02T04:09:53.4537989Z PASS cory does not seed blank pet name
2026-10-02T04:09:53.4620887Z PASS cory does not seed null needs
2026-10-02T04:09:53.4717212Z PASS cory does not seed diary record
2026-10-02T04:09:53.4799203Z PASS cory does not seed mail record
2026-10-02T04:09:53.4881977Z PASS cory does not seed quest record
2026-10-02T04:09:53.4987783Z PASS cory does not seed negative coins
2026-10-02T04:09:53.5072171Z PASS cory does not seed bank array
2026-10-02T04:09:53.5158479Z PASS cory does not seed seen row
2026-10-02T04:09:53.5239873Z PASS cory does not seed pet array
2026-10-02T04:09:53.5329470Z PASS cory does not seed version
2026-10-02T04:09:53.5423257Z PASS cory does not seed answer index
2026-10-02T04:09:53.5517439Z PASS ellie does not seed stats string
2026-10-02T04:09:53.5613642Z PASS ellie does not seed fractional legacy house
2026-10-02T04:09:53.5723421Z PASS ellie does not seed review null
2026-10-02T04:09:53.5809538Z PASS ellie does not seed bag string count
2026-10-02T04:09:53.5895813Z PASS ellie does not seed subject stats
2026-10-02T04:09:53.5990426Z PASS ellie does not seed room array
2026-10-02T04:09:53.6092944Z PASS ellie does not seed species
2026-10-02T04:09:53.6194800Z PASS ellie does not seed colour
2026-10-02T04:09:53.6296954Z PASS ellie does not seed blank pet name
2026-10-02T04:09:53.6417400Z PASS ellie does not seed null needs
2026-10-02T04:09:53.6506374Z PASS ellie does not seed diary record
2026-10-02T04:09:53.6595740Z PASS ellie does not seed mail record
2026-10-02T04:09:53.6686644Z PASS ellie does not seed quest record
2026-10-02T04:09:53.6775092Z PASS ellie does not seed negative coins
2026-10-02T04:09:53.6862466Z PASS ellie does not seed bank array
2026-10-02T04:09:53.6952122Z PASS ellie does not seed seen row
2026-10-02T04:09:53.7064289Z PASS ellie does not seed pet array
2026-10-02T04:09:53.7148781Z PASS ellie does not seed version
2026-10-02T04:09:53.7236109Z PASS ellie does not seed answer index
2026-10-02T04:09:53.7323189Z PASS kieran does not seed stats string
2026-10-02T04:09:53.7413104Z PASS kieran does not seed fractional legacy house
2026-10-02T04:09:53.7503855Z PASS kieran does not seed review null
2026-10-02T04:09:53.7595434Z PASS kieran does not seed bag string count
2026-10-02T04:09:53.7712155Z PASS kieran does not seed subject stats
2026-10-02T04:09:53.7803949Z PASS kieran does not seed room array
2026-10-02T04:09:53.7894429Z PASS kieran does not seed species
2026-10-02T04:09:53.7981449Z PASS kieran does not seed colour
2026-10-02T04:09:53.8072403Z PASS kieran does not seed blank pet name
2026-10-02T04:09:53.8164568Z PASS kieran does not seed null needs
2026-10-02T04:09:53.8254623Z PASS kieran does not seed diary record
2026-10-02T04:09:53.8373610Z PASS kieran does not seed mail record
2026-10-02T04:09:53.8462166Z PASS kieran does not seed quest record
2026-10-02T04:09:53.8548676Z PASS kieran does not seed negative coins
2026-10-02T04:09:53.8636114Z PASS kieran does not seed bank array
2026-10-02T04:09:53.8725563Z PASS kieran does not seed seen row
2026-10-02T04:09:53.8815685Z PASS kieran does not seed pet array
2026-10-02T04:09:53.8907429Z PASS kieran does not seed version
2026-10-02T04:09:53.9026223Z PASS kieran does not seed answer index
2026-10-02T04:09:53.9116606Z PASS shannon does not seed stats string
2026-10-02T04:09:53.9210125Z PASS shannon does not seed fractional legacy house
2026-10-02T04:09:53.9300884Z PASS shannon does not seed review null
2026-10-02T04:09:53.9424596Z PASS shannon does not seed bag string count
2026-10-02T04:09:53.9511740Z PASS shannon does not seed subject stats
2026-10-02T04:09:53.9599422Z PASS shannon does not seed room array
2026-10-02T04:09:53.9685829Z PASS shannon does not seed species
2026-10-02T04:09:53.9770389Z PASS shannon does not seed colour
2026-10-02T04:09:53.9855817Z PASS shannon does not seed blank pet name
2026-10-02T04:09:53.9943078Z PASS shannon does not seed null needs
2026-10-02T04:09:54.0032180Z PASS shannon does not seed diary record
2026-10-02T04:09:54.0138073Z PASS shannon does not seed mail record
2026-10-02T04:09:54.0226906Z PASS shannon does not seed quest record
2026-10-02T04:09:54.0315169Z PASS shannon does not seed negative coins
2026-10-02T04:09:54.0402650Z PASS shannon does not seed bank array
2026-10-02T04:09:54.0490554Z PASS shannon does not seed seen row
2026-10-02T04:09:54.0576675Z PASS shannon does not seed pet array
2026-10-02T04:09:54.0662069Z PASS shannon does not seed version
2026-10-02T04:09:54.0774107Z PASS shannon does not seed answer index
2026-10-02T04:09:54.0862343Z PASS tristan does not seed stats string
2026-10-02T04:09:54.0956355Z PASS tristan does not seed fractional legacy house
2026-10-02T04:09:54.1043576Z PASS tristan does not seed review null
2026-10-02T04:09:54.1131506Z PASS tristan does not seed bag string count
2026-10-02T04:09:54.1220262Z PASS tristan does not seed subject stats
2026-10-02T04:09:54.1307281Z PASS tristan does not seed room array
2026-10-02T04:09:54.1416807Z PASS tristan does not seed species
2026-10-02T04:09:54.1504048Z PASS tristan does not seed colour
2026-10-02T04:09:54.1589692Z PASS tristan does not seed blank pet name
2026-10-02T04:09:54.1679178Z PASS tristan does not seed null needs
2026-10-02T04:09:54.1766489Z PASS tristan does not seed diary record
2026-10-02T04:09:54.1853149Z PASS tristan does not seed mail record
2026-10-02T04:09:54.1942257Z PASS tristan does not seed quest record
2026-10-02T04:09:54.2028938Z PASS tristan does not seed negative coins
2026-10-02T04:09:54.2137711Z PASS tristan does not seed bank array
2026-10-02T04:09:54.2223396Z PASS tristan does not seed seen row
2026-10-02T04:09:54.2310548Z PASS tristan does not seed pet array
2026-10-02T04:09:54.2397655Z PASS tristan does not seed version
2026-10-02T04:09:54.2485211Z PASS tristan does not seed answer index
2026-10-02T04:09:54.2570878Z PASS guest does not seed stats string
2026-10-02T04:09:54.2661049Z PASS guest does not seed fractional legacy house
2026-10-02T04:09:54.2769864Z PASS guest does not seed review null
2026-10-02T04:09:54.2855291Z PASS guest does not seed bag string count
2026-10-02T04:09:54.2943584Z PASS guest does not seed subject stats
2026-10-02T04:09:54.3031355Z PASS guest does not seed room array
2026-10-02T04:09:54.3117320Z PASS guest does not seed species
2026-10-02T04:09:54.3203740Z PASS guest does not seed colour
2026-10-02T04:09:54.3291043Z PASS guest does not seed blank pet name
2026-10-02T04:09:54.3399756Z PASS guest does not seed null needs
2026-10-02T04:09:54.3486384Z PASS guest does not seed diary record
2026-10-02T04:09:54.3571646Z PASS guest does not seed mail record
2026-10-02T04:09:54.3658897Z PASS guest does not seed quest record
2026-10-02T04:09:54.3744619Z PASS guest does not seed negative coins
2026-10-02T04:09:54.3829654Z PASS guest does not seed bank array
2026-10-02T04:09:54.3916446Z PASS guest does not seed seen row
2026-10-02T04:09:54.4026403Z PASS guest does not seed pet array
2026-10-02T04:09:54.4113033Z PASS guest does not seed version
2026-10-02T04:09:54.4203950Z PASS guest does not seed answer index
2026-10-02T04:09:54.4290656Z PASS jeannie preserves present raw ""
2026-10-02T04:09:54.4376531Z PASS jeannie preserves present raw "null"
2026-10-02T04:09:54.4460762Z PASS jeannie preserves present raw "[]"
2026-10-02T04:09:54.4548585Z PASS jeannie preserves present raw "0"
2026-10-02T04:09:54.4658619Z PASS jeannie preserves present raw "  "
2026-10-02T04:09:54.4746721Z PASS jeannie preserves present raw "{ valuable partial bytes"
2026-10-02T04:09:54.4835411Z PASS jeannie preserves present raw "{\"v\":2,\"pet\":{\"name\":\"Future\",\"species\":\"blorb\",\"colour\":\"meadow\"}}"
2026-10-02T04:09:54.4922923Z PASS jeannie preserves present raw "{\"v\":1,\"pet\":{\"name\":\"Damaged\",\"species\":\"blorb\",\"colour\":\"meadow\"},\"stats\":\"broken\"}"
2026-10-02T04:09:54.5011407Z PASS cory preserves present raw ""
2026-10-02T04:09:54.5098858Z PASS cory preserves present raw "null"
2026-10-02T04:09:54.5188992Z PASS cory preserves present raw "[]"
2026-10-02T04:09:54.5299296Z PASS cory preserves present raw "0"
2026-10-02T04:09:54.5383761Z PASS cory preserves present raw "  "
2026-10-02T04:09:54.5468136Z PASS cory preserves present raw "{ valuable partial bytes"
2026-10-02T04:09:54.5553666Z PASS cory preserves present raw "{\"v\":2,\"pet\":{\"name\":\"Future\",\"species\":\"blorb\",\"colour\":\"meadow\"}}"
2026-10-02T04:09:54.5639065Z PASS cory preserves present raw "{\"v\":1,\"pet\":{\"name\":\"Damaged\",\"species\":\"blorb\",\"colour\":\"meadow\"},\"stats\":\"broken\"}"
2026-10-02T04:09:54.5724603Z PASS ellie preserves present raw ""
2026-10-02T04:09:54.5810670Z PASS ellie preserves present raw "null"
2026-10-02T04:09:54.5951423Z PASS ellie preserves present raw "[]"
2026-10-02T04:09:54.6034123Z PASS ellie preserves present raw "0"
2026-10-02T04:09:54.6118249Z PASS ellie preserves present raw "  "
2026-10-02T04:09:54.6203950Z PASS ellie preserves present raw "{ valuable partial bytes"
2026-10-02T04:09:54.6289781Z PASS ellie preserves present raw "{\"v\":2,\"pet\":{\"name\":\"Future\",\"species\":\"blorb\",\"colour\":\"meadow\"}}"
2026-10-02T04:09:54.6375782Z PASS ellie preserves present raw "{\"v\":1,\"pet\":{\"name\":\"Damaged\",\"species\":\"blorb\",\"colour\":\"meadow\"},\"stats\":\"broken\"}"
2026-10-02T04:09:54.6459478Z PASS kieran preserves present raw ""
2026-10-02T04:09:54.6544982Z PASS kieran preserves present raw "null"
2026-10-02T04:09:54.6628776Z PASS kieran preserves present raw "[]"
2026-10-02T04:09:54.6731184Z PASS kieran preserves present raw "0"
2026-10-02T04:09:54.6816178Z PASS kieran preserves present raw "  "
2026-10-02T04:09:54.6901318Z PASS kieran preserves present raw "{ valuable partial bytes"
2026-10-02T04:09:54.6986044Z PASS kieran preserves present raw "{\"v\":2,\"pet\":{\"name\":\"Future\",\"species\":\"blorb\",\"colour\":\"meadow\"}}"
2026-10-02T04:09:54.7071942Z PASS kieran preserves present raw "{\"v\":1,\"pet\":{\"name\":\"Damaged\",\"species\":\"blorb\",\"colour\":\"meadow\"},\"stats\":\"broken\"}"
2026-10-02T04:09:54.7155278Z PASS shannon preserves present raw ""
2026-10-02T04:09:54.7264701Z PASS shannon preserves present raw "null"
2026-10-02T04:09:54.7350322Z PASS shannon preserves present raw "[]"
2026-10-02T04:09:54.7436245Z PASS shannon preserves present raw "0"
2026-10-02T04:09:54.7527591Z PASS shannon preserves present raw "  "
2026-10-02T04:09:54.7612300Z PASS shannon preserves present raw "{ valuable partial bytes"
2026-10-02T04:09:54.7698703Z PASS shannon preserves present raw "{\"v\":2,\"pet\":{\"name\":\"Future\",\"species\":\"blorb\",\"colour\":\"meadow\"}}"
2026-10-02T04:09:54.7783524Z PASS shannon preserves present raw "{\"v\":1,\"pet\":{\"name\":\"Damaged\",\"species\":\"blorb\",\"colour\":\"meadow\"},\"stats\":\"broken\"}"
2026-10-02T04:09:54.7867174Z PASS tristan preserves present raw ""
2026-10-02T04:09:54.7973693Z PASS tristan preserves present raw "null"
2026-10-02T04:09:54.8056791Z PASS tristan preserves present raw "[]"
2026-10-02T04:09:54.8140630Z PASS tristan preserves present raw "0"
2026-10-02T04:09:54.8224439Z PASS tristan preserves present raw "  "
2026-10-02T04:09:54.8309144Z PASS tristan preserves present raw "{ valuable partial bytes"
2026-10-02T04:09:54.8401314Z PASS tristan preserves present raw "{\"v\":2,\"pet\":{\"name\":\"Future\",\"species\":\"blorb\",\"colour\":\"meadow\"}}"
2026-10-02T04:09:54.8488332Z PASS tristan preserves present raw "{\"v\":1,\"pet\":{\"name\":\"Damaged\",\"species\":\"blorb\",\"colour\":\"meadow\"},\"stats\":\"broken\"}"
2026-10-02T04:09:54.8599195Z PASS guest preserves present raw ""
2026-10-02T04:09:54.8687927Z PASS guest preserves present raw "null"
2026-10-02T04:09:54.8776850Z PASS guest preserves present raw "[]"
2026-10-02T04:09:54.8866075Z PASS guest preserves present raw "0"
2026-10-02T04:09:54.8953288Z PASS guest preserves present raw "  "
2026-10-02T04:09:54.9043456Z PASS guest preserves present raw "{ valuable partial bytes"
2026-10-02T04:09:54.9125992Z PASS guest preserves present raw "{\"v\":2,\"pet\":{\"name\":\"Future\",\"species\":\"blorb\",\"colour\":\"meadow\"}}"
2026-10-02T04:09:54.9236949Z PASS guest preserves present raw "{\"v\":1,\"pet\":{\"name\":\"Damaged\",\"species\":\"blorb\",\"colour\":\"meadow\"},\"stats\":\"broken\"}"
2026-10-02T04:09:54.9321149Z PASS jeannie respects reset marker "1"
2026-10-02T04:09:54.9405852Z PASS jeannie respects reset marker ""
2026-10-02T04:09:54.9490463Z PASS jeannie respects reset marker "0"
2026-10-02T04:09:54.9573037Z PASS cory respects reset marker "1"
2026-10-02T04:09:54.9655582Z PASS cory respects reset marker ""
2026-10-02T04:09:54.9738565Z PASS cory respects reset marker "0"
2026-10-02T04:09:54.9847199Z PASS ellie respects reset marker "1"
2026-10-02T04:09:54.9933031Z PASS ellie respects reset marker ""
2026-10-02T04:09:55.0016624Z PASS ellie respects reset marker "0"
2026-10-02T04:09:55.0100870Z PASS kieran respects reset marker "1"
2026-10-02T04:09:55.0187254Z PASS kieran respects reset marker ""
2026-10-02T04:09:55.0280394Z PASS kieran respects reset marker "0"
2026-10-02T04:09:55.0368028Z PASS shannon respects reset marker "1"
2026-10-02T04:09:55.0476667Z PASS shannon respects reset marker ""
2026-10-02T04:09:55.0562797Z PASS shannon respects reset marker "0"
2026-10-02T04:09:55.0648744Z PASS tristan respects reset marker "1"
2026-10-02T04:09:55.0734243Z PASS tristan respects reset marker ""
2026-10-02T04:09:55.0819483Z PASS tristan respects reset marker "0"
2026-10-02T04:09:55.0904955Z PASS guest respects reset marker "1"
2026-10-02T04:09:55.0991445Z PASS guest respects reset marker ""
2026-10-02T04:09:55.1097263Z PASS guest respects reset marker "0"
2026-10-02T04:09:55.1189682Z PASS jeannie isolates set failure at craepets.house.v1.jeannie
2026-10-02T04:09:55.1274246Z PASS jeannie isolates get failure at craepets.house.v1.jeannie
2026-10-02T04:09:55.1358197Z PASS jeannie isolates get failure at craepets.v1.jeannie
2026-10-02T04:09:55.1442328Z PASS jeannie isolates get failure at craepets.house.reset.jeannie
2026-10-02T04:09:55.1527220Z PASS cory isolates set failure at craepets.house.v1.cory
2026-10-02T04:09:55.1612181Z PASS cory isolates get failure at craepets.house.v1.cory
2026-10-02T04:09:55.1719706Z PASS cory isolates get failure at craepets.v1.cory
2026-10-02T04:09:55.1804565Z PASS cory isolates get failure at craepets.house.reset.cory
2026-10-02T04:09:55.1891621Z PASS ellie isolates set failure at craepets.house.v1.ellie
2026-10-02T04:09:55.1976399Z PASS ellie isolates get failure at craepets.house.v1.ellie
2026-10-02T04:09:55.2060580Z PASS ellie isolates get failure at craepets.v1.ellie
2026-10-02T04:09:55.2180512Z PASS ellie isolates get failure at craepets.house.reset.ellie
2026-10-02T04:09:55.2266930Z PASS kieran isolates set failure at craepets.house.v1.kieran
2026-10-02T04:09:55.2353848Z PASS kieran isolates get failure at craepets.house.v1.kieran
2026-10-02T04:09:55.2439280Z PASS kieran isolates get failure at craepets.v1.kieran
2026-10-02T04:09:55.2524420Z PASS kieran isolates get failure at craepets.house.reset.kieran
2026-10-02T04:09:55.2611347Z PASS shannon isolates set failure at craepets.house.v1.shannon
2026-10-02T04:09:55.2695235Z PASS shannon isolates get failure at craepets.house.v1.shannon
2026-10-02T04:09:55.2778864Z PASS shannon isolates get failure at craepets.v1.shannon
2026-10-02T04:09:55.2881374Z PASS shannon isolates get failure at craepets.house.reset.shannon
2026-10-02T04:09:55.2972403Z PASS tristan isolates set failure at craepets.house.v1.tristan
2026-10-02T04:09:55.3059236Z PASS tristan isolates get failure at craepets.house.v1.tristan
2026-10-02T04:09:55.3145133Z PASS tristan isolates get failure at craepets.v1.tristan
2026-10-02T04:09:55.3231118Z PASS tristan isolates get failure at craepets.house.reset.tristan
2026-10-02T04:09:55.3318437Z PASS guest isolates set failure at craepets.house.v1.guest
2026-10-02T04:09:55.3403770Z PASS guest isolates get failure at craepets.house.v1.guest
2026-10-02T04:09:55.3515021Z PASS guest isolates get failure at craepets.v1.guest
2026-10-02T04:09:55.3600474Z PASS guest isolates get failure at craepets.house.reset.guest
2026-10-02T04:09:55.3701342Z PASS waits for preparation; then seeds all seven without losing earned progress
2026-10-02T04:09:55.3791705Z PASS jeannie normalizes legacy original only in new house slot
2026-10-02T04:09:55.3878094Z PASS cory normalizes legacy original only in new house slot
2026-10-02T04:09:55.3964763Z PASS ellie normalizes legacy original only in new house slot
2026-10-02T04:09:55.4051197Z PASS kieran normalizes legacy original only in new house slot
2026-10-02T04:09:55.4138535Z PASS shannon normalizes legacy original only in new house slot
2026-10-02T04:09:55.4249176Z PASS tristan normalizes legacy original only in new house slot
2026-10-02T04:09:55.4337252Z PASS guest normalizes legacy original only in new house slot
2026-10-02T04:09:55.4426555Z PASS jeannie rechecks newer slot after preparation
2026-10-02T04:09:55.4513759Z PASS jeannie rechecks newer reset after preparation
2026-10-02T04:09:55.4600405Z PASS cory rechecks newer slot after preparation
2026-10-02T04:09:55.4685988Z PASS cory rechecks newer reset after preparation
2026-10-02T04:09:55.4795300Z PASS ellie rechecks newer slot after preparation
2026-10-02T04:09:55.4882440Z PASS ellie rechecks newer reset after preparation
2026-10-02T04:09:55.4969748Z PASS kieran rechecks newer slot after preparation
2026-10-02T04:09:55.5056791Z PASS kieran rechecks newer reset after preparation
2026-10-02T04:09:55.5141838Z PASS shannon rechecks newer slot after preparation
2026-10-02T04:09:55.5228368Z PASS shannon rechecks newer reset after preparation
2026-10-02T04:09:55.5313773Z PASS tristan rechecks newer slot after preparation
2026-10-02T04:09:55.5424574Z PASS tristan rechecks newer reset after preparation
2026-10-02T04:09:55.5511890Z PASS guest rechecks newer slot after preparation
2026-10-02T04:09:55.5597909Z PASS guest rechecks newer reset after preparation
2026-10-02T04:09:55.5660511Z PASS shared game mode never seeds even on explicit request
2026-10-02T04:09:55.5727665Z PASS export-only page does not seed or change selection/preferences
2026-10-02T04:09:55.5809579Z PASS existing selection and voice are preserved
2026-10-02T04:09:55.5894016Z PASS unknown original selection cannot redirect outside real profiles
2026-10-02T04:09:55.5981499Z PASS metadata write failure preserves valid new copies: craepets.house.who
2026-10-02T04:09:55.6094060Z PASS metadata write failure preserves valid new copies: craepets.house.voice
2026-10-02T04:09:55.6198483Z PASS unacknowledged copy is not reported successful
2026-10-02T04:09:55.6261362Z PASS completed pending recovery suppresses automatic recopy
2026-10-02T04:09:55.6264296Z PASS house auto-seeding: 268 production checks across seven profiles; deep source admission, every present raw target, reset/game/recovery controls, delayed registration and storage failures.
2026-10-02T04:09:55.6443648Z PASS: craepets-auto-seeding.cjs (2.5s)
2026-10-02T04:09:55.6444210Z 
2026-10-02T04:09:55.6444646Z --- craepets-auto-seeding-browser.cjs ---
2026-10-02T04:10:28.2472689Z page.waitForFunction: Timeout 30000ms exceeded.
2026-10-02T04:10:28.2473735Z     at ready (/home/runner/work/Kid-games/Kid-games/tests/craepets-auto-seeding-browser.cjs:15:43)
2026-10-02T04:10:28.2475011Z     at check (/home/runner/work/Kid-games/Kid-games/tests/craepets-auto-seeding-browser.cjs:59:73)
2026-10-02T04:10:28.2476285Z     at async /home/runner/work/Kid-games/Kid-games/tests/craepets-auto-seeding-browser.cjs:80:497 {
2026-10-02T04:10:28.2477045Z   log: [],
2026-10-02T04:10:28.2477414Z   name: 'TimeoutError'
2026-10-02T04:10:28.2477854Z }
2026-10-02T04:10:28.2594777Z FAIL: craepets-auto-seeding-browser.cjs (32.6s) — exited with status 1
2026-10-02T04:10:28.2596588Z 
2026-10-02T04:10:28.2596942Z --- craepets-family-restore.cjs ---
2026-10-02T04:10:28.3077578Z PASS jeannie rejects stats string
2026-10-02T04:10:28.3167352Z PASS jeannie rejects fractional house
2026-10-02T04:10:28.3252048Z PASS jeannie rejects review null
2026-10-02T04:10:28.3335079Z PASS jeannie rejects bag count string
2026-10-02T04:10:28.3407991Z PASS jeannie rejects subject stats string
2026-10-02T04:10:28.3503205Z PASS jeannie rejects room array
2026-10-02T04:10:28.3585287Z PASS jeannie rejects pet unknown species
2026-10-02T04:10:28.3663874Z PASS jeannie rejects pet unknown colour
2026-10-02T04:10:28.3751615Z PASS jeannie rejects blank name
2026-10-02T04:10:28.3825291Z PASS jeannie rejects invalid needs
2026-10-02T04:10:28.3909312Z PASS jeannie rejects bad diary
2026-10-02T04:10:28.3983278Z PASS jeannie rejects mail markup shape
2026-10-02T04:10:28.4073875Z PASS jeannie rejects invalid quest
2026-10-02T04:10:28.4147266Z PASS jeannie rejects bad coins
2026-10-02T04:10:28.4220637Z PASS jeannie rejects bad bank
2026-10-02T04:10:28.4302393Z PASS jeannie rejects seen string
2026-10-02T04:10:28.4380227Z PASS jeannie rejects pet array
2026-10-02T04:10:28.4469955Z PASS jeannie rejects bad version
2026-10-02T04:10:28.4544496Z PASS jeannie rejects review answer
2026-10-02T04:10:28.4628883Z PASS cory rejects stats string
2026-10-02T04:10:28.4710429Z PASS cory rejects fractional house
2026-10-02T04:10:28.4835957Z PASS cory rejects review null
2026-10-02T04:10:28.4914820Z PASS cory rejects bag count string
2026-10-02T04:10:28.4986183Z PASS cory rejects subject stats string
2026-10-02T04:10:28.5059314Z PASS cory rejects room array
2026-10-02T04:10:28.5131587Z PASS cory rejects pet unknown species
2026-10-02T04:10:28.5202604Z PASS cory rejects pet unknown colour
2026-10-02T04:10:28.5288403Z PASS cory rejects blank name
2026-10-02T04:10:28.5359714Z PASS cory rejects invalid needs
2026-10-02T04:10:28.5430443Z PASS cory rejects bad diary
2026-10-02T04:10:28.5502964Z PASS cory rejects mail markup shape
2026-10-02T04:10:28.5599950Z PASS cory rejects invalid quest
2026-10-02T04:10:28.5670581Z PASS cory rejects bad coins
2026-10-02T04:10:28.5744594Z PASS cory rejects bad bank
2026-10-02T04:10:28.5816895Z PASS cory rejects seen string
2026-10-02T04:10:28.5884639Z PASS cory rejects pet array
2026-10-02T04:10:28.5959520Z PASS cory rejects bad version
2026-10-02T04:10:28.6039532Z PASS cory rejects review answer
2026-10-02T04:10:28.6119921Z PASS ellie rejects stats string
2026-10-02T04:10:28.6202271Z PASS ellie rejects fractional house
2026-10-02T04:10:28.6284163Z PASS ellie rejects review null
2026-10-02T04:10:28.6382258Z PASS ellie rejects bag count string
2026-10-02T04:10:28.6455330Z PASS ellie rejects subject stats string
2026-10-02T04:10:28.6529259Z PASS ellie rejects room array
2026-10-02T04:10:28.6608072Z PASS ellie rejects pet unknown species
2026-10-02T04:10:28.6685132Z PASS ellie rejects pet unknown colour
2026-10-02T04:10:28.6766940Z PASS ellie rejects blank name
2026-10-02T04:10:28.6850774Z PASS ellie rejects invalid needs
2026-10-02T04:10:28.6934588Z PASS ellie rejects bad diary
2026-10-02T04:10:28.7048041Z PASS ellie rejects mail markup shape
2026-10-02T04:10:28.7123660Z PASS ellie rejects invalid quest
2026-10-02T04:10:28.7198707Z PASS ellie rejects bad coins
2026-10-02T04:10:28.7273943Z PASS ellie rejects bad bank
2026-10-02T04:10:28.7350707Z PASS ellie rejects seen string
2026-10-02T04:10:28.7419436Z PASS ellie rejects pet array
2026-10-02T04:10:28.7486733Z PASS ellie rejects bad version
2026-10-02T04:10:28.7562804Z PASS ellie rejects review answer
2026-10-02T04:10:28.7672298Z PASS kieran rejects stats string
2026-10-02T04:10:28.7750956Z PASS kieran rejects fractional house
2026-10-02T04:10:28.7827817Z PASS kieran rejects review null
2026-10-02T04:10:28.7904563Z PASS kieran rejects bag count string
2026-10-02T04:10:28.7980933Z PASS kieran rejects subject stats string
2026-10-02T04:10:28.8057435Z PASS kieran rejects room array
2026-10-02T04:10:28.8133884Z PASS kieran rejects pet unknown species
2026-10-02T04:10:28.8209305Z PASS kieran rejects pet unknown colour
2026-10-02T04:10:28.8284310Z PASS kieran rejects blank name
2026-10-02T04:10:28.8391568Z PASS kieran rejects invalid needs
2026-10-02T04:10:28.8471285Z PASS kieran rejects bad diary
2026-10-02T04:10:28.8548735Z PASS kieran rejects mail markup shape
2026-10-02T04:10:28.8626021Z PASS kieran rejects invalid quest
2026-10-02T04:10:28.8700926Z PASS kieran rejects bad coins
2026-10-02T04:10:28.8777077Z PASS kieran rejects bad bank
2026-10-02T04:10:28.8853186Z PASS kieran rejects seen string
2026-10-02T04:10:28.8921080Z PASS kieran rejects pet array
2026-10-02T04:10:28.9018997Z PASS kieran rejects bad version
2026-10-02T04:10:28.9097963Z PASS kieran rejects review answer
2026-10-02T04:10:28.9176493Z PASS shannon rejects stats string
2026-10-02T04:10:28.9255099Z PASS shannon rejects fractional house
2026-10-02T04:10:28.9333372Z PASS shannon rejects review null
2026-10-02T04:10:28.9412280Z PASS shannon rejects bag count string
2026-10-02T04:10:28.9490520Z PASS shannon rejects subject stats string
2026-10-02T04:10:28.9570495Z PASS shannon rejects room array
2026-10-02T04:10:28.9692865Z PASS shannon rejects pet unknown species
2026-10-02T04:10:28.9792096Z PASS shannon rejects pet unknown colour
2026-10-02T04:10:28.9866734Z PASS shannon rejects blank name
2026-10-02T04:10:28.9942956Z PASS shannon rejects invalid needs
2026-10-02T04:10:29.0020144Z PASS shannon rejects bad diary
2026-10-02T04:10:29.0098552Z PASS shannon rejects mail markup shape
2026-10-02T04:10:29.0178258Z PASS shannon rejects invalid quest
2026-10-02T04:10:29.0255568Z PASS shannon rejects bad coins
2026-10-02T04:10:29.0331142Z PASS shannon rejects bad bank
2026-10-02T04:10:29.0409616Z PASS shannon rejects seen string
2026-10-02T04:10:29.0487902Z PASS shannon rejects pet array
2026-10-02T04:10:29.0574287Z PASS shannon rejects bad version
2026-10-02T04:10:29.0651277Z PASS shannon rejects review answer
2026-10-02T04:10:29.0729836Z PASS tristan rejects stats string
2026-10-02T04:10:29.0808966Z PASS tristan rejects fractional house
2026-10-02T04:10:29.0887936Z PASS tristan rejects review null
2026-10-02T04:10:29.0966476Z PASS tristan rejects bag count string
2026-10-02T04:10:29.1048759Z PASS tristan rejects subject stats string
2026-10-02T04:10:29.1128146Z PASS tristan rejects room array
2026-10-02T04:10:29.1231864Z PASS tristan rejects pet unknown species
2026-10-02T04:10:29.1308203Z PASS tristan rejects pet unknown colour
2026-10-02T04:10:29.1384794Z PASS tristan rejects blank name
2026-10-02T04:10:29.1463145Z PASS tristan rejects invalid needs
2026-10-02T04:10:29.1541384Z PASS tristan rejects bad diary
2026-10-02T04:10:29.1619122Z PASS tristan rejects mail markup shape
2026-10-02T04:10:29.1697231Z PASS tristan rejects invalid quest
2026-10-02T04:10:29.1774538Z PASS tristan rejects bad coins
2026-10-02T04:10:29.1878961Z PASS tristan rejects bad bank
2026-10-02T04:10:29.1957980Z PASS tristan rejects seen string
2026-10-02T04:10:29.2025663Z PASS tristan rejects pet array
2026-10-02T04:10:29.2091763Z PASS tristan rejects bad version
2026-10-02T04:10:29.2171420Z PASS tristan rejects review answer
2026-10-02T04:10:29.2252373Z PASS guest rejects stats string
2026-10-02T04:10:29.2337255Z PASS guest rejects fractional house
2026-10-02T04:10:29.2421855Z PASS guest rejects review null
2026-10-02T04:10:29.2528806Z PASS guest rejects bag count string
2026-10-02T04:10:29.2609218Z PASS guest rejects subject stats string
2026-10-02T04:10:29.2689677Z PASS guest rejects room array
2026-10-02T04:10:29.2769928Z PASS guest rejects pet unknown species
2026-10-02T04:10:29.2850826Z PASS guest rejects pet unknown colour
2026-10-02T04:10:29.2930749Z PASS guest rejects blank name
2026-10-02T04:10:29.3011167Z PASS guest rejects invalid needs
2026-10-02T04:10:29.3092440Z PASS guest rejects bad diary
2026-10-02T04:10:29.3197479Z PASS guest rejects mail markup shape
2026-10-02T04:10:29.3276997Z PASS guest rejects invalid quest
2026-10-02T04:10:29.3356246Z PASS guest rejects bad coins
2026-10-02T04:10:29.3435528Z PASS guest rejects bad bank
2026-10-02T04:10:29.3514803Z PASS guest rejects seen string
2026-10-02T04:10:29.3581335Z PASS guest rejects pet array
2026-10-02T04:10:29.3647581Z PASS guest rejects bad version
2026-10-02T04:10:29.3732271Z PASS guest rejects review answer
2026-10-02T04:10:29.3821971Z PASS invalid JSON
2026-10-02T04:10:29.3885428Z PASS empty family
2026-10-02T04:10:29.3949535Z PASS unknown ID
2026-10-02T04:10:29.4014369Z PASS array profiles
2026-10-02T04:10:29.4081178Z PASS unsupported family version
2026-10-02T04:10:29.4200409Z PASS prepare is detached; all seven profiles retain tier, progress and namespaces
2026-10-02T04:10:29.4269221Z PASS jeannie legacy single-pet normalization
2026-10-02T04:10:29.4337440Z PASS cory legacy single-pet normalization
2026-10-02T04:10:29.4404770Z PASS ellie legacy single-pet normalization
2026-10-02T04:10:29.4496596Z PASS kieran legacy single-pet normalization
2026-10-02T04:10:29.4564760Z PASS shannon legacy single-pet normalization
2026-10-02T04:10:29.4631649Z PASS tristan legacy single-pet normalization
2026-10-02T04:10:29.4698667Z PASS guest legacy single-pet normalization
2026-10-02T04:10:29.4788915Z PASS jeannie failed target write restores all original bytes
2026-10-02T04:10:29.4874589Z PASS cory failed target write restores all original bytes
2026-10-02T04:10:29.4960090Z PASS ellie failed target write restores all original bytes
2026-10-02T04:10:29.5045630Z PASS kieran failed target write restores all original bytes
2026-10-02T04:10:29.5163762Z PASS shannon failed target write restores all original bytes
2026-10-02T04:10:29.5252013Z PASS tristan failed target write restores all original bytes
2026-10-02T04:10:29.5341478Z PASS guest failed target write restores all original bytes
2026-10-02T04:10:29.5427642Z PASS failure at craepets.house.import-recovery.v1
2026-10-02T04:10:29.5515062Z PASS failure at craepets.house.reset.cory
2026-10-02T04:10:29.5601888Z PASS failure at craepets.house.who
2026-10-02T04:10:29.5697593Z PASS size quota rollback frees changed pets before restoring larger old bytes
2026-10-02T04:10:29.5917337Z PASS persistent rollback failure preserves journal, blocks writes and recovers on next boot
2026-10-02T04:10:29.6505666Z PASS full/malformed/foreign-key journals safely refuse imports
2026-10-02T04:10:29.6570481Z PASS pending recovery failure blocks boot auto-copy
2026-10-02T04:10:29.6657424Z PASS pending journal acknowledgment failure refuses import without stale writes
2026-10-02T04:10:29.6827888Z PASS completed journal acknowledgment failure reports uncertainty and pauses stale engine
2026-10-02T04:10:29.6894276Z PASS pending boot preserves exact damaged previous bytes instead of automatic recopy
2026-10-02T04:10:29.6896022Z PASS family restore: 163 production checks; seven profile namespaces, malformed state, exact-byte recovery, real size quota and interrupted recovery.
2026-10-02T04:10:29.7032763Z PASS: craepets-family-restore.cjs (1.4s)
2026-10-02T04:10:29.7033244Z 
2026-10-02T04:10:29.7033583Z --- craepets-family-restore-browser.cjs ---
2026-10-02T04:10:33.3337270Z PASS family restore Chromium Desktop: real file preview/apply, seven profiles, literal text, quota retry, interrupted recovery/reload, original export and isolation.
2026-10-02T04:10:35.9102641Z PASS family restore Chromium iPad: real file preview/apply, seven profiles, literal text, quota retry, interrupted recovery/reload, original export and isolation.
2026-10-02T04:10:38.4594001Z PASS family restore Chromium iPhone: real file preview/apply, seven profiles, literal text, quota retry, interrupted recovery/reload, original export and isolation.
2026-10-02T04:10:38.5666992Z PASS: craepets-family-restore-browser.cjs (8.9s)
2026-10-02T04:10:38.5667314Z 
2026-10-02T04:10:38.5667484Z --- post-office-storage.cjs ---
2026-10-02T04:10:38.5931868Z PASS normal saves and key ordering do not create recovery copies
2026-10-02T04:10:38.5945224Z PASS all six drafts and valid family mail survive mixed damage without read-time writes
2026-10-02T04:10:38.5948946Z PASS invalid letter 0 cannot hide a valid sibling
2026-10-02T04:10:38.5950309Z PASS invalid letter 1 cannot hide a valid sibling
2026-10-02T04:10:38.5952206Z PASS invalid letter 2 cannot hide a valid sibling
2026-10-02T04:10:38.5954872Z PASS invalid letter 3 cannot hide a valid sibling
2026-10-02T04:10:38.5957528Z PASS invalid letter 4 cannot hide a valid sibling
2026-10-02T04:10:38.5959225Z PASS invalid letter 5 cannot hide a valid sibling
2026-10-02T04:10:38.5962274Z PASS invalid letter 6 cannot hide a valid sibling
2026-10-02T04:10:38.5966450Z PASS invalid letter 7 cannot hide a valid sibling
2026-10-02T04:10:38.5969219Z PASS invalid letter 8 cannot hide a valid sibling
2026-10-02T04:10:38.5970536Z PASS invalid letter 9 cannot hide a valid sibling
2026-10-02T04:10:38.5972009Z PASS invalid letter 10 cannot hide a valid sibling
2026-10-02T04:10:38.5973147Z PASS invalid letter 11 cannot hide a valid sibling
2026-10-02T04:10:38.5980740Z PASS invalid letter 12 cannot hide a valid sibling
2026-10-02T04:10:38.5981741Z PASS invalid letter 13 cannot hide a valid sibling
2026-10-02T04:10:38.5982741Z PASS invalid letter 14 cannot hide a valid sibling
2026-10-02T04:10:38.5983782Z PASS invalid letter 15 cannot hide a valid sibling
2026-10-02T04:10:38.5984705Z PASS invalid letter 16 cannot hide a valid sibling
2026-10-02T04:10:38.5985726Z PASS invalid letter 17 cannot hide a valid sibling
2026-10-02T04:10:38.5986772Z PASS invalid letter 18 cannot hide a valid sibling
2026-10-02T04:10:38.5987707Z PASS invalid letter 19 cannot hide a valid sibling
2026-10-02T04:10:38.5988688Z PASS invalid letter 20 cannot hide a valid sibling
2026-10-02T04:10:38.5989692Z PASS invalid letter 21 cannot hide a valid sibling
2026-10-02T04:10:38.5990705Z PASS invalid letter 22 cannot hide a valid sibling
2026-10-02T04:10:38.5991984Z PASS invalid letter 23 cannot hide a valid sibling
2026-10-02T04:10:38.5993029Z PASS invalid letter 24 cannot hide a valid sibling
2026-10-02T04:10:38.5994268Z PASS invalid letter 25 cannot hide a valid sibling
2026-10-02T04:10:38.5995063Z PASS invalid letter 26 cannot hide a valid sibling
2026-10-02T04:10:38.5996105Z PASS invalid letter 27 cannot hide a valid sibling
2026-10-02T04:10:38.5997072Z PASS invalid letter 28 cannot hide a valid sibling
2026-10-02T04:10:38.5998038Z PASS invalid letter 29 cannot hide a valid sibling
2026-10-02T04:10:38.5999107Z PASS invalid letter 30 cannot hide a valid sibling
2026-10-02T04:10:38.6005814Z PASS invalid letter 31 cannot hide a valid sibling
2026-10-02T04:10:38.6007053Z PASS invalid letter 32 cannot hide a valid sibling
2026-10-02T04:10:38.6008403Z PASS invalid letter 33 cannot hide a valid sibling
2026-10-02T04:10:38.6009526Z PASS invalid letter 34 cannot hide a valid sibling
2026-10-02T04:10:38.6010605Z PASS invalid letter 35 cannot hide a valid sibling
2026-10-02T04:10:38.6012193Z PASS malformed draft repair preserves jeannie text and isolates recipients
2026-10-02T04:10:38.6013666Z PASS malformed draft repair preserves cory text and isolates recipients
2026-10-02T04:10:38.6015082Z PASS malformed draft repair preserves ellie text and isolates recipients
2026-10-02T04:10:38.6016616Z PASS malformed draft repair preserves kieran text and isolates recipients
2026-10-02T04:10:38.6018045Z PASS malformed draft repair preserves shannon text and isolates recipients
2026-10-02T04:10:38.6019461Z PASS malformed draft repair preserves tristan text and isolates recipients
2026-10-02T04:10:38.6022280Z PASS bad draft body cannot reach trim and valid siblings survive
2026-10-02T04:10:38.6023597Z PASS old Dad draft migration uses only own known IDs
2026-10-02T04:10:38.6026055Z PASS unusable snapshot stays intact until protected repair: {broken
2026-10-02T04:10:38.6027518Z PASS unusable snapshot stays intact until protected repair: null
2026-10-02T04:10:38.6028831Z PASS unusable snapshot stays intact until protected repair: []
2026-10-02T04:10:38.6030146Z PASS unusable snapshot stays intact until protected repair: 45
2026-10-02T04:10:38.6031781Z PASS unusable snapshot stays intact until protected repair: "broken"
2026-10-02T04:10:38.6033175Z PASS backup quota failure refuses original overwrite and warns
2026-10-02T04:10:38.6034542Z PASS mailbag quota failure retains the already captured damaged bytes
2026-10-02T04:10:38.6038671Z PASS distinct recovery copies are append-only, deduplicated and bounded
2026-10-02T04:10:38.6043999Z PASS damaged recovery storage is never overwritten
2026-10-02T04:10:38.6045452Z PASS duplicate IDs cannot bind readers to multiple letters
2026-10-02T04:10:38.6046252Z Post Office storage regressions: 56 checks passed.
2026-10-02T04:10:38.6080318Z PASS: post-office-storage.cjs (0.0s)
2026-10-02T04:10:38.6080746Z 
2026-10-02T04:10:38.6081347Z --- post-office-storage-browser.cjs ---
2026-10-02T04:11:11.5023981Z PASS Post Office Desktop: damaged save recovery, six drafts, real storage events, rebound read/delete, removed/switch reader cancellation, sender preview, quota retry, reload, namespaces and literal text
2026-10-02T04:11:43.7857494Z PASS Post Office iPad: damaged save recovery, six drafts, real storage events, rebound read/delete, removed/switch reader cancellation, sender preview, quota retry, reload, namespaces and literal text
2026-10-02T04:12:20.0972975Z PASS Post Office iPhone: damaged save recovery, six drafts, real storage events, rebound read/delete, removed/switch reader cancellation, sender preview, quota retry, reload, namespaces and literal text
2026-10-02T04:12:20.1910288Z PASS: post-office-storage-browser.cjs (101.6s)
2026-10-02T04:12:20.1910618Z 
2026-10-02T04:12:20.1910769Z --- craepets-import.cjs ---
2026-10-02T04:12:20.6212264Z PASS games/craepets/craepets.js [craepets.] import transactions: 53 invalid backups, storage failure, full and legacy transfers, reload, house progress and shared-profile interoperability
2026-10-02T04:12:21.0081210Z PASS house-test/engine.js [craepets.house.] import transactions: 53 invalid backups, storage failure, full and legacy transfers, reload, house progress and shared-profile interoperability
2026-10-02T04:12:21.3896892Z PASS house-test/engine.js [craepets.] import transactions: 53 invalid backups, storage failure, full and legacy transfers, reload, house progress and shared-profile interoperability
2026-10-02T04:12:21.3976483Z node:assert:150
2026-10-02T04:12:21.3977159Z   throw new AssertionError(obj);
2026-10-02T04:12:21.3978544Z   ^
2026-10-02T04:12:21.3978852Z 
2026-10-02T04:12:21.3979509Z AssertionError [ERR_ASSERTION]: reviewed importer/normalizer must agree across engines
2026-10-02T04:12:21.3980306Z + actual - expected
2026-10-02T04:12:21.3980669Z ... Skipped lines
2026-10-02T04:12:21.3981152Z 
2026-10-02T04:12:21.3981880Z   '  function blankSave(profile) {\n' +
2026-10-02T04:12:21.3982427Z     '    return {\n' +
2026-10-02T04:12:21.3982837Z     '      v: 1,\n' +
2026-10-02T04:12:21.3983233Z     '      tier: profile.tier,\n' +
2026-10-02T04:12:21.3983644Z     '      coins: 60,\n' +
2026-10-02T04:12:21.3983978Z ...
2026-10-02T04:12:21.3984260Z     '\n' +
2026-10-02T04:12:21.3984806Z +   '  var loadPaused = false, loadProblem = null;\n' +
2026-10-02T04:12:21.3985410Z +   '  function savingPaused() {\n' +
2026-10-02T04:12:21.3986197Z +   '    return loadPaused || (window.HouseSaves && HouseSaves.isBlocked());\n' +
2026-10-02T04:12:21.3986847Z +   '  }\n' +
2026-10-02T04:12:21.3987319Z +   '  function loadedCandidate(raw, id) {\n' +
2026-10-02T04:12:21.3988198Z +   '    if (!D.PROFILES.some(function (p) { return p.id === id; })) invalidValley();\n' +
2026-10-02T04:12:21.3989131Z +   '    if (raw === null) return normalizeSave(null, id);\n' +
2026-10-02T04:12:21.3989832Z +   '    var s = JSON.parse(raw);\n' +
2026-10-02T04:12:21.3990573Z +   '    if (!saveRecord(s) || s.v !== 1) invalidValley();\n' +
2026-10-02T04:12:21.3991848Z +   '    // Validate an unadopted current/legacy valley through the same pure\n' +
2026-10-02T04:12:21.3992950Z +   '    // preparer. This detached temporary pet is never displayed or written.\n' +
2026-10-02T04:12:21.3993885Z +   '    var waiting = s.pet === null || s.pet === undefined;\n' +
2026-10-02T04:12:21.3994931Z +   '    if (waiting) s.pet = { name: "Unadopted valley", species: P.SPECIES[0].id, colour: P.COLOURS[0].id };\n' +
2026-10-02T04:12:21.3995556Z +   '    var candidate = importCandidate(s, id);\n' +
2026-10-02T04:12:21.3995945Z +   '    if (waiting) candidate.pet = null;\n' +
2026-10-02T04:12:21.3996278Z +   '    return candidate;\n' +
2026-10-02T04:12:21.3996514Z +   '  }\n' +
2026-10-02T04:12:21.3996813Z     '  function load(id) {\n' +
2026-10-02T04:12:21.3997232Z +   '    // A failed read is not an absent save. Loading never writes.\n' +
2026-10-02T04:12:21.3997858Z +   '    if (!D.PROFILES.some(function (p) { return p.id === id; })) invalidValley();\n' +
2026-10-02T04:12:21.3998459Z +   '    return loadedCandidate(localStorage.getItem(slot(id)), id);\n' +
2026-10-02T04:12:21.3998845Z -   '    var s = null;\n' +
2026-10-02T04:12:21.3999326Z -   '    try { s = JSON.parse(localStorage.getItem(slot(id))); } catch (e) { s = null; }\n' +
2026-10-02T04:12:21.3999818Z -   '    return normalizeSave(s, id);\n' +
2026-10-02T04:12:21.4000095Z     '  }\n' +
2026-10-02T04:12:21.4000388Z +   '  function savedDataWarning(id, active) {\n' +
2026-10-02T04:12:21.4007405Z +   '    if (!D.PROFILES.some(function (p) { return p.id === id; })) id = who;\n' +
2026-10-02T04:12:21.4007990Z +   '    var game = $("#game");\n' +
2026-10-02T04:12:21.4008321Z +   '    if (!game) return;\n' +
2026-10-02T04:12:21.4008761Z +   '    var previous = game.querySelector(".saved-data-warning");\n' +
2026-10-02T04:12:21.4009234Z +   '    if (previous) previous.remove();\n' +
2026-10-02T04:12:21.4009831Z +   '    var panel = document.createElement("section"),warning = document.createElement("p"),\n' +
2026-10-02T04:12:21.4010607Z +   '        download = document.createElement("button"),retry = document.createElement("button");\n' +
2026-10-02T04:12:21.4011496Z +   '    panel.className = "panel saved-data-warning";\n' +
2026-10-02T04:12:21.4012040Z +   '    warning.setAttribute("role", "alert"); warning.tabIndex = -1;\n' +
2026-10-02T04:12:21.4012773Z +   '    warning.textContent = active\n' +
2026-10-02T04:12:21.4013712Z +   '      ? "This saved data could not be opened safely. Saving is paused for this pet, and nothing was replaced. Download the saved data to keep it, or restore a backup and try again."\n' +
2026-10-02T04:12:21.4015166Z +   '      : "That saved pet could not be opened safely. Your current pet is still here, and the other saved data was not replaced.";\n' +
2026-10-02T04:12:21.4016386Z +   '    download.className = retry.className = "act";\n' +
2026-10-02T04:12:21.4017252Z +   '    download.textContent = "Download saved data"; download.dataset.savedDataDownload = id;\n' +
2026-10-02T04:12:21.4017967Z +   '    retry.textContent = "Try opening again"; retry.dataset.savedDataRetry = id;\n' +
2026-10-02T04:12:21.4018523Z +   '    download.addEventListener("click", function (ev) {\n' +
2026-10-02T04:12:21.4018914Z +   '      ev.stopPropagation();\n' +
2026-10-02T04:12:21.4019197Z +   '      try {\n' +
2026-10-02T04:12:21.4019519Z +   '        var raw = localStorage.getItem(slot(id));\n' +
2026-10-02T04:12:21.4019952Z +   '        if (raw === null) throw Error("No saved data");\n' +
2026-10-02T04:12:21.4020700Z +   '        var url = URL.createObjectURL(new Blob([raw], { type: "application/octet-stream" })),link = document.createElement("a");\n' +
2026-10-02T04:12:21.4021800Z +   '        link.href = url; link.download = "craepets-saved-data-" + id + ".txt";\n' +
2026-10-02T04:12:21.4022373Z +   '        document.body.append(link); link.click(); link.remove();\n' +
2026-10-02T04:12:21.4022921Z +   '        setTimeout(function () { URL.revokeObjectURL(url); }, 1000);\n' +
2026-10-02T04:12:21.4023889Z +   '      } catch (e) { warning.textContent = "The saved data could not be read for download. Nothing was replaced. Try opening again when browser storage is available."; }\n' +
2026-10-02T04:12:21.4024575Z +   '    });\n' +
2026-10-02T04:12:21.4025095Z +   '    retry.addEventListener("click", function (ev) { ev.stopPropagation(); location.reload(); });\n' +
2026-10-02T04:12:21.4025673Z +   '    panel.append(warning,download,retry);\n' +
2026-10-02T04:12:21.4026174Z +   '    if (active) game.replaceChildren(panel); else game.append(panel);\n' +
2026-10-02T04:12:21.4026641Z +   '    try { warning.focus(); } catch (e) {}\n' +
2026-10-02T04:12:21.4026921Z +   '  }\n' +
2026-10-02T04:12:21.4027184Z +   '  function pauseSavedData(id) {\n' +
2026-10-02T04:12:21.4027538Z +   '    loadPaused = true; loadProblem = id;\n' +
2026-10-02T04:12:21.4027999Z +   '    hush(); stopCatch(); stopMatch(); clearTimeout(battleTimer);\n' +
2026-10-02T04:12:21.4028451Z +   '    sess = null; battle = null; visit = null;\n' +
2026-10-02T04:12:21.4028816Z +   '    savedDataWarning(id, true);\n' +
2026-10-02T04:12:21.4029078Z +   '  }\n' +
2026-10-02T04:12:21.4029266Z     '\n' +
2026-10-02T04:12:21.4029632Z     '  // Also used before an imported valley is allowed to replace a saved one.\n' +
2026-10-02T04:12:21.4030156Z     '  // This step operates in memory and never writes to storage.\n' +
2026-10-02T04:12:21.4030553Z     '  function normalizeSave(s, id) {\n' +
2026-10-02T04:12:21.4031093Z     '    var profile = D.profile(id);\n' +
2026-10-02T04:12:21.4031375Z ...
2026-10-02T04:12:21.4031596Z     '    delete s.house.level;\n' +
2026-10-02T04:12:21.4032078Z +   '    if (!Array.isArray(s.house.homes) || !s.house.homes'... 3634 more characters
2026-10-02T04:12:21.4032751Z -   '    if (!Array.isArray(s.house.homes) || !s.house.homes.length) s.house.homes = ["nest"];\n' +
2026-10-02T04:12:21.4033360Z -   '    s.house.homes = s.house.homes.filter(function (id, i, a) {\n' +
2026-10-02T04:12:21.4033981Z -   '      return D.HOUSES.some(function (h) { return h.id === id; }) && a.indexOf(id) === i;\n' +
2026-10-02T04:12:21.4034408Z -   '    });\n' +
2026-10-02T04:12:21.4034869Z -   '    if (s.house.homes.indexOf("nest") === -1) s.house.homes.unshift("nest");\n' +
2026-10-02T04:12:21.4035610Z -   '    if (s.house.homes.indexOf(s.house.home) === -1) s.house.home = s.house.homes[s.house.homes.length - 1];\n' +
2026-10-02T04:12:21.4036426Z -   '    ["walls", "floors", "views"].forEach(function (k) {\n' +
2026-10-02T04:12:21.4036880Z -   '      if (!Array.isArray(s.house[k])) s.house[k] = [];\n' +
2026-10-02T04:12:21.4037206Z -   '    });\n' +
2026-10-02T04:12:21.4037622Z -   '    // Whatever style each room is carrying, it has to still exist and still\n' +
2026-10-02T04:12:21.4038137Z -   '    // be something this player is allowed to use.\n' +
2026-10-02T04:12:21.4038676Z -   '    if (!s.house.rooms || typeof s.house.rooms !== "object") s.house.rooms = {};\n' +
2026-10-02T04:12:21.4039337Z -   '    Object.keys(s.house.rooms).forEach(function (id) {\n' +
2026-10-02T04:12:21.4039934Z -   '      var h = D.HOUSES.some(function (x) { return x.id === id; }) ? D.houseById(id) : null;\n' +
2026-10-02T04:12:21.4040475Z -   '      if (!h) { delete s.house.rooms[id]; return; }\n' +
2026-10-02T04:12:21.4041105Z -   '      var r = s.house.rooms[id];\n' +
2026-10-02T04:12:21.4041580Z -   '      if (!r || typeof r !== "object") { delete s.house.rooms[id]; return; }\n' +
2026-10-02T04:12:21.4042124Z -   '      if (!styleAllowed(s, "wall", r.wall)) r.wall = h.style.wall;\n' +
2026-10-02T04:12:21.4042661Z -   '      if (!styleAllowed(s, "floor", r.floor)) r.floor = h.style.floor;\n' +
2026-10-02T04:12:21.4043185Z -   '      if (!styleAllowed(s, "view", r.view)) r.view = h.style.view;\n' +
2026-10-02T04:12:21.4043673Z -   '      if (typeof r.name !== "string") r.name = "";\n' +
2026-10-02T04:12:21.4043979Z -   '    });\n' +
2026-10-02T04:12:21.4044275Z -   '    var home = D.houseById(s.house.home);\n' +
2026-10-02T04:12:21.4044784Z -   '    // You can never have out more than you own, or more than the house holds.\n' +
2026-10-02T04:12:21.4045250Z -   '    s.house.placed = s.house.placed\n' +
2026-10-02T04:12:21.4045843Z -   '      .filter(function (id, i, a) { return s.house.owned.indexOf(id) !== -1 && a.indexOf(id) === i; })\n' +
2026-10-02T04:12:21.4046369Z -   '      .slice(0, home.slots);\n' +
2026-10-02T04:12:21.4046903Z -   '    if (!s.stall || typeof s.stall !== "object") s.stall = { name: "", goods: [], sales: [] };\n' +
2026-10-02T04:12:21.4047477Z -   '    if (!Array.isArray(s.stall.goods)) s.stall.goods = [];\n' +
2026-10-02T04:12:21.4047951Z -   '    if (!Array.isArray(s.stall.sales)) s.stall.sales = [];\n' +
2026-10-02T04:12:21.4048417Z -   '    s.stall.goods = s.stall.goods.filter(function (g) {\n' +
2026-10-02T04:12:21.4048898Z -   '      return g && D.itemById(g.id) && g.n > 0 && g.price > 0;\n' +
2026-10-02T04:12:21.4049240Z -   '    });\n' +
2026-10-02T04:12:21.4049652Z -   '    // The wardrobe, the wish, the diary and the post all came later still.\n' +
2026-10-02T04:12:21.4050162Z -   '    if (!Array.isArray(s.wardrobe)) s.wardrobe = [];\n' +
2026-10-02T04:12:21.4051043Z -   '    s.wardrobe = s.wardrobe.filter(function (id, i, a) { return P.wearById(id) && a.indexOf(id) === i; });\n' +
2026-10-02T04:12:21.4051568Z -   '    if (s.pet) {\n' +
2026-10-02T04:12:21.4051997Z -   '      if (!s.pet.wear || typeof s.pet.wear !== "object") s.pet.wear = {};\n' +
2026-10-02T04:12:21.4052471Z -   '      P.SLOTS.forEach(function (slotName) {\n' +
2026-10-02T04:12:21.4052843Z -   '        var w = s.pet.wear[slotName];\n' +
2026-10-02T04:12:21.4053207Z -   '        var it = w && P.wearById(w);\n' +
2026-10-02T04:12:21.4053664Z -   '        // you can only have on what you own, and only in the right place\n' +
2026-10-02T04:12:21.4054328Z -   '        if (!it || it.slot !== slotName || s.wardrobe.indexOf(w) === -1) s.pet.wear[slotName] = null;\n' +
2026-10-02T04:12:21.4054785Z -   '      });\n' +
2026-10-02T04:12:21.4055098Z -   '    }\n' +
2026-10-02T04:12:21.4055508Z -   '    if (s.wish && (typeof s.wish !== "object" || !s.wish.kind)) s.wish = null;\n' +
2026-10-02T04:12:21.4055993Z -   '    if (!Array.isArray(s.diary)) s.diary = [];\n' +
2026-10-02T04:12:21.4056538Z -   '    s.diary = s.diary.filter(function (e) { return e && typeof e.s === "string"; });\n' +
2026-10-02T04:12:21.4057195Z -   '    if (!Array.isArray(s.mail)) s.mail = [];\n' +
2026-10-02T04:12:21.4058039Z -   '    s.mail = s.mail.filter(function (m) { return m && D.itemById(m.id) && D.PROFILES.some(function (p) { return p.id === m.from; }); });\n' +
2026-10-02T04:12:21.4058730Z -   '    if (!Array.isArray(s.petpets)) s.petpets = [];\n' +
2026-10-02T04:12:21.4059385Z -   '    s.petpets = s.petpets.filter(function (id, i, a) { return P.petpetById(id) && a.indexOf(id) === i; });\n' +
2026-10-02T04:12:21.4060189Z -   '    if (s.pet && s.pet.petpet && (typeof s.pet.petpet !== "object" || !P.petpetById(s.pet.petpet.id) ||\n' +
2026-10-02T04:12:21.4061085Z -   '        s.petpets.indexOf'... 407 more characters
2026-10-02T04:12:21.4061348Z 
2026-10-02T04:12:21.4061695Z     at Object.<anonymous> (/home/runner/work/Kid-games/Kid-games/tests/craepets-import.cjs:244:10)
2026-10-02T04:12:21.4062276Z     at Module._compile (node:internal/modules/cjs/loader:1781:14)
2026-10-02T04:12:21.4062724Z     at Object..js (node:internal/modules/cjs/loader:1913:10)
2026-10-02T04:12:21.4063134Z     at Module.load (node:internal/modules/cjs/loader:1505:32)
2026-10-02T04:12:21.4063558Z     at Function._load (node:internal/modules/cjs/loader:1309:12)
2026-10-02T04:12:21.4063991Z     at wrapModuleLoad (node:internal/modules/cjs/loader:254:19)
2026-10-02T04:12:21.4064529Z     at Function.executeUserEntryPoint [as runMain] (node:internal/modules/run_main:171:5)
2026-10-02T04:12:21.4065030Z     at node:internal/main/run_main_module:36:49 {
2026-10-02T04:12:21.4065338Z   generatedMessage: false,
2026-10-02T04:12:21.4065579Z   code: 'ERR_ASSERTION',
2026-10-02T04:12:21.4065921Z   actual: '  function blankSave(profile) {\n' +
2026-10-02T04:12:21.4066218Z     '    return {\n' +
2026-10-02T04:12:21.4066427Z     '      v: 1,\n' +
2026-10-02T04:12:21.4066675Z     '      tier: profile.tier,\n' +
2026-10-02T04:12:21.4066932Z     '      coins: 60,\n' +
2026-10-02T04:12:21.4067160Z     '      pet: null,\n' +
2026-10-02T04:12:21.4067383Z     '      bag: {},\n' +
2026-10-02T04:12:21.4068025Z     "      /* Anything bought or found that hasn't been used yet — this is what\n" +
2026-10-02T04:12:21.4068655Z     "         puts the badge on the 🎒 Bag tab so a purchase can't vanish. */\n" +
2026-10-02T04:12:21.4069040Z     '      bagNew: {},\n' +
2026-10-02T04:12:21.4069528Z     '      colours: P.COLOURS.filter(function (c) { return c.free; }).map(function (c) { return c.id; }),\n' +
2026-10-02T04:12:21.4070033Z     '      lastTick: Date.now(),\n' +
2026-10-02T04:12:21.4070326Z     '      day: D.dayNumber(),\n' +
2026-10-02T04:12:21.4070578Z     '      quests: [],\n' +
2026-10-02T04:12:21.4071054Z     '      claimed: {},\n' +
2026-10-02T04:12:21.4071310Z     '      today: {},\n' +
2026-10-02T04:12:21.4071672Z     '      /* Questions you got wrong, waiting to come back around. */\n' +
2026-10-02T04:12:21.4072028Z     '      review: [],\n' +
2026-10-02T04:12:21.4072390Z     '      /* Every question you have ever been asked, so the game can go\n' +
2026-10-02T04:12:21.4072887Z     '         looking for one you have NOT. See THE QUESTION TRACKER. */\n' +
2026-10-02T04:12:21.4073240Z     '      seen: {},\n' +
2026-10-02T04:12:21.4073607Z     '      /* A half-filled berry patch should still be there tomorrow. */\n' +
2026-10-02T04:12:21.4074039Z     '      harvest: { farm: [], well: [], pool: [] },\n' +
2026-10-02T04:12:21.4074544Z     '      /* Your own house. `homes` is every home you have ever bought —\n' +
2026-10-02T04:12:21.4075106Z     '         you keep them all and move between them freely — and `home` is\n' +
2026-10-02T04:12:21.4075522Z     '         the one you are living in today.\n' +
2026-10-02T04:12:21.4075805Z     '\n' +
2026-10-02T04:12:21.4076129Z     '         `rooms` is how each of those homes is decorated: its wall, its\n' +
2026-10-02T04:12:21.4076622Z     '         floor, the view out of the window and what you call it. Every\n' +
2026-10-02T04:12:21.4077114Z     '         home keeps its own, so the Igloo can stay icy while the Mars\n' +
2026-10-02T04:12:21.4077757Z     '         Castle stays red, and moving house is a change of scene rather\n' +
2026-10-02T04:12:21.4078254Z     '         than a change of number. `walls`/`floors`/`views` are the style\n' +
2026-10-02T04:12:21.4078746Z     '         pieces you have BOUGHT, which work in every home you own. */\n' +
2026-10-02T04:12:21.4079104Z     '      house: {\n' +
2026-10-02T04:12:21.4079415Z     '        home: "nest", homes: ["nest"], rooms: {},\n' +
2026-10-02T04:12:21.4079761Z     '        walls: [], floors: [], views: [],\n' +
2026-10-02T04:12:21.4080072Z     '        owned: [], placed: []\n' +
2026-10-02T04:12:21.4080328Z     '      },\n' +
2026-10-02T04:12:21.4081010Z     '      /* Your own shop, which the rest of the family can buy from. */\n' +
2026-10-02T04:12:21.4081504Z     '      stall: { name: "", goods: [], sales: [] },\n' +
2026-10-02T04:12:21.4082021Z     '      /* THE HEAT — how hard each subject is asking right now (1–5),\n' +
2026-10-02T04:12:21.4082503Z     '         and the last few answers that decide whether it moves. */\n' +
2026-10-02T04:12:21.4083061Z     '      adapt: { math: { rung: 1, hist: [], best: 1 }, word: { rung: 1, hist: [], best: 1 },\n' +
2026-10-02T04:12:21.4083540Z     '               wonder: { rung: 1, hist: [], best: 1 } },\n' +
2026-10-02T04:12:21.4083984Z     '      /* The Shadow Tower: floors cleared, the friend you bring, and\n' +
2026-10-02T04:12:21.4084409Z     '         what The Shade has given up so far. */\n' +
2026-10-02T04:12:21.4084883Z     '      arena: { floor: 0, ally: null, shadeWins: 0, hoardGot: 0, hoardIds: [] },\n' +
2026-10-02T04:12:21.4085373Z     '      /* The day you last span the prize wheel. */\n' +
2026-10-02T04:12:21.4085690Z     '      spinDay: 0,\n' +
2026-10-02T04:12:21.4085939Z     '      dayStreak: 0,\n' +
2026-10-02T04:12:21.4086204Z     '      lastPlayDay: 0,\n' +
2026-10-02T04:12:21.4086592Z     '      /* Hats, glasses and scarves you own (pets.js draws them). What the\n' +
2026-10-02T04:12:21.4087122Z     '         pet has ON lives in pet.wear, so it travels with the creature. */\n' +
2026-10-02T04:12:21.4087508Z     '      wardrobe: [],\n' +
2026-10-02T04:12:21.4087973Z     '      /* What the Craepet is wishing for right now — see THE WISH. */\n' +
2026-10-02T04:12:21.4088333Z     '      wish: null,\n' +
2026-10-02T04:12:21.4088705Z     "      /* The diary: what happened, in the pet's own words, plus anything\n" +
2026-10-02T04:12:21.4089147Z     '         the player writes in it. See THE DIARY. */\n' +
2026-10-02T04:12:21.4089454Z     '      diary: [],\n' +
2026-10-02T04:12:21.4089827Z     '      /* Presents from the rest of the family, waiting to be opened. */\n' +
2026-10-02T04:12:21.4090202Z     '      mail: [],\n' +
2026-10-02T04:12:21.4090567Z     '      /* Petpets you own (the one that is OUT lives in pet.petpet). */\n' +
2026-10-02T04:12:21.4091210Z     '      petpets: [],\n' +
2026-10-02T04:12:21.4091581Z     '      /* The Valley Bank: what is in, when interest was last paid, and\n' +
2026-10-02T04:12:21.4092064Z     '         how much interest it has paid in all. See THE BANK. */\n' +
2026-10-02T04:12:21.4092544Z     '      bank: { balance: 0, day: D.dayNumber(), earned: 0 },\n' +
2026-10-02T04:12:21.4092917Z     '      /* Sky Catch high scores. */\n' +
2026-10-02T04:12:21.4093240Z     '      catch: { best: 0, games: 0 },\n' +
2026-10-02T04:12:21.4093720Z     '      stats: { correct: 0, wrong: 0, best: 0, streak: 0, farm: 0, well: 0, pool: 0,\n' +
2026-10-02T04:12:21.4094270Z     '               arena: 0, arenaWin: 0, feed: 0, play: 0, wash: 0, read: 0, buy: 0,\n' +
2026-10-02T04:12:21.4094835Z     '               quests: 0, coinsEarned: 0, fixed: 0, bestDayStreak: 0, bySubject: {},\n' +
2026-10-02T04:12:21.4095377Z     '               spin: 0, placed: 0, stocked: 0, sold: 0, soldCoins: 0, styled: 0,\n' +
2026-10-02T04:12:21.4095905Z     '               newq: 0, repeatq: 0, heat: 0, stepup: 0, crit: 0, quick: 0, tower: 0,\n' +
2026-10-02T04:12:21.4096404Z     '               shadeWin: 0, allyHits: 0, allyWins: 0, bestFloor: 0,\n' +
2026-10-02T04:12:21.4097026Z     '               wishes: 0, dressed: 0, gifts: 0, received: 0, diary: 0,\n' +
2026-10-02T04:12:21.4097618Z     '               banked: 0, events: 0, catchGames: 0, matchGames: 0, visits: 0, parties: 0 },\n' +
2026-10-02T04:12:21.4098040Z     '      trophies: []\n' +
2026-10-02T04:12:21.4098271Z     '    };\n' +
2026-10-02T04:12:21.4098467Z     '  }\n' +
2026-10-02T04:12:21.4098657Z     '\n' +
2026-10-02T04:12:21.4098925Z     '  var loadPaused = false, loadProblem = null;\n' +
2026-10-02T04:12:21.4099272Z     '  function savingPaused() {\n' +
2026-10-02T04:12:21.4099817Z     '    return loadPaused || (window.HouseSaves && HouseSaves.isBlocked());\n' +
2026-10-02T04:12:21.4100205Z     '  }\n' +
2026-10-02T04:12:21.4100450Z     '  function loadedCandidate(raw, id) {\n' +
2026-10-02T04:12:21.4101201Z     '    if (!D.PROFILES.some(function (p) { return p.id === id; })) invalidValley();\n' +
2026-10-02T04:12:21.4101702Z     '    if (raw === null) return normalizeSave(null, id);\n' +
2026-10-02T04:12:21.4102065Z     '    var s = JSON.parse(raw);\n' +
2026-10-02T04:12:21.4102411Z     '    if (!saveRecord(s) || s.v !== 1) invalidValley();\n' +
2026-10-02T04:12:21.4102889Z     '    // Validate an unadopted current/legacy valley through the same pure\n' +
2026-10-02T04:12:21.4103448Z     '    // preparer. This detached temporary pet is never displayed or written.\n' +
2026-10-02T04:12:21.4103942Z     '    var waiting = s.pet === null || s.pet === undefined;\n' +
2026-10-02T04:12:21.4104545Z     '    if (waiting) s.pet = { name: "Unadopted valley", species: P.SPECIES[0].id, colour: P.COLOURS[0].id };\n' +
2026-10-02T04:12:21.4105304Z     '    var candidate = importCandidate(s, id);\n' +
2026-10-02T04:12:21.4105866Z     '    if (waiting) candidate.pet = null;\n' +
2026-10-02T04:12:21.4106191Z     '    return candidate;\n' +
2026-10-02T04:12:21.4106585Z     '  }\n' +
2026-10-02T04:12:21.4106879Z     '  function load(id) {\n' +
2026-10-02T04:12:21.4107248Z     '    // A failed read is not an absent save. Loading never writes.\n' +
2026-10-02T04:12:21.4107789Z     '    if (!D.PROFILES.some(function (p) { return p.id === id; })) invalidValley();\n' +
2026-10-02T04:12:21.4108336Z     '    return loadedCandidate(localStorage.getItem(slot(id)), id);\n' +
2026-10-02T04:12:21.4108693Z     '  }\n' +
2026-10-02T04:12:21.4108953Z     '  function savedDataWarning(id, active) {\n' +
2026-10-02T04:12:21.4109394Z     '    if (!D.PROFILES.some(function (p) { return p.id === id; })) id = who;\n' +
2026-10-02T04:12:21.4109793Z     '    var game = $("#game");\n' +
2026-10-02T04:12:21.4110077Z     '    if (!game) return;\n' +
2026-10-02T04:12:21.4110449Z     '    var previous = game.querySelector(".saved-data-warning");\n' +
2026-10-02T04:12:21.4111082Z     '    if (previous) previous.remove();\n' +
2026-10-02T04:12:21.4112088Z     '    var panel = document.createElement("section"),warning = document.createElement("p"),\n' +
2026-10-02T04:12:21.4112945Z     '        download = document.createElement("button"),retry = document.createElement("button");\n' +
2026-10-02T04:12:21.4113513Z     '    panel.className = "panel saved-data-warning";\n' +
2026-10-02T04:12:21.4113977Z     '    warning.setAttribute("role", "alert"); warning.tabIndex = -1;\n' +
2026-10-02T04:12:21.4114391Z     '    warning.textContent = active\n' +
2026-10-02T04:12:21.4115290Z     '      ? "This saved data could not be opened safely. Saving is paused for this pet, and nothing was replaced. Download the saved data to keep it, or restore a backup and try again."\n' +
2026-10-02T04:12:21.4116531Z     '      : "That saved pet could not be opened safely. Your current pet is still here, and the other saved data was not replaced.";\n' +
2026-10-02T04:12:21.4117166Z     '    download.className = retry.className = "act";\n' +
2026-10-02T04:12:21.4117727Z     '    download.textContent = "Download saved data"; download.dataset.savedDataDownload = id;\n' +
2026-10-02T04:12:21.4118378Z     '    retry.textContent = "Try opening again"; retry.dataset.savedDataRetry = id;\n' +
2026-10-02T04:12:21.4119082Z     '    download.addEventListener("click", function (ev) {\n' +
2026-10-02T04:12:21.4119457Z     '      ev.stopPropagation();\n' +
2026-10-02T04:12:21.4119719Z     '      try {\n' +
2026-10-02T04:12:21.4120006Z     '        var raw = localStorage.getItem(slot(id));\n' +
2026-10-02T04:12:21.4120395Z     '        if (raw === null) throw Error("No saved data");\n' +
2026-10-02T04:12:21.4121903Z     '        var url = URL.createObjectURL(new Blob([raw], { type: "application/octet-stream" })),link = document.createElement("a");\n' +
2026-10-02T04:12:21.4122848Z     '        link.href = url; link.download = "craepets-saved-data-" + id + ".txt";\n' +
2026-10-02T04:12:21.4123409Z     '        document.body.append(link); link.click(); link.remove();\n' +
2026-10-02T04:12:21.4123926Z     '        setTimeout(function () { URL.revokeObjectURL(url); }, 1000);\n' +
2026-10-02T04:12:21.4124809Z     '      } catch (e) { warning.textContent = "The saved data could not be read for download. Nothing was replaced. Try opening again when browser storage is available."; }\n' +
2026-10-02T04:12:21.4125508Z     '    });\n' +
2026-10-02T04:12:21.4125974Z     '    retry.addEventListener("click", function (ev) { ev.stopPropagation(); location.reload(); });\n' +
2026-10-02T04:12:21.4126515Z     '    panel.append(warning,download,retry);\n' +
2026-10-02T04:12:21.4126976Z     '    if (active) game.replaceChildren(panel); else game.append(panel);\n' +
2026-10-02T04:12:21.4127414Z     '    try { warning.focus(); } catch (e) {}\n' +
2026-10-02T04:12:21.4127697Z     '  }\n' +
2026-10-02T04:12:21.4127935Z     '  function pauseSavedData(id) {\n' +
2026-10-02T04:12:21.4128273Z     '    loadPaused = true; loadProblem = id;\n' +
2026-10-02T04:12:21.4128690Z     '    hush(); stopCatch(); stopMatch(); clearTimeout(battleTimer);\n' +
2026-10-02T04:12:21.4129109Z     '    sess = null; battle = null; visit = null;\n' +
2026-10-02T04:12:21.4129442Z     '    savedDataWarning(id, true);\n' +
2026-10-02T04:12:21.4129715Z     '  }\n' +
2026-10-02T04:12:21.4129903Z     '\n' +
2026-10-02T04:12:21.4130256Z     '  // Also used before an imported valley is allowed to replace a saved one.\n' +
2026-10-02T04:12:21.4130769Z     '  // This step operates in memory and never writes to storage.\n' +
2026-10-02T04:12:21.4131516Z     '  function normalizeSave(s, id) {\n' +
2026-10-02T04:12:21.4131837Z     '    var profile = D.profile(id);\n' +
2026-10-02T04:12:21.4132239Z     '    if (!s || typeof s !== "object" || s.v !== 1) s = blankSave(profile);\n' +
2026-10-02T04:12:21.4132664Z     '    // fill in anything a newer version added\n' +
2026-10-02T04:12:21.4133010Z     '    var fresh = blankSave(profile);\n' +
2026-10-02T04:12:21.4133550Z     '    Object.keys(fresh).forEach(function (k) { if (s[k] === undefined || s[k] === null) s[k] = fresh[k]; });\n' +
2026-10-02T04:12:21.4134325Z     '    Object.keys(fresh.stats).forEach(function (k) { if (s.stats[k] === undefined) s.stats[k] = fresh.stats[k]; });\n' +
2026-10-02T04:12:21.4135109Z     '    // A save written by an older build has no baskets and no review pile —\n' +
2026-10-02T04:12:21.4135639Z     '    // normalise them here so nothing downstream has to keep checking.\n' +
2026-10-02T04:12:21.4136087Z     '    if (!Array.isArray(s.review)) s.review = [];\n' +
2026-10-02T04:12:21.4136572Z     '    if (!s.seen || typeof s.seen !== "object" || Array.isArray(s.seen)) s.seen = {};\n' +
2026-10-02T04:12:21.4137119Z     '    // The heat and the tower were added later; an older save has neither.\n' +
2026-10-02T04:12:21.4137602Z     '    if (!s.adapt || typeof s.adapt !== "object") s.adapt = {};\n' +
2026-10-02T04:12:21.4138030Z     '    ["math", "word", "wonder"].forEach(function (k) {\n' +
2026-10-02T04:12:21.4138379Z     '      var a = s.adapt[k];\n' +
2026-10-02T04:12:21.4138808Z     '      if (!a || typeof a !== "object") a = s.adapt[k] = { rung: 1, hist: [], best: 1 };\n' +
2026-10-02T04:12:21.4139227Z     '      a.rung = D.hot(a.rung);\n' +
2026-10-02T04:12:21.4139719Z     '      if (!Array.isArray(a.hist)) a.hist = [];\n' +
2026-10-02T04:12:21.4140100Z     '      if (!a.best || a.best < a.rung) a.best = a.rung;\n' +
2026-10-02T04:12:21.4140406Z     '    });\n' +
2026-10-02T04:12:21.4141245Z     '    if (!s.arena || typeof s.arena !== "object") s.arena = { floor: 0, ally: null, shadeWins: 0, hoardGot: 0, hoardIds: [] };\n' +
2026-10-02T04:12:21.4141931Z     '    s.arena.floor = Math.max(0, s.arena.floor | 0);\n' +
2026-10-02T04:12:21.4142375Z     '    if (!Array.isArray(s.arena.hoardIds)) s.arena.hoardIds = [];\n' +
2026-10-02T04:12:21.4143156Z     '    if (s.arena.ally && !D.PROFILES.some(function (p) { return p.id === s.arena.ally; })) s.arena.ally = null;\n' +
2026-10-02T04:12:21.4143894Z     '    if (!s.harvest || typeof s.harvest !== "object") s.harvest = { farm: [], well: [], pool: [] };\n' +
2026-10-02T04:12:21.4144414Z     '    ["farm", "well", "pool"].forEach(function (p) {\n' +
2026-10-02T04:12:21.4144819Z     '      if (!Array.isArray(s.harvest[p])) s.harvest[p] = [];\n' +
2026-10-02T04:12:21.4145333Z     '      if (s.harvest[p].length > SLOTS) s.harvest[p] = s.harvest[p].slice(0, SLOTS);\n' +
2026-10-02T04:12:21.4145732Z     '    });\n' +
2026-10-02T04:12:21.4146099Z     '    // The house and the shop were added later, so an older save has neither.\n' +
2026-10-02T04:12:21.4146599Z     '    if (!s.house || typeof s.house !== "object") s.house = {};\n' +
2026-10-02T04:12:21.4147042Z     '    if (!Array.isArray(s.house.owned)) s.house.owned = [];\n' +
2026-10-02T04:12:21.4147725Z     '    if (!Array.isArray(s.house.placed)) s.house.placed = [];\n' +
2026-10-02T04:12:21.4148628Z     '    // A save from the five-house ladder stored a `level` number. You had\n' +
2026-10-02T04:12:21.4149236Z     '    // paid your way up it, so you keep every home on the way as well as\n' +
2026-10-02T04:12:21.4149645Z     '    // the one you were living in.\n' +
2026-10-02T04:12:21.4150080Z     '    if (typeof s.house.level === "number" && !Array.isArray(s.house.homes)) {\n' +
2026-10-02T04:12:21.4150570Z     '      var lvl = Math.max(0, Math.min(4, s.house.level));\n' +
2026-10-02T04:12:21.4151312Z     '      s.house.homes = D.HOUSES.slice(0, lvl + 1).map(function (h) { return h.id; });\n' +
2026-10-02T04:12:21.4151769Z     '      s.house.home = D.HOUSES[lvl].id;\n' +
2026-10-02T04:12:21.4152042Z     '    }\n' +
2026-10-02T04:12:21.4152272Z     '    delete s.house.level;\n' +
2026-10-02T04:12:21.4152684Z     '    if (!Array.isArray(s.house.homes) || !s.house.homes'... 3634 more characters,
2026-10-02T04:12:21.4153138Z   expected: '  function blankSave(profile) {\n' +
2026-10-02T04:12:21.4153439Z     '    return {\n' +
2026-10-02T04:12:21.4153660Z     '      v: 1,\n' +
2026-10-02T04:12:21.4153900Z     '      tier: profile.tier,\n' +
2026-10-02T04:12:21.4154159Z     '      coins: 60,\n' +
2026-10-02T04:12:21.4154385Z     '      pet: null,\n' +
2026-10-02T04:12:21.4154603Z     '      bag: {},\n' +
2026-10-02T04:12:21.4155091Z     "      /* Anything bought or found that hasn't been used yet — this is what\n" +
2026-10-02T04:12:21.4155690Z     "         puts the badge on the 🎒 Bag tab so a purchase can't vanish. */\n" +
2026-10-02T04:12:21.4156073Z     '      bagNew: {},\n' +
2026-10-02T04:12:21.4156558Z     '      colours: P.COLOURS.filter(function (c) { return c.free; }).map(function (c) { return c.id; }),\n' +
2026-10-02T04:12:21.4157062Z     '      lastTick: Date.now(),\n' +
2026-10-02T04:12:21.4157354Z     '      day: D.dayNumber(),\n' +
2026-10-02T04:12:21.4157603Z     '      quests: [],\n' +
2026-10-02T04:12:21.4157828Z     '      claimed: {},\n' +
2026-10-02T04:12:21.4158057Z     '      today: {},\n' +
2026-10-02T04:12:21.4158413Z     '      /* Questions you got wrong, waiting to come back around. */\n' +
2026-10-02T04:12:21.4158769Z     '      review: [],\n' +
2026-10-02T04:12:21.4159131Z     '      /* Every question you have ever been asked, so the game can go\n' +
2026-10-02T04:12:21.4159620Z     '         looking for one you have NOT. See THE QUESTION TRACKER. */\n' +
2026-10-02T04:12:21.4160135Z     '      seen: {},\n' +
2026-10-02T04:12:21.4160501Z     '      /* A half-filled berry patch should still be there tomorrow. */\n' +
2026-10-02T04:12:21.4161267Z     '      harvest: { farm: [], well: [], pool: [] },\n' +
2026-10-02T04:12:21.4161790Z     '      /* Your own house. `homes` is every home you have ever bought —\n' +
2026-10-02T04:12:21.4162349Z     '         you keep them all and move between them freely — and `home` is\n' +
2026-10-02T04:12:21.4162763Z     '         the one you are living in today.\n' +
2026-10-02T04:12:21.4163039Z     '\n' +
2026-10-02T04:12:21.4163359Z     '         `rooms` is how each of those homes is decorated: its wall, its\n' +
2026-10-02T04:12:21.4163994Z     '         floor, the view out of the window and what you call it. Every\n' +
2026-10-02T04:12:21.4164495Z     '         home keeps its own, so the Igloo can stay icy while the Mars\n' +
2026-10-02T04:12:21.4164987Z     '         Castle stays red, and moving house is a change of scene rather\n' +
2026-10-02T04:12:21.4165494Z     '         than a change of number. `walls`/`floors`/`views` are the style\n' +
2026-10-02T04:12:21.4165987Z     '         pieces you have BOUGHT, which work in every home you own. */\n' +
2026-10-02T04:12:21.4166352Z     '      house: {\n' +
2026-10-02T04:12:21.4166642Z     '        home: "nest", homes: ["nest"], rooms: {},\n' +
2026-10-02T04:12:21.4167003Z     '        walls: [], floors: [], views: [],\n' +
2026-10-02T04:12:21.4167319Z     '        owned: [], placed: []\n' +
2026-10-02T04:12:21.4167575Z     '      },\n' +
2026-10-02T04:12:21.4167912Z     '      /* Your own shop, which the rest of the family can buy from. */\n' +
2026-10-02T04:12:21.4168340Z     '      stall: { name: "", goods: [], sales: [] },\n' +
2026-10-02T04:12:21.4168831Z     '      /* THE HEAT — how hard each subject is asking right now (1–5),\n' +
2026-10-02T04:12:21.4169306Z     '         and the last few answers that decide whether it moves. */\n' +
2026-10-02T04:12:21.4169836Z     '      adapt: { math: { rung: 1, hist: [], best: 1 }, word: { rung: 1, hist: [], best: 1 },\n' +
2026-10-02T04:12:21.4170333Z     '               wonder: { rung: 1, hist: [], best: 1 } },\n' +
2026-10-02T04:12:21.4170772Z     '      /* The Shadow Tower: floors cleared, the friend you bring, and\n' +
2026-10-02T04:12:21.4171613Z     '         what The Shade has given up so far. */\n' +
2026-10-02T04:12:21.4172287Z     '      arena: { floor: 0, ally: null, shadeWins: 0, hoardGot: 0, hoardIds: [] },\n' +
2026-10-02T04:12:21.4172937Z     '      /* The day you last span the prize wheel. */\n' +
2026-10-02T04:12:21.4173260Z     '      spinDay: 0,\n' +
2026-10-02T04:12:21.4173496Z     '      dayStreak: 0,\n' +
2026-10-02T04:12:21.4173834Z     '      lastPlayDay: 0,\n' +
2026-10-02T04:12:21.4174242Z     '      /* Hats, glasses and scarves you own (pets.js draws them). What the\n' +
2026-10-02T04:12:21.4174798Z     '         pet has ON lives in pet.wear, so it travels with the creature. */\n' +
2026-10-02T04:12:21.4175199Z     '      wardrobe: [],\n' +
2026-10-02T04:12:21.4175666Z     '      /* What the Craepet is wishing for right now — see THE WISH. */\n' +
2026-10-02T04:12:21.4176035Z     '      wish: null,\n' +
2026-10-02T04:12:21.4176418Z     "      /* The diary: what happened, in the pet's own words, plus anything\n" +
2026-10-02T04:12:21.4176868Z     '         the player writes in it. See THE DIARY. */\n' +
2026-10-02T04:12:21.4177185Z     '      diary: [],\n' +
2026-10-02T04:12:21.4177554Z     '      /* Presents from the rest of the family, waiting to be opened. */\n' +
2026-10-02T04:12:21.4177930Z     '      mail: [],\n' +
2026-10-02T04:12:21.4178305Z     '      /* Petpets you own (the one that is OUT lives in pet.petpet). */\n' +
2026-10-02T04:12:21.4178690Z     '      petpets: [],\n' +
2026-10-02T04:12:21.4179064Z     '      /* The Valley Bank: what is in, when interest was last paid, and\n' +
2026-10-02T04:12:21.4179543Z     '         how much interest it has paid in all. See THE BANK. */\n' +
2026-10-02T04:12:21.4179986Z     '      bank: { balance: 0, day: D.dayNumber(), earned: 0 },\n' +
2026-10-02T04:12:21.4180530Z     '      /* Sky Catch high scores. */\n' +
2026-10-02T04:12:21.4181125Z     '      catch: { best: 0, games: 0 },\n' +
2026-10-02T04:12:21.4181884Z     '      stats: { correct: 0, wrong: 0, best: 0, streak: 0, farm: 0, well: 0, pool: 0,\n' +
2026-10-02T04:12:21.4182711Z     '               arena: 0, arenaWin: 0, feed: 0, play: 0, wash: 0, read: 0, buy: 0,\n' +
2026-10-02T04:12:21.4183263Z     '               quests: 0, coinsEarned: 0, fixed: 0, bestDayStreak: 0, bySubject: {},\n' +
2026-10-02T04:12:21.4183804Z     '               spin: 0, placed: 0, stocked: 0, sold: 0, soldCoins: 0, styled: 0,\n' +
2026-10-02T04:12:21.4184482Z     '               newq: 0, repeatq: 0, heat: 0, stepup: 0, crit: 0, quick: 0, tower: 0,\n' +
2026-10-02T04:12:21.4184987Z     '               shadeWin: 0, allyHits: 0, allyWins: 0, bestFloor: 0,\n' +
2026-10-02T04:12:21.4185454Z     '               wishes: 0, dressed: 0, gifts: 0, received: 0, diary: 0,\n' +
2026-10-02T04:12:21.4186001Z     '               banked: 0, events: 0, catchGames: 0, matchGames: 0, visits: 0, parties: 0 },\n' +
2026-10-02T04:12:21.4186424Z     '      trophies: []\n' +
2026-10-02T04:12:21.4186656Z     '    };\n' +
2026-10-02T04:12:21.4186855Z     '  }\n' +
2026-10-02T04:12:21.4187040Z     '\n' +
2026-10-02T04:12:21.4187255Z     '  function load(id) {\n' +
2026-10-02T04:12:21.4187501Z     '    var s = null;\n' +
2026-10-02T04:12:21.4187934Z     '    try { s = JSON.parse(localStorage.getItem(slot(id))); } catch (e) { s = null; }\n' +
2026-10-02T04:12:21.4188392Z     '    return normalizeSave(s, id);\n' +
2026-10-02T04:12:21.4188669Z     '  }\n' +
2026-10-02T04:12:21.4188860Z     '\n' +
2026-10-02T04:12:21.4189220Z     '  // Also used before an imported valley is allowed to replace a saved one.\n' +
2026-10-02T04:12:21.4189735Z     '  // This step operates in memory and never writes to storage.\n' +
2026-10-02T04:12:21.4190128Z     '  function normalizeSave(s, id) {\n' +
2026-10-02T04:12:21.4190450Z     '    var profile = D.profile(id);\n' +
2026-10-02T04:12:21.4191284Z     '    if (!s || typeof s !== "object" || s.v !== 1) s = blankSave(profile);\n' +
2026-10-02T04:12:21.4191761Z     '    // fill in anything a newer version added\n' +
2026-10-02T04:12:21.4192114Z     '    var fresh = blankSave(profile);\n' +
2026-10-02T04:12:21.4192962Z     '    Object.keys(fresh).forEach(function (k) { if (s[k] === undefined || s[k] === null) s[k] = fresh[k]; });\n' +
2026-10-02T04:12:21.4193744Z     '    Object.keys(fresh.stats).forEach(function (k) { if (s.stats[k] === undefined) s.stats[k] = fresh.stats[k]; });\n' +
2026-10-02T04:12:21.4194532Z     '    // A save written by an older build has no baskets and no review pile —\n' +
2026-10-02T04:12:21.4195075Z     '    // normalise them here so nothing downstream has to keep checking.\n' +
2026-10-02T04:12:21.4195527Z     '    if (!Array.isArray(s.review)) s.review = [];\n' +
2026-10-02T04:12:21.4196009Z     '    if (!s.seen || typeof s.seen !== "object" || Array.isArray(s.seen)) s.seen = {};\n' +
2026-10-02T04:12:21.4196574Z     '    // The heat and the tower were added later; an older save has neither.\n' +
2026-10-02T04:12:21.4197061Z     '    if (!s.adapt || typeof s.adapt !== "object") s.adapt = {};\n' +
2026-10-02T04:12:21.4197523Z     '    ["math", "word", "wonder"].forEach(function (k) {\n' +
2026-10-02T04:12:21.4197873Z     '      var a = s.adapt[k];\n' +
2026-10-02T04:12:21.4198306Z     '      if (!a || typeof a !== "object") a = s.adapt[k] = { rung: 1, hist: [], best: 1 };\n' +
2026-10-02T04:12:21.4198727Z     '      a.rung = D.hot(a.rung);\n' +
2026-10-02T04:12:21.4199059Z     '      if (!Array.isArray(a.hist)) a.hist = [];\n' +
2026-10-02T04:12:21.4199432Z     '      if (!a.best || a.best < a.rung) a.best = a.rung;\n' +
2026-10-02T04:12:21.4199738Z     '    });\n' +
2026-10-02T04:12:21.4200266Z     '    if (!s.arena || typeof s.arena !== "object") s.arena = { floor: 0, ally: null, shadeWins: 0, hoardGot: 0, hoardIds: [] };\n' +
2026-10-02T04:12:21.4201246Z     '    s.arena.floor = Math.max(0, s.arena.floor | 0);\n' +
2026-10-02T04:12:21.4201692Z     '    if (!Array.isArray(s.arena.hoardIds)) s.arena.hoardIds = [];\n' +
2026-10-02T04:12:21.4202330Z     '    if (s.arena.ally && !D.PROFILES.some(function (p) { return p.id === s.arena.ally; })) s.arena.ally = null;\n' +
2026-10-02T04:12:21.4203047Z     '    if (!s.harvest || typeof s.harvest !== "object") s.harvest = { farm: [], well: [], pool: [] };\n' +
2026-10-02T04:12:21.4203577Z     '    ["farm", "well", "pool"].forEach(function (p) {\n' +
2026-10-02T04:12:21.4203993Z     '      if (!Array.isArray(s.harvest[p])) s.harvest[p] = [];\n' +
2026-10-02T04:12:21.4204627Z     '      if (s.harvest[p].length > SLOTS) s.harvest[p] = s.harvest[p].slice(0, SLOTS);\n' +
2026-10-02T04:12:21.4205040Z     '    });\n' +
2026-10-02T04:12:21.4205403Z     '    // The house and the shop were added later, so an older save has neither.\n' +
2026-10-02T04:12:21.4205903Z     '    if (!s.house || typeof s.house !== "object") s.house = {};\n' +
2026-10-02T04:12:21.4206352Z     '    if (!Array.isArray(s.house.owned)) s.house.owned = [];\n' +
2026-10-02T04:12:21.4206793Z     '    if (!Array.isArray(s.house.placed)) s.house.placed = [];\n' +
2026-10-02T04:12:21.4207279Z     '    // A save from the five-house ladder stored a `level` number. You had\n' +
2026-10-02T04:12:21.4207805Z     '    // paid your way up it, so you keep every home on the way as well as\n' +
2026-10-02T04:12:21.4208217Z     '    // the one you were living in.\n' +
2026-10-02T04:12:21.4208647Z     '    if (typeof s.house.level === "number" && !Array.isArray(s.house.homes)) {\n' +
2026-10-02T04:12:21.4209133Z     '      var lvl = Math.max(0, Math.min(4, s.house.level));\n' +
2026-10-02T04:12:21.4209645Z     '      s.house.homes = D.HOUSES.slice(0, lvl + 1).map(function (h) { return h.id; });\n' +
2026-10-02T04:12:21.4210104Z     '      s.house.home = D.HOUSES[lvl].id;\n' +
2026-10-02T04:12:21.4210379Z     '    }\n' +
2026-10-02T04:12:21.4210608Z     '    delete s.house.level;\n' +
2026-10-02T04:12:21.4211372Z     '    if (!Array.isArray(s.house.homes) || !s.house.homes.length) s.house.homes = ["nest"];\n' +
2026-10-02T04:12:21.4211934Z     '    s.house.homes = s.house.homes.filter(function (id, i, a) {\n' +
2026-10-02T04:12:21.4212495Z     '      return D.HOUSES.some(function (h) { return h.id === id; }) && a.indexOf(id) === i;\n' +
2026-10-02T04:12:21.4212904Z     '    });\n' +
2026-10-02T04:12:21.4213274Z     '    if (s.house.homes.indexOf("nest") === -1) s.house.homes.unshift("nest");\n' +
2026-10-02T04:12:21.4213944Z     '    if (s.house.homes.indexOf(s.house.home) === -1) s.house.home = s.house.homes[s.house.homes.length - 1];\n' +
2026-10-02T04:12:21.4214529Z     '    ["walls", "floors", "views"].forEach(function (k) {\n' +
2026-10-02T04:12:21.4214940Z     '      if (!Array.isArray(s.house[k])) s.house[k] = [];\n' +
2026-10-02T04:12:21.4215246Z     '    });\n' +
2026-10-02T04:12:21.4215606Z     '    // Whatever style each room is carrying, it has to still exist and still\n' +
2026-10-02T04:12:21.4216080Z     '    // be something this player is allowed to use.\n' +
2026-10-02T04:12:21.4216557Z     '    if (!s.house.rooms || typeof s.house.rooms !== "object") s.house.rooms = {};\n' +
2026-10-02T04:12:21.4217053Z     '    Object.keys(s.house.rooms).forEach(function (id) {\n' +
2026-10-02T04:12:21.4217582Z     '      var h = D.HOUSES.some(function (x) { return x.id === id; }) ? D.houseById(id) : null;\n' +
2026-10-02T04:12:21.4218082Z     '      if (!h) { delete s.house.rooms[id]; return; }\n' +
2026-10-02T04:12:21.4218426Z     '      var r = s.house.rooms[id];\n' +
2026-10-02T04:12:21.4218833Z     '      if (!r || typeof r !== "object") { delete s.house.rooms[id]; return; }\n' +
2026-10-02T04:12:21.4219323Z     '      if (!styleAllowed(s, "wall", r.wall)) r.wall = h.style.wall;\n' +
2026-10-02T04:12:21.4219810Z     '      if (!styleAllowed(s, "floor", r.floor)) r.floor = h.style.floor;\n' +
2026-10-02T04:12:21.4220289Z     '      if (!styleAllowed(s, "view", r.view)) r.view = h.style.view;\n' +
2026-10-02T04:12:21.4220998Z     '      if (typeof r.name !== "string") r.name = "";\n' +
2026-10-02T04:12:21.4221301Z     '    });\n' +
2026-10-02T04:12:21.4221566Z     '    var home = D.houseById(s.house.home);\n' +
2026-10-02T04:12:21.4222018Z     '    // You can never have out more than you own, or more than the house holds.\n' +
2026-10-02T04:12:21.4222454Z     '    s.house.placed = s.house.placed\n' +
2026-10-02T04:12:21.4222979Z     '      .filter(function (id, i, a) { return s.house.owned.indexOf(id) !== -1 && a.indexOf(id) === i; })\n' +
2026-10-02T04:12:21.4223470Z     '      .slice(0, home.slots);\n' +
2026-10-02T04:12:21.4224061Z     '    if (!s.stall || typeof s.stall !== "object") s.stall = { name: "", goods: [], sales: [] };\n' +
2026-10-02T04:12:21.4224600Z     '    if (!Array.isArray(s.stall.goods)) s.stall.goods = [];\n' +
2026-10-02T04:12:21.4225056Z     '    if (!Array.isArray(s.stall.sales)) s.stall.sales = [];\n' +
2026-10-02T04:12:21.4225484Z     '    s.stall.goods = s.stall.goods.filter(function (g) {\n' +
2026-10-02T04:12:21.4225924Z     '      return g && D.itemById(g.id) && g.n > 0 && g.price > 0;\n' +
2026-10-02T04:12:21.4226255Z     '    });\n' +
2026-10-02T04:12:21.4226612Z     '    // The wardrobe, the wish, the diary and the post all came later still.\n' +
2026-10-02T04:12:21.4227077Z     '    if (!Array.isArray(s.wardrobe)) s.wardrobe = [];\n' +
2026-10-02T04:12:21.4227662Z     '    s.wardrobe = s.wardrobe.filter(function (id, i, a) { return P.wearById(id) && a.indexOf(id) === i; });\n' +
2026-10-02T04:12:21.4228164Z     '    if (s.pet) {\n' +
2026-10-02T04:12:21.4228554Z     '      if (!s.pet.wear || typeof s.pet.wear !== "object") s.pet.wear = {};\n' +
2026-10-02T04:12:21.4228995Z     '      P.SLOTS.forEach(function (slotName) {\n' +
2026-10-02T04:12:21.4229348Z     '        var w = s.pet.wear[slotName];\n' +
2026-10-02T04:12:21.4229675Z     '        var it = w && P.wearById(w);\n' +
2026-10-02T04:12:21.4230089Z     '        // you can only have on what you own, and only in the right place\n' +
2026-10-02T04:12:21.4230699Z     '        if (!it || it.slot !== slotName || s.wardrobe.indexOf(w) === -1) s.pet.wear[slotName] = null;\n' +
2026-10-02T04:12:21.4231274Z     '      });\n' +
2026-10-02T04:12:21.4231477Z     '    }\n' +
2026-10-02T04:12:21.4231837Z     '    if (s.wish && (typeof s.wish !== "object" || !s.wish.kind)) s.wish = null;\n' +
2026-10-02T04:12:21.4232426Z     '    if (!Array.isArray(s.diary)) s.diary = [];\n' +
2026-10-02T04:12:21.4233047Z     '    s.diary = s.diary.filter(function (e) { return e && typeof e.s === "string"; });\n' +
2026-10-02T04:12:21.4233745Z     '    if (!Array.isArray(s.mail)) s.mail = [];\n' +
2026-10-02T04:12:21.4234528Z     '    s.mail = s.mail.filter(function (m) { return m && D.itemById(m.id) && D.PROFILES.some(function (p) { return p.id === m.from; }); });\n' +
2026-10-02T04:12:21.4246275Z     '    if (!Array.isArray(s.petpets)) s.petpets = [];\n' +
2026-10-02T04:12:21.4247373Z     '    s.petpets = s.petpets.filter(function (id, i, a) { return P.petpetById(id) && a.indexOf(id) === i; });\n' +
2026-10-02T04:12:21.4248489Z     '    if (s.pet && s.pet.petpet && (typeof s.pet.petpet !== "object" || !P.petpetById(s.pet.petpet.id) ||\n' +
2026-10-02T04:12:21.4249068Z     '        s.petpets.indexOf'... 407 more characters,
2026-10-02T04:12:21.4249394Z   operator: 'strictEqual',
2026-10-02T04:12:21.4249635Z   diff: 'simple'
2026-10-02T04:12:21.4249840Z }
2026-10-02T04:12:21.4249944Z 
2026-10-02T04:12:21.4250031Z Node.js v22.23.3
2026-10-02T04:12:21.4250525Z FAIL: craepets-import.cjs (1.2s) — exited with status 1
2026-10-02T04:12:21.4250775Z 
2026-10-02T04:12:21.4251268Z --- craepets-import-browser.cjs ---
2026-10-02T04:12:26.4135571Z PASS game import browser checks at desktop/phone
2026-10-02T04:12:30.1256369Z PASS house import browser checks at desktop/phone
2026-10-02T04:12:35.4098183Z PASS shared import browser checks at desktop/phone
2026-10-02T04:12:35.4100167Z PASS Craepets browser imports: rejected files and quota failure preserve active lessons; current and legacy transfers reload and play on desktop/phone in game, standalone-house and shared-house modes
2026-10-02T04:12:35.5142632Z PASS: craepets-import-browser.cjs (14.1s)
2026-10-02T04:12:35.5143007Z 
2026-10-02T04:12:35.5143218Z --- shared-media-lifecycle.cjs ---
2026-10-02T04:12:35.6273213Z PASS shared media: canceled narration, audio failure recovery, bounded effects, live preferences, and background cleanup
2026-10-02T04:12:35.6333478Z PASS: shared-media-lifecycle.cjs (0.1s)
2026-10-02T04:12:35.6334264Z 
2026-10-02T04:12:35.6335092Z --- photo-daily-assignment.cjs ---
2026-10-02T04:12:35.6797337Z PASS: Photo daily assignments (300 date/explorer/unlock cases; 101 compatible low-bit hashes, 149 high-bit hashes), real map rendering and one daily reward
2026-10-02T04:12:35.6837661Z PASS: photo-daily-assignment.cjs (0.1s)
2026-10-02T04:12:35.6838024Z 
2026-10-02T04:12:35.6838203Z --- arcade-usability.cjs ---
2026-10-02T04:12:37.0258190Z PASS: corrupt saved preferences, canonical resume metadata and keyboard navigation
2026-10-02T04:12:37.7671789Z PASS: search, kid filters, result status, empty state, reset and reduced motion at 1280px
2026-10-02T04:12:38.4339812Z PASS: search, kid filters, result status, empty state, reset and reduced motion at 320px
2026-10-02T04:12:38.9146197Z PASS: arcade remains playable without localStorage; Surprise me respects search
2026-10-02T04:12:39.0042288Z PASS: arcade-usability.cjs (3.3s)
2026-10-02T04:12:39.0042693Z 
2026-10-02T04:12:39.0042959Z --- math-reliability.test.js ---
2026-10-02T04:12:45.3274026Z Math/logic reliability checks passed (5 games, numeric answers, blocked storage, damaged saves, immediate reload and phone layouts).
2026-10-02T04:12:45.7526606Z PASS: math-reliability.test.js (6.7s)
2026-10-02T04:12:45.7527022Z 
2026-10-02T04:12:48.3605459Z --- service-worker.cjs ---
2026-10-02T04:12:48.3606399Z PASS: scoped cache cleanup, safe bounded warming, module refresh, nested/dynamic imports offline, partial responses, correct fallback URL
2026-10-02T04:12:48.4607582Z PASS: service-worker.cjs (2.7s)
2026-10-02T04:12:48.4607966Z 
2026-10-02T04:12:48.4608275Z --- young-games-regressions.js ---
2026-10-02T04:13:00.1368131Z PASS young games: Desktop
2026-10-02T04:13:10.9824790Z PASS young games: Phone
2026-10-02T04:13:11.9462671Z PASS young games: corrupt and blocked saves
2026-10-02T04:13:12.0536143Z PASS: young-games-regressions.js (23.6s)
2026-10-02T04:13:12.0536567Z 
2026-10-02T04:13:12.0536819Z --- word-puzzles-lifecycle.cjs ---
2026-10-02T04:13:14.1766024Z PASS word puzzles: Desktop, duplicate submit, disabled cards, solve/hint cancellation, stopped/restored clocks, Clear and crossing direction
2026-10-02T04:13:15.7091953Z PASS word puzzles: Phone, duplicate submit, disabled cards, solve/hint cancellation, stopped/restored clocks, Clear and crossing direction
2026-10-02T04:13:15.7993896Z PASS: word-puzzles-lifecycle.cjs (3.7s)
2026-10-02T04:13:15.7994366Z 
2026-10-02T04:13:15.7994630Z --- three-model-visuals.cjs ---
2026-10-02T04:14:00.6253680Z PASS models: 35 wildlife, 18 pets/companions, 221 furnishings, 12 biome/quality variants; geometry, shaders, animation and disposal
2026-10-02T04:14:00.6373822Z PASS real WebGL: 35 wildlife models, 18 pets and companions, 221 furnishings, 12 biome/quality variants; finite geometry and rigs, shaders, animation, quality and disposal.
2026-10-02T04:14:00.6377096Z {"maxAnimalDraws":33,"maxAnimalTriangles":15564,"maxPetDraws":2,"maxFurnitureDraws":4,"maxFurnitureTriangles":2480,"maxWorldDraws":614,"maxWorldTriangles":1034478,"evidence":"/tmp/kid-games-visuals/validation"}
2026-10-02T04:14:00.7215969Z PASS: three-model-visuals.cjs (44.9s)
2026-10-02T04:14:00.7217373Z   craepets-active-save.cjs: exited with status 1
2026-10-02T04:14:00.7217805Z 
2026-10-02T04:14:00.7218154Z Regressions: 14/18 passed.
2026-10-02T04:14:00.7221992Z   craepets-active-save-browser.cjs: exited with status 1
2026-10-02T04:14:00.7222755Z   craepets-auto-seeding-browser.cjs: exited with status 1
2026-10-02T04:14:00.7223620Z   craepets-import.cjs: exited with status 1
2026-10-02T04:14:00.7391315Z ##[error]Process completed with exit code 1.
2026-10-02T04:14:00.7539915Z Post job cleanup.
2026-10-02T04:14:00.8423582Z [command]/usr/bin/git version
2026-10-02T04:14:00.8467267Z git version 2.55.0
2026-10-02T04:14:00.8540009Z Temporarily overriding HOME='/home/runner/work/_temp/fb432782-f028-47f4-bfae-61fa4ff015f2' before making global git config changes
2026-10-02T04:14:00.8541748Z Adding repository directory to the temporary git global config as a safe directory
2026-10-02T04:14:00.8546019Z [command]/usr/bin/git config --global --add safe.directory /home/runner/work/Kid-games/Kid-games
2026-10-02T04:14:00.8585645Z [command]/usr/bin/git config --local --name-only --get-regexp core\.sshCommand
2026-10-02T04:14:00.8623335Z [command]/usr/bin/git submodule foreach --recursive sh -c "git config --local --name-only --get-regexp 'core\.sshCommand' && git config --local --unset-all 'core.sshCommand' || :"
2026-10-02T04:14:00.8881598Z [command]/usr/bin/git config --local --name-only --get-regexp http\.https\:\/\/github\.com\/\.extraheader
2026-10-02T04:14:00.8930669Z http.https://github.com/.extraheader
2026-10-02T04:14:00.8946524Z [command]/usr/bin/git config --local --unset-all http.https://github.com/.extraheader
2026-10-02T04:14:00.9005950Z [command]/usr/bin/git submodule foreach --recursive sh -c "git config --local --name-only --get-regexp 'http\.https\:\/\/github\.com\/\.extraheader' && git config --local --unset-all 'http.https://github.com/.extraheader' || :"
2026-10-02T04:14:00.9263647Z [command]/usr/bin/git config --local --name-only --get-regexp ^includeIf\.gitdir:
2026-10-02T04:14:00.9305788Z [command]/usr/bin/git submodule foreach --recursive git config --local --show-origin --name-only --get-regexp remote.origin.url
2026-10-02T04:14:00.9737310Z Cleaning up orphan processes
2026-10-02T04:14:01.0054818Z ##[warning]Node.js 20 is deprecated. The following actions target Node.js 20 but are being forced to run on Node.js 24: actions/checkout@v4, actions/setup-node@v4. For more information see: https://github.blog/changelog/2025-09-19-deprecation-of-node-20-on-github-actions-runners/
