2026-10-02T07:44:14.4003992Z Current runner version: '2.337.0'
2026-10-02T07:44:14.4044373Z ##[group]Runner Image Provisioner
2026-10-02T07:44:14.4045933Z Hosted Compute Agent
2026-10-02T07:44:14.4047040Z Version: 20260901.588
2026-10-02T07:44:14.4048234Z Commit: f88ec8081b781fac6c440065ac7ff9e710ce3d0b
2026-10-02T07:44:14.4049840Z Build Date: 2026-09-01T19:56:44Z
2026-10-02T07:44:14.4051269Z Worker ID: {eeb46744-6ecc-421b-888e-2cb1ce4294a3}
2026-10-02T07:44:14.4052594Z Azure Region: eastus
2026-10-02T07:44:14.4053720Z ##[endgroup]
2026-10-02T07:44:14.4057208Z ##[group]Operating System
2026-10-02T07:44:14.4058417Z Ubuntu
2026-10-02T07:44:14.4059746Z 24.04.5
2026-10-02T07:44:14.4060693Z LTS
2026-10-02T07:44:14.4061667Z ##[endgroup]
2026-10-02T07:44:14.4062610Z ##[group]Runner Image
2026-10-02T07:44:14.4063705Z Image: ubuntu-24.04
2026-10-02T07:44:14.4064757Z Version: 20260927.320.1
2026-10-02T07:44:14.4067173Z Included Software: https://github.com/actions/runner-images/blob/ubuntu24/20260927.320/images/ubuntu/Ubuntu2404-Readme.md
2026-10-02T07:44:14.4070292Z Image Release: https://github.com/actions/runner-images/releases/tag/ubuntu24%2F20260927.320
2026-10-02T07:44:14.4072166Z ##[endgroup]
2026-10-02T07:44:14.4074202Z ##[group]GITHUB_TOKEN Permissions
2026-10-02T07:44:14.4078159Z Contents: read
2026-10-02T07:44:14.4079217Z Metadata: read
2026-10-02T07:44:14.4080751Z ##[endgroup]
2026-10-02T07:44:14.4084287Z Secret source: Actions
2026-10-02T07:44:14.4085983Z Cache mode: write
2026-10-02T07:44:14.4087653Z Prepare workflow directory
2026-10-02T07:44:14.4738308Z Prepare all required actions
2026-10-02T07:44:14.4819337Z Getting action download info
2026-10-02T07:44:14.6441181Z Download action repository 'actions/checkout@v4' (SHA:11d5960a326750d5838078e36cf38b85af677262)
2026-10-02T07:44:14.7413614Z Download action repository 'actions/setup-node@v4' (SHA:49933ea5288caeca8642d1e84afbd3f7d6820020)
2026-10-02T07:44:14.9416992Z Complete job name: regressions
2026-10-02T07:44:15.0282092Z ##[group]Run actions/checkout@v4
2026-10-02T07:44:15.0283043Z with:
2026-10-02T07:44:15.0283546Z   repository: trimcrae/Kid-games
2026-10-02T07:44:15.0287450Z   token: ***
2026-10-02T07:44:15.0287900Z   ssh-strict: true
2026-10-02T07:44:15.0288354Z   ssh-user: git
2026-10-02T07:44:15.0288816Z   persist-credentials: true
2026-10-02T07:44:15.0289318Z   clean: true
2026-10-02T07:44:15.0290089Z   sparse-checkout-cone-mode: true
2026-10-02T07:44:15.0290643Z   fetch-depth: 1
2026-10-02T07:44:15.0291078Z   fetch-tags: false
2026-10-02T07:44:15.0291538Z   show-progress: true
2026-10-02T07:44:15.0291993Z   lfs: false
2026-10-02T07:44:15.0292413Z   submodules: false
2026-10-02T07:44:15.0292888Z   set-safe-directory: true
2026-10-02T07:44:15.0293406Z   allow-unsafe-pr-checkout: false
2026-10-02T07:44:15.0294283Z ##[endgroup]
2026-10-02T07:44:15.1411547Z Syncing repository: trimcrae/Kid-games
2026-10-02T07:44:15.1414012Z ##[group]Getting Git version info
2026-10-02T07:44:15.1414909Z Working directory is '/home/runner/work/Kid-games/Kid-games'
2026-10-02T07:44:15.1415970Z [command]/usr/bin/git version
2026-10-02T07:44:15.1515138Z git version 2.55.0
2026-10-02T07:44:15.1556116Z ##[endgroup]
2026-10-02T07:44:15.1566510Z Temporarily overriding HOME='/home/runner/work/_temp/f401829d-afaf-4e53-9708-889d5603caaa' before making global git config changes
2026-10-02T07:44:15.1568761Z Adding repository directory to the temporary git global config as a safe directory
2026-10-02T07:44:15.1574880Z [command]/usr/bin/git config --global --add safe.directory /home/runner/work/Kid-games/Kid-games
2026-10-02T07:44:15.1633890Z Deleting the contents of '/home/runner/work/Kid-games/Kid-games'
2026-10-02T07:44:15.1646777Z ##[group]Initializing the repository
2026-10-02T07:44:15.1656204Z [command]/usr/bin/git init /home/runner/work/Kid-games/Kid-games
2026-10-02T07:44:15.1770024Z hint: Using 'master' as the name for the initial branch. This default branch name
2026-10-02T07:44:15.1772360Z hint: will change to "main" in Git 3.0. To configure the initial branch name
2026-10-02T07:44:15.1776032Z hint: to use in all of your new repositories, which will suppress this warning,
2026-10-02T07:44:15.1778088Z hint: call:
2026-10-02T07:44:15.1778768Z hint:
2026-10-02T07:44:15.1779833Z hint: 	git config --global init.defaultBranch <name>
2026-10-02T07:44:15.1781227Z hint:
2026-10-02T07:44:15.1782285Z hint: Names commonly chosen instead of 'master' are 'main', 'trunk' and
2026-10-02T07:44:15.1783645Z hint: 'development'. The just-created branch can be renamed via this command:
2026-10-02T07:44:15.1784935Z hint:
2026-10-02T07:44:15.1785457Z hint: 	git branch -m <name>
2026-10-02T07:44:15.1786026Z hint:
2026-10-02T07:44:15.1786705Z hint: Disable this message with "git config set advice.defaultBranchName false"
2026-10-02T07:44:15.1787768Z Initialized empty Git repository in /home/runner/work/Kid-games/Kid-games/.git/
2026-10-02T07:44:15.1789971Z [command]/usr/bin/git remote add origin https://github.com/trimcrae/Kid-games
2026-10-02T07:44:15.1846362Z ##[endgroup]
2026-10-02T07:44:15.1847558Z ##[group]Disabling automatic garbage collection
2026-10-02T07:44:15.1850836Z [command]/usr/bin/git config --local gc.auto 0
2026-10-02T07:44:15.1892967Z ##[endgroup]
2026-10-02T07:44:15.1894201Z ##[group]Setting up auth
2026-10-02T07:44:15.1908096Z [command]/usr/bin/git config --local --name-only --get-regexp core\.sshCommand
2026-10-02T07:44:15.1958115Z [command]/usr/bin/git submodule foreach --recursive sh -c "git config --local --name-only --get-regexp 'core\.sshCommand' && git config --local --unset-all 'core.sshCommand' || :"
2026-10-02T07:44:15.2390372Z [command]/usr/bin/git config --local --name-only --get-regexp http\.https\:\/\/github\.com\/\.extraheader
2026-10-02T07:44:15.2436038Z [command]/usr/bin/git submodule foreach --recursive sh -c "git config --local --name-only --get-regexp 'http\.https\:\/\/github\.com\/\.extraheader' && git config --local --unset-all 'http.https://github.com/.extraheader' || :"
2026-10-02T07:44:15.2692850Z [command]/usr/bin/git config --local --name-only --get-regexp ^includeIf\.gitdir:
2026-10-02T07:44:15.2739221Z [command]/usr/bin/git submodule foreach --recursive git config --local --show-origin --name-only --get-regexp remote.origin.url
2026-10-02T07:44:15.3000934Z [command]/usr/bin/git config --local http.https://github.com/.extraheader AUTHORIZATION: basic ***
2026-10-02T07:44:15.3050464Z ##[endgroup]
2026-10-02T07:44:15.3051939Z ##[group]Fetching the repository
2026-10-02T07:44:15.3061619Z [command]/usr/bin/git -c protocol.version=2 fetch --no-tags --prune --no-recurse-submodules --depth=1 origin +f2769c2085c985158f7fe9a8aca8e822435c62cf:refs/remotes/pull/8/merge
2026-10-02T07:44:26.2758976Z From https://github.com/trimcrae/Kid-games
2026-10-02T07:44:26.2760952Z  * [new ref]         f2769c2085c985158f7fe9a8aca8e822435c62cf -> pull/8/merge
2026-10-02T07:44:26.2765836Z ##[endgroup]
2026-10-02T07:44:26.2767643Z ##[group]Determining the checkout info
2026-10-02T07:44:26.2769585Z ##[endgroup]
2026-10-02T07:44:26.2774891Z [command]/usr/bin/git sparse-checkout disable
2026-10-02T07:44:26.2833474Z [command]/usr/bin/git config --local --unset-all extensions.worktreeConfig
2026-10-02T07:44:26.2875141Z ##[group]Checking out the ref
2026-10-02T07:44:26.2878221Z [command]/usr/bin/git checkout --progress --force refs/remotes/pull/8/merge
2026-10-02T07:44:27.3124152Z Updating files:  96% (3188/3313)
2026-10-02T07:44:27.3143139Z Updating files:  97% (3214/3313)
2026-10-02T07:44:27.3175233Z Updating files:  98% (3247/3313)
2026-10-02T07:44:27.3204974Z Updating files:  99% (3280/3313)
2026-10-02T07:44:27.3205778Z Updating files: 100% (3313/3313)
2026-10-02T07:44:27.3206273Z Updating files: 100% (3313/3313), done.
2026-10-02T07:44:27.3239070Z Note: switching to 'refs/remotes/pull/8/merge'.
2026-10-02T07:44:27.3240063Z 
2026-10-02T07:44:27.3240639Z You are in 'detached HEAD' state. You can look around, make experimental
2026-10-02T07:44:27.3241464Z changes and commit them, and you can discard any commits you make in this
2026-10-02T07:44:27.3242226Z state without impacting any branches by switching back to a branch.
2026-10-02T07:44:27.3242975Z 
2026-10-02T07:44:27.3243283Z If you want to create a new branch to retain commits you create, you may
2026-10-02T07:44:27.3243962Z do so (now or later) by using -c with the switch command. Example:
2026-10-02T07:44:27.3244354Z 
2026-10-02T07:44:27.3244537Z   git switch -c <new-branch-name>
2026-10-02T07:44:27.3244827Z 
2026-10-02T07:44:27.3245004Z Or undo this operation with:
2026-10-02T07:44:27.3245247Z 
2026-10-02T07:44:27.3245455Z   git switch -
2026-10-02T07:44:27.3245710Z 
2026-10-02T07:44:27.3246048Z Turn off this advice by setting config variable advice.detachedHead to false
2026-10-02T07:44:27.3246521Z 
2026-10-02T07:44:27.3247012Z HEAD is now at f2769c2 Merge 01e5bf728eca7c9117864d11639f8e2b6edc067c into 124c9cf34b2e40c40e255861e5916a4c0cbed856
2026-10-02T07:44:27.3308301Z ##[endgroup]
2026-10-02T07:44:27.3358184Z [command]/usr/bin/git log -1 --format=%H
2026-10-02T07:44:27.3391109Z f2769c2085c985158f7fe9a8aca8e822435c62cf
2026-10-02T07:44:27.3745512Z ##[group]Run actions/setup-node@v4
2026-10-02T07:44:27.3746023Z with:
2026-10-02T07:44:27.3746299Z   node-version: 22
2026-10-02T07:44:27.3746575Z   always-auth: false
2026-10-02T07:44:27.3746841Z   check-latest: false
2026-10-02T07:44:27.3749904Z   token: ***
2026-10-02T07:44:27.3750247Z ##[endgroup]
2026-10-02T07:44:27.5242845Z Found in cache @ /opt/hostedtoolcache/node/22.23.3/x64
2026-10-02T07:44:27.5249590Z (node:2327) [DEP0040] DeprecationWarning: The `punycode` module is deprecated. Please use a userland alternative instead.
2026-10-02T07:44:27.5250953Z (Use `node --trace-deprecation ...` to show where the warning was created)
2026-10-02T07:44:27.5254390Z ##[group]Environment details
2026-10-02T07:44:27.9299049Z node: v22.23.3
2026-10-02T07:44:27.9300087Z npm: 10.9.9
2026-10-02T07:44:27.9300441Z yarn: 1.22.22
2026-10-02T07:44:27.9301708Z ##[endgroup]
2026-10-02T07:44:27.9475585Z ##[group]Run npm install --no-package-lock --no-audit --no-fund
2026-10-02T07:44:27.9476174Z [36;1mnpm install --no-package-lock --no-audit --no-fund[0m
2026-10-02T07:44:27.9753503Z shell: /usr/bin/bash -e {0}
2026-10-02T07:44:27.9753900Z ##[endgroup]
2026-10-02T07:44:29.3354361Z 
2026-10-02T07:44:29.3361043Z added 1 package in 1s
2026-10-02T07:44:29.3827547Z ##[group]Run node node_modules/playwright-core/cli.js install --with-deps --no-shell chromium
2026-10-02T07:44:29.3828305Z [36;1mnode node_modules/playwright-core/cli.js install --with-deps --no-shell chromium[0m
2026-10-02T07:44:29.3895139Z shell: /usr/bin/bash -e {0}
2026-10-02T07:44:29.3895440Z ##[endgroup]
2026-10-02T07:44:29.7345814Z Installing dependencies...
2026-10-02T07:44:29.7445396Z Switching to root user to install dependencies...
2026-10-02T07:44:29.8611562Z Get:1 file:/etc/apt/apt-mirrors.txt Mirrorlist [144 B]
2026-10-02T07:44:29.8865708Z Get:6 https://packages.microsoft.com/ubuntu/24.04/prod noble InRelease [3600 B]
2026-10-02T07:44:29.9022422Z Hit:2 http://azure.archive.ubuntu.com/ubuntu noble InRelease
2026-10-02T07:44:29.9066132Z Get:3 http://azure.archive.ubuntu.com/ubuntu noble-updates InRelease [126 kB]
2026-10-02T07:44:29.9129805Z Get:4 http://azure.archive.ubuntu.com/ubuntu noble-backports InRelease [126 kB]
2026-10-02T07:44:29.9191497Z Get:5 http://azure.archive.ubuntu.com/ubuntu noble-security InRelease [126 kB]
2026-10-02T07:44:29.9813310Z Get:7 https://packages.microsoft.com/ubuntu/24.04/prod noble/main arm64 Packages [458 kB]
2026-10-02T07:44:30.0031536Z Get:8 https://packages.microsoft.com/ubuntu/24.04/prod noble/main armhf Packages [12.6 kB]
2026-10-02T07:44:30.0091442Z Get:9 https://packages.microsoft.com/ubuntu/24.04/prod noble/main amd64 Packages [510 kB]
2026-10-02T07:44:30.1111497Z Get:10 http://azure.archive.ubuntu.com/ubuntu noble-updates/main amd64 Packages [1364 kB]
2026-10-02T07:44:30.1231258Z Get:11 http://azure.archive.ubuntu.com/ubuntu noble-updates/main Translation-en [304 kB]
2026-10-02T07:44:30.1256850Z Get:12 http://azure.archive.ubuntu.com/ubuntu noble-updates/main amd64 Components [181 kB]
2026-10-02T07:44:30.1271937Z Get:13 http://azure.archive.ubuntu.com/ubuntu noble-updates/universe amd64 Packages [1699 kB]
2026-10-02T07:44:30.1353899Z Get:14 http://azure.archive.ubuntu.com/ubuntu noble-updates/universe Translation-en [341 kB]
2026-10-02T07:44:30.1386779Z Get:15 http://azure.archive.ubuntu.com/ubuntu noble-updates/universe amd64 Components [388 kB]
2026-10-02T07:44:30.1416010Z Get:16 http://azure.archive.ubuntu.com/ubuntu noble-updates/restricted amd64 Packages [1720 kB]
2026-10-02T07:44:30.1514214Z Get:17 http://azure.archive.ubuntu.com/ubuntu noble-updates/restricted Translation-en [394 kB]
2026-10-02T07:44:30.1550801Z Get:18 http://azure.archive.ubuntu.com/ubuntu noble-updates/multiverse amd64 Components [940 B]
2026-10-02T07:44:30.1787836Z Get:19 http://azure.archive.ubuntu.com/ubuntu noble-backports/main amd64 Components [5760 B]
2026-10-02T07:44:30.2231316Z Get:20 http://azure.archive.ubuntu.com/ubuntu noble-backports/universe amd64 Components [12.6 kB]
2026-10-02T07:44:30.2502395Z Get:21 http://azure.archive.ubuntu.com/ubuntu noble-security/main amd64 Packages [1069 kB]
2026-10-02T07:44:30.2591262Z Get:22 http://azure.archive.ubuntu.com/ubuntu noble-security/main Translation-en [221 kB]
2026-10-02T07:44:30.2616318Z Get:23 http://azure.archive.ubuntu.com/ubuntu noble-security/main amd64 Components [46.4 kB]
2026-10-02T07:44:30.2641398Z Get:24 http://azure.archive.ubuntu.com/ubuntu noble-security/universe amd64 Packages [1216 kB]
2026-10-02T07:44:30.2722618Z Get:25 http://azure.archive.ubuntu.com/ubuntu noble-security/universe Translation-en [244 kB]
2026-10-02T07:44:30.2751623Z Get:26 http://azure.archive.ubuntu.com/ubuntu noble-security/universe amd64 Components [76.3 kB]
2026-10-02T07:44:30.2831709Z Get:27 http://azure.archive.ubuntu.com/ubuntu noble-security/restricted amd64 Packages [1566 kB]
2026-10-02T07:44:30.2891037Z Get:28 http://azure.archive.ubuntu.com/ubuntu noble-security/restricted Translation-en [361 kB]
2026-10-02T07:44:35.0286053Z Fetched 12.6 MB in 1s (8674 kB/s)
2026-10-02T07:44:35.9595460Z Reading package lists...
2026-10-02T07:44:35.9842340Z Reading package lists...
2026-10-02T07:44:36.2160709Z Building dependency tree...
2026-10-02T07:44:36.2168275Z Reading state information...
2026-10-02T07:44:36.4712655Z libasound2t64 is already the newest version (1.2.11-1ubuntu0.3).
2026-10-02T07:44:36.4715848Z libasound2t64 set to manually installed.
2026-10-02T07:44:36.4717485Z libatk-bridge2.0-0t64 is already the newest version (2.52.0-1build1).
2026-10-02T07:44:36.4718309Z libatk-bridge2.0-0t64 set to manually installed.
2026-10-02T07:44:36.4719062Z libatk1.0-0t64 is already the newest version (2.52.0-1build1).
2026-10-02T07:44:36.4719960Z libatk1.0-0t64 set to manually installed.
2026-10-02T07:44:36.4720725Z libatspi2.0-0t64 is already the newest version (2.52.0-1build1).
2026-10-02T07:44:36.4721429Z libatspi2.0-0t64 set to manually installed.
2026-10-02T07:44:36.4722097Z libcairo2 is already the newest version (1.18.0-3build1).
2026-10-02T07:44:36.4722951Z libcairo2 set to manually installed.
2026-10-02T07:44:36.4723633Z libcups2t64 is already the newest version (2.4.7-1.2ubuntu7.14).
2026-10-02T07:44:36.4724404Z libcups2t64 set to manually installed.
2026-10-02T07:44:36.4725083Z libdbus-1-3 is already the newest version (1.14.10-4ubuntu4.1).
2026-10-02T07:44:36.4725717Z libdbus-1-3 set to manually installed.
2026-10-02T07:44:36.4726410Z libdrm2 is already the newest version (2.4.125-1ubuntu0.1~24.04.2).
2026-10-02T07:44:36.4727086Z libdrm2 set to manually installed.
2026-10-02T07:44:36.4727748Z libglib2.0-0t64 is already the newest version (2.80.0-6ubuntu3.9).
2026-10-02T07:44:36.4728436Z libglib2.0-0t64 set to manually installed.
2026-10-02T07:44:36.4729153Z libnspr4 is already the newest version (2:4.35-1.1build1).
2026-10-02T07:44:36.4730064Z libnspr4 set to manually installed.
2026-10-02T07:44:36.4730871Z libnss3 is already the newest version (2:3.98-1ubuntu0.2).
2026-10-02T07:44:36.4731508Z libnss3 set to manually installed.
2026-10-02T07:44:36.4732152Z libpango-1.0-0 is already the newest version (1.52.1+ds-1build1).
2026-10-02T07:44:36.4733262Z libpango-1.0-0 set to manually installed.
2026-10-02T07:44:36.4733957Z libx11-6 is already the newest version (2:1.8.7-1build1).
2026-10-02T07:44:36.4734561Z libx11-6 set to manually installed.
2026-10-02T07:44:36.4735131Z libxcb1 is already the newest version (1.15-1ubuntu2).
2026-10-02T07:44:36.4735693Z libxcb1 set to manually installed.
2026-10-02T07:44:36.4736347Z libxcomposite1 is already the newest version (1:0.4.5-1build3).
2026-10-02T07:44:36.4736995Z libxcomposite1 set to manually installed.
2026-10-02T07:44:36.4737642Z libxdamage1 is already the newest version (1:1.1.6-1build1).
2026-10-02T07:44:36.4738272Z libxdamage1 set to manually installed.
2026-10-02T07:44:36.4738890Z libxext6 is already the newest version (2:1.3.4-1build2).
2026-10-02T07:44:36.4739816Z libxext6 set to manually installed.
2026-10-02T07:44:36.4740238Z libxfixes3 is already the newest version (1:6.0.0-2build1).
2026-10-02T07:44:36.4740634Z libxfixes3 set to manually installed.
2026-10-02T07:44:36.4741050Z libxkbcommon0 is already the newest version (1.6.0-1build1).
2026-10-02T07:44:36.4741906Z libxkbcommon0 set to manually installed.
2026-10-02T07:44:36.4742400Z libxrandr2 is already the newest version (2:1.5.2-2build1).
2026-10-02T07:44:36.4742790Z libxrandr2 set to manually installed.
2026-10-02T07:44:36.4743188Z xvfb is already the newest version (2:21.1.12-1ubuntu1.8).
2026-10-02T07:44:36.4743737Z fonts-noto-color-emoji is already the newest version (2.047-0ubuntu0.24.04.1).
2026-10-02T07:44:36.4744613Z libfontconfig1 is already the newest version (2.15.0-1.1ubuntu2).
2026-10-02T07:44:36.4745061Z libfontconfig1 set to manually installed.
2026-10-02T07:44:36.4745517Z libfreetype6 is already the newest version (2.13.2+dfsg-1ubuntu0.1).
2026-10-02T07:44:36.4745949Z libfreetype6 set to manually installed.
2026-10-02T07:44:36.4746555Z fonts-liberation is already the newest version (1:2.1.5-3).
2026-10-02T07:44:36.4747249Z fonts-liberation set to manually installed.
2026-10-02T07:44:36.4747948Z The following additional packages will be installed:
2026-10-02T07:44:36.4748797Z   libgl1-mesa-dri libglx-mesa0 libwayland-server0 mesa-libgallium
2026-10-02T07:44:36.4749711Z   xfonts-encodings xfonts-utils
2026-10-02T07:44:36.4750336Z Recommended packages:
2026-10-02T07:44:36.4750632Z   fonts-ipafont-mincho fonts-tlwg-loma
2026-10-02T07:44:36.4979784Z The following NEW packages will be installed:
2026-10-02T07:44:36.4980863Z   fonts-freefont-ttf fonts-ipafont-gothic fonts-tlwg-loma-otf fonts-unifont
2026-10-02T07:44:36.4990013Z   fonts-wqy-zenhei libwayland-server0 xfonts-cyrillic xfonts-encodings
2026-10-02T07:44:36.4990938Z   xfonts-scalable xfonts-utils
2026-10-02T07:44:36.4996647Z The following packages will be upgraded:
2026-10-02T07:44:36.5003798Z   libgbm1 libgl1-mesa-dri libglx-mesa0 mesa-libgallium
2026-10-02T07:44:36.5197588Z 4 upgraded, 10 newly installed, 0 to remove and 21 not upgraded.
2026-10-02T07:44:36.5198500Z Need to get 32.1 MB of archives.
2026-10-02T07:44:36.5199390Z After this operation, 79.7 MB of additional disk space will be used.
2026-10-02T07:44:36.5200801Z Get:1 file:/etc/apt/apt-mirrors.txt Mirrorlist [144 B]
2026-10-02T07:44:36.6460202Z Get:2 http://azure.archive.ubuntu.com/ubuntu noble/universe amd64 fonts-ipafont-gothic all 00303-21ubuntu1 [3513 kB]
2026-10-02T07:44:36.8884136Z Get:3 http://azure.archive.ubuntu.com/ubuntu noble/main amd64 fonts-freefont-ttf all 20211204+svn4273-2 [5641 kB]
2026-10-02T07:44:37.2091522Z Get:4 http://azure.archive.ubuntu.com/ubuntu noble/universe amd64 fonts-tlwg-loma-otf all 1:0.7.3-1 [107 kB]
2026-10-02T07:44:37.3167661Z Get:5 http://azure.archive.ubuntu.com/ubuntu noble/universe amd64 fonts-unifont all 1:15.1.01-1build1 [2993 kB]
2026-10-02T07:44:37.5265934Z Get:6 http://azure.archive.ubuntu.com/ubuntu noble/universe amd64 fonts-wqy-zenhei all 0.9.45-8 [7472 kB]
2026-10-02T07:44:37.8862881Z Get:7 http://azure.archive.ubuntu.com/ubuntu noble-updates/main amd64 libgl1-mesa-dri amd64 25.2.8-0ubuntu0.24.04.3 [37.9 kB]
2026-10-02T07:44:37.9988590Z Get:8 http://azure.archive.ubuntu.com/ubuntu noble/main amd64 libwayland-server0 amd64 1.22.0-2.1build1 [33.9 kB]
2026-10-02T07:44:38.1064012Z Get:9 http://azure.archive.ubuntu.com/ubuntu noble-updates/main amd64 libglx-mesa0 amd64 25.2.8-0ubuntu0.24.04.3 [110 kB]
2026-10-02T07:44:38.2171911Z Get:10 http://azure.archive.ubuntu.com/ubuntu noble-updates/main amd64 libgbm1 amd64 25.2.8-0ubuntu0.24.04.3 [34.3 kB]
2026-10-02T07:44:38.3166098Z Get:11 http://azure.archive.ubuntu.com/ubuntu noble-updates/main amd64 mesa-libgallium amd64 25.2.8-0ubuntu0.24.04.3 [10.8 MB]
2026-10-02T07:44:38.7597452Z Get:12 http://azure.archive.ubuntu.com/ubuntu noble/main amd64 xfonts-encodings all 1:1.0.5-0ubuntu2 [578 kB]
2026-10-02T07:44:38.8917661Z Get:13 http://azure.archive.ubuntu.com/ubuntu noble/main amd64 xfonts-utils amd64 1:7.7+6build3 [94.4 kB]
2026-10-02T07:44:39.0027149Z Get:14 http://azure.archive.ubuntu.com/ubuntu noble/universe amd64 xfonts-cyrillic all 1:1.0.5+nmu1 [384 kB]
2026-10-02T07:44:39.1187451Z Get:15 http://azure.archive.ubuntu.com/ubuntu noble/main amd64 xfonts-scalable all 1:1.0.3-1.3 [304 kB]
2026-10-02T07:44:39.4183582Z Fetched 32.1 MB in 3s (12.2 MB/s)
2026-10-02T07:44:39.4420101Z Selecting previously unselected package fonts-ipafont-gothic.
2026-10-02T07:44:39.4730491Z (Reading database ... 
2026-10-02T07:44:39.4730967Z (Reading database ... 5%
2026-10-02T07:44:39.4731247Z (Reading database ... 10%
2026-10-02T07:44:39.4731513Z (Reading database ... 15%
2026-10-02T07:44:39.4731759Z (Reading database ... 20%
2026-10-02T07:44:39.4731996Z (Reading database ... 25%
2026-10-02T07:44:39.4732231Z (Reading database ... 30%
2026-10-02T07:44:39.4732473Z (Reading database ... 35%
2026-10-02T07:44:39.4732723Z (Reading database ... 40%
2026-10-02T07:44:39.4732963Z (Reading database ... 45%
2026-10-02T07:44:39.4733202Z (Reading database ... 50%
2026-10-02T07:44:39.4779310Z (Reading database ... 55%
2026-10-02T07:44:39.5674822Z (Reading database ... 60%
2026-10-02T07:44:39.7712613Z (Reading database ... 65%
2026-10-02T07:44:40.0151151Z (Reading database ... 70%
2026-10-02T07:44:40.1655053Z (Reading database ... 75%
2026-10-02T07:44:40.3152114Z (Reading database ... 80%
2026-10-02T07:44:40.4581023Z (Reading database ... 85%
2026-10-02T07:44:40.5715662Z (Reading database ... 90%
2026-10-02T07:44:40.6875310Z (Reading database ... 95%
2026-10-02T07:44:40.6875798Z (Reading database ... 100%
2026-10-02T07:44:40.6876457Z (Reading database ... 202296 files and directories currently installed.)
2026-10-02T07:44:40.6921319Z Preparing to unpack .../00-fonts-ipafont-gothic_00303-21ubuntu1_all.deb ...
2026-10-02T07:44:40.7024193Z Unpacking fonts-ipafont-gothic (00303-21ubuntu1) ...
2026-10-02T07:44:40.9350110Z Selecting previously unselected package fonts-freefont-ttf.
2026-10-02T07:44:40.9480999Z Preparing to unpack .../01-fonts-freefont-ttf_20211204+svn4273-2_all.deb ...
2026-10-02T07:44:40.9489412Z Unpacking fonts-freefont-ttf (20211204+svn4273-2) ...
2026-10-02T07:44:41.0343599Z Selecting previously unselected package fonts-tlwg-loma-otf.
2026-10-02T07:44:41.0475953Z Preparing to unpack .../02-fonts-tlwg-loma-otf_1%3a0.7.3-1_all.deb ...
2026-10-02T07:44:41.0484202Z Unpacking fonts-tlwg-loma-otf (1:0.7.3-1) ...
2026-10-02T07:44:41.0716116Z Selecting previously unselected package fonts-unifont.
2026-10-02T07:44:41.0847846Z Preparing to unpack .../03-fonts-unifont_1%3a15.1.01-1build1_all.deb ...
2026-10-02T07:44:41.0855988Z Unpacking fonts-unifont (1:15.1.01-1build1) ...
2026-10-02T07:44:41.1920713Z Selecting previously unselected package fonts-wqy-zenhei.
2026-10-02T07:44:41.2051939Z Preparing to unpack .../04-fonts-wqy-zenhei_0.9.45-8_all.deb ...
2026-10-02T07:44:41.2157976Z Unpacking fonts-wqy-zenhei (0.9.45-8) ...
2026-10-02T07:44:41.7090685Z Preparing to unpack .../05-libgl1-mesa-dri_25.2.8-0ubuntu0.24.04.3_amd64.deb ...
2026-10-02T07:44:41.7244604Z Unpacking libgl1-mesa-dri:amd64 (25.2.8-0ubuntu0.24.04.3) over (25.2.8-0ubuntu0.24.04.2) ...
2026-10-02T07:44:41.7636906Z Selecting previously unselected package libwayland-server0:amd64.
2026-10-02T07:44:41.7773973Z Preparing to unpack .../06-libwayland-server0_1.22.0-2.1build1_amd64.deb ...
2026-10-02T07:44:41.7793837Z Unpacking libwayland-server0:amd64 (1.22.0-2.1build1) ...
2026-10-02T07:44:41.8157964Z Preparing to unpack .../07-libglx-mesa0_25.2.8-0ubuntu0.24.04.3_amd64.deb ...
2026-10-02T07:44:41.8191069Z Unpacking libglx-mesa0:amd64 (25.2.8-0ubuntu0.24.04.3) over (25.2.8-0ubuntu0.24.04.2) ...
2026-10-02T07:44:41.8595050Z Preparing to unpack .../08-libgbm1_25.2.8-0ubuntu0.24.04.3_amd64.deb ...
2026-10-02T07:44:41.8630500Z Unpacking libgbm1:amd64 (25.2.8-0ubuntu0.24.04.3) over (25.2.8-0ubuntu0.24.04.2) ...
2026-10-02T07:44:41.9085851Z Preparing to unpack .../09-mesa-libgallium_25.2.8-0ubuntu0.24.04.3_amd64.deb ...
2026-10-02T07:44:41.9117604Z Unpacking mesa-libgallium:amd64 (25.2.8-0ubuntu0.24.04.3) over (25.2.8-0ubuntu0.24.04.2) ...
2026-10-02T07:44:42.1019871Z Selecting previously unselected package xfonts-encodings.
2026-10-02T07:44:42.1152325Z Preparing to unpack .../10-xfonts-encodings_1%3a1.0.5-0ubuntu2_all.deb ...
2026-10-02T07:44:42.1160965Z Unpacking xfonts-encodings (1:1.0.5-0ubuntu2) ...
2026-10-02T07:44:42.1474048Z Selecting previously unselected package xfonts-utils.
2026-10-02T07:44:42.1606175Z Preparing to unpack .../11-xfonts-utils_1%3a7.7+6build3_amd64.deb ...
2026-10-02T07:44:42.1614789Z Unpacking xfonts-utils (1:7.7+6build3) ...
2026-10-02T07:44:42.1991570Z Selecting previously unselected package xfonts-cyrillic.
2026-10-02T07:44:42.2126122Z Preparing to unpack .../12-xfonts-cyrillic_1%3a1.0.5+nmu1_all.deb ...
2026-10-02T07:44:42.2136741Z Unpacking xfonts-cyrillic (1:1.0.5+nmu1) ...
2026-10-02T07:44:42.2495319Z Selecting previously unselected package xfonts-scalable.
2026-10-02T07:44:42.2626612Z Preparing to unpack .../13-xfonts-scalable_1%3a1.0.3-1.3_all.deb ...
2026-10-02T07:44:42.2635338Z Unpacking xfonts-scalable (1:1.0.3-1.3) ...
2026-10-02T07:44:42.3112628Z Setting up libwayland-server0:amd64 (1.22.0-2.1build1) ...
2026-10-02T07:44:42.3137137Z Setting up mesa-libgallium:amd64 (25.2.8-0ubuntu0.24.04.3) ...
2026-10-02T07:44:42.3157699Z Setting up libgbm1:amd64 (25.2.8-0ubuntu0.24.04.3) ...
2026-10-02T07:44:42.3202475Z Setting up libgl1-mesa-dri:amd64 (25.2.8-0ubuntu0.24.04.3) ...
2026-10-02T07:44:42.3286208Z Setting up fonts-wqy-zenhei (0.9.45-8) ...
2026-10-02T07:44:42.3410587Z Setting up fonts-freefont-ttf (20211204+svn4273-2) ...
2026-10-02T07:44:42.3433793Z Setting up fonts-tlwg-loma-otf (1:0.7.3-1) ...
2026-10-02T07:44:42.3454640Z Setting up xfonts-encodings (1:1.0.5-0ubuntu2) ...
2026-10-02T07:44:42.3474508Z Setting up fonts-ipafont-gothic (00303-21ubuntu1) ...
2026-10-02T07:44:42.3552694Z update-alternatives: using /usr/share/fonts/opentype/ipafont-gothic/ipag.ttf to provide /usr/share/fonts/truetype/fonts-japanese-gothic.ttf (fonts-japanese-gothic.ttf) in auto mode
2026-10-02T07:44:42.3570845Z Setting up fonts-unifont (1:15.1.01-1build1) ...
2026-10-02T07:44:42.3591922Z Setting up libglx-mesa0:amd64 (25.2.8-0ubuntu0.24.04.3) ...
2026-10-02T07:44:42.3610708Z Setting up xfonts-utils (1:7.7+6build3) ...
2026-10-02T07:44:42.3654615Z Setting up xfonts-cyrillic (1:1.0.5+nmu1) ...
2026-10-02T07:44:42.3972448Z Setting up xfonts-scalable (1:1.0.3-1.3) ...
2026-10-02T07:44:42.4253234Z Processing triggers for libc-bin (2.39-0ubuntu8.9) ...
2026-10-02T07:44:42.4579115Z Processing triggers for man-db (2.12.0-4build2) ...
2026-10-02T07:44:42.4600362Z Not building database; man-db/auto-update is not 'true'.
2026-10-02T07:44:42.4613875Z Processing triggers for fontconfig (2.15.0-1.1ubuntu2) ...
2026-10-02T07:44:43.1960710Z 
2026-10-02T07:44:43.1962015Z Running kernel seems to be up-to-date.
2026-10-02T07:44:43.1962548Z 
2026-10-02T07:44:43.1962855Z No services need to be restarted.
2026-10-02T07:44:43.1963119Z 
2026-10-02T07:44:43.1963323Z No containers need to be restarted.
2026-10-02T07:44:43.1963588Z 
2026-10-02T07:44:43.1963847Z No user sessions are running outdated binaries.
2026-10-02T07:44:43.1964151Z 
2026-10-02T07:44:43.1964564Z No VM guests are running outdated hypervisor (qemu) binaries on this host.
2026-10-02T07:44:44.5159821Z Downloading Chrome for Testing 153.0.8010.12 (playwright chromium v1243) from https://cdn.playwright.dev/builds/cft/153.0.8010.12/linux64/chrome-linux64.zip
2026-10-02T07:44:44.9261101Z |                                                                                |   0% of 186.8 MiB
2026-10-02T07:44:45.0903119Z |■■■■■■■■                                                                        |  10% of 186.8 MiB
2026-10-02T07:44:45.1890971Z |■■■■■■■■■■■■■■■■                                                                |  20% of 186.8 MiB
2026-10-02T07:44:45.2629243Z |■■■■■■■■■■■■■■■■■■■■■■■■                                                        |  30% of 186.8 MiB
2026-10-02T07:44:45.3331898Z |■■■■■■■■■■■■■■■■■■■■■■■■■■■■■■■■                                                |  40% of 186.8 MiB
2026-10-02T07:44:45.4034373Z |■■■■■■■■■■■■■■■■■■■■■■■■■■■■■■■■■■■■■■■■                                        |  50% of 186.8 MiB
2026-10-02T07:44:45.4710071Z |■■■■■■■■■■■■■■■■■■■■■■■■■■■■■■■■■■■■■■■■■■■■■■■■                                |  60% of 186.8 MiB
2026-10-02T07:44:45.5411827Z |■■■■■■■■■■■■■■■■■■■■■■■■■■■■■■■■■■■■■■■■■■■■■■■■■■■■■■■■                        |  70% of 186.8 MiB
2026-10-02T07:44:45.6085476Z |■■■■■■■■■■■■■■■■■■■■■■■■■■■■■■■■■■■■■■■■■■■■■■■■■■■■■■■■■■■■■■■■                |  80% of 186.8 MiB
2026-10-02T07:44:45.6770953Z |■■■■■■■■■■■■■■■■■■■■■■■■■■■■■■■■■■■■■■■■■■■■■■■■■■■■■■■■■■■■■■■■■■■■■■■■        |  90% of 186.8 MiB
2026-10-02T07:44:45.7413445Z |■■■■■■■■■■■■■■■■■■■■■■■■■■■■■■■■■■■■■■■■■■■■■■■■■■■■■■■■■■■■■■■■■■■■■■■■■■■■■■■■| 100% of 186.8 MiB
2026-10-02T07:44:48.6252749Z Chrome for Testing 153.0.8010.12 (playwright chromium v1243) downloaded to /home/runner/.cache/ms-playwright/chromium-1243
2026-10-02T07:44:48.6257329Z Downloading FFmpeg (playwright ffmpeg v1011) from https://cdn.playwright.dev/dbazure/download/playwright/builds/ffmpeg/1011/ffmpeg-linux.zip
2026-10-02T07:44:49.0026838Z |                                                                                |   0% of 2.3 MiB
2026-10-02T07:44:49.0073590Z |■■■■■■■■                                                                        |  10% of 2.3 MiB
2026-10-02T07:44:49.0114373Z |■■■■■■■■■■■■■■■■                                                                |  20% of 2.3 MiB
2026-10-02T07:44:49.0138522Z |■■■■■■■■■■■■■■■■■■■■■■■■                                                        |  30% of 2.3 MiB
2026-10-02T07:44:49.0167663Z |■■■■■■■■■■■■■■■■■■■■■■■■■■■■■■■■                                                |  40% of 2.3 MiB
2026-10-02T07:44:49.0186810Z |■■■■■■■■■■■■■■■■■■■■■■■■■■■■■■■■■■■■■■■■                                        |  50% of 2.3 MiB
2026-10-02T07:44:49.0206737Z |■■■■■■■■■■■■■■■■■■■■■■■■■■■■■■■■■■■■■■■■■■■■■■■■                                |  60% of 2.3 MiB
2026-10-02T07:44:49.0225131Z |■■■■■■■■■■■■■■■■■■■■■■■■■■■■■■■■■■■■■■■■■■■■■■■■■■■■■■■■                        |  70% of 2.3 MiB
2026-10-02T07:44:49.0240385Z |■■■■■■■■■■■■■■■■■■■■■■■■■■■■■■■■■■■■■■■■■■■■■■■■■■■■■■■■■■■■■■■■                |  80% of 2.3 MiB
2026-10-02T07:44:49.0257646Z |■■■■■■■■■■■■■■■■■■■■■■■■■■■■■■■■■■■■■■■■■■■■■■■■■■■■■■■■■■■■■■■■■■■■■■■■        |  90% of 2.3 MiB
2026-10-02T07:44:49.0266708Z |■■■■■■■■■■■■■■■■■■■■■■■■■■■■■■■■■■■■■■■■■■■■■■■■■■■■■■■■■■■■■■■■■■■■■■■■■■■■■■■■| 100% of 2.3 MiB
2026-10-02T07:44:49.0980466Z FFmpeg (playwright ffmpeg v1011) downloaded to /home/runner/.cache/ms-playwright/ffmpeg-1011
2026-10-02T07:44:49.1144111Z ##[group]Run node -e 'const { chromium } = require("playwright-core"); const fs = require("node:fs"); const executable = chromium.executablePath(); fs.accessSync(executable, fs.constants.X_OK); fs.appendFileSync(process.env.GITHUB_ENV, `CHROMIUM_PATH=${executable}\n`);'
2026-10-02T07:44:49.1145991Z [36;1mnode -e 'const { chromium } = require("playwright-core"); const fs = require("node:fs"); const executable = chromium.executablePath(); fs.accessSync(executable, fs.constants.X_OK); fs.appendFileSync(process.env.GITHUB_ENV, `CHROMIUM_PATH=${executable}\n`);'[0m
2026-10-02T07:44:49.1212139Z shell: /usr/bin/bash -e {0}
2026-10-02T07:44:49.1212453Z ##[endgroup]
2026-10-02T07:44:49.4951996Z ##[group]Run npm run test:regressions
2026-10-02T07:44:49.4952350Z [36;1mnpm run test:regressions[0m
2026-10-02T07:44:49.5021785Z shell: /usr/bin/bash -e {0}
2026-10-02T07:44:49.5022097Z env:
2026-10-02T07:44:49.5022486Z   CHROMIUM_PATH: /home/runner/.cache/ms-playwright/chromium-1243/chrome-linux64/chrome
2026-10-02T07:44:49.5022942Z ##[endgroup]
2026-10-02T07:44:49.6138510Z 
2026-10-02T07:44:49.6139212Z > kid-games-playtests@1.0.0 test:regressions
2026-10-02T07:44:49.6140365Z > node regressions.cjs
2026-10-02T07:44:49.6140664Z 
2026-10-02T07:44:49.9402108Z Running 22 focused regression suites with /home/runner/.cache/ms-playwright/chromium-1243/chrome-linux64/chrome
2026-10-02T07:44:49.9403507Z 
2026-10-02T07:44:49.9403857Z --- life-prediction-credit.cjs ---
2026-10-02T07:44:49.9903404Z PASS independent rule fixture: block
2026-10-02T07:44:49.9915573Z PASS independent rule fixture: edge-reaching blinker
2026-10-02T07:44:49.9926670Z PASS independent rule fixture: finite separated corners
2026-10-02T07:44:49.9936218Z PASS independent rule fixture: corner L
2026-10-02T07:44:49.9958053Z PASS wrapped corners distinguish finite prediction boundary
2026-10-02T07:44:49.9976851Z PASS one credit despite repeated checks, start 0
2026-10-02T07:44:50.0007639Z PASS earned wrong/edit/reset remain practice, start 0
2026-10-02T07:44:50.0024150Z PASS wrong-before-credit correction stays learnable, start 0
2026-10-02T07:44:50.0044687Z PASS Show stays ineligible after double edit, start 0
2026-10-02T07:44:50.0061297Z PASS Show stays ineligible after reset, start 0
2026-10-02T07:44:50.0082186Z PASS Show explicitly resets streak after earned credit, start 0
2026-10-02T07:44:50.0092853Z PASS one credit despite repeated checks, start 2
2026-10-02T07:44:50.0104360Z PASS earned wrong/edit/reset remain practice, start 2
2026-10-02T07:44:50.0113775Z PASS wrong-before-credit correction stays learnable, start 2
2026-10-02T07:44:50.0123553Z PASS Show stays ineligible after double edit, start 2
2026-10-02T07:44:50.0137131Z PASS Show stays ineligible after reset, start 2
2026-10-02T07:44:50.0155052Z PASS Show explicitly resets streak after earned credit, start 2
2026-10-02T07:44:50.0173476Z PASS one credit despite repeated checks, start 7
2026-10-02T07:44:50.0206662Z PASS earned wrong/edit/reset remain practice, start 7
2026-10-02T07:44:50.0236852Z PASS wrong-before-credit correction stays learnable, start 7
2026-10-02T07:44:50.0251339Z PASS Show stays ineligible after double edit, start 7
2026-10-02T07:44:50.0266524Z PASS Show stays ineligible after reset, start 7
2026-10-02T07:44:50.0283340Z PASS Show explicitly resets streak after earned credit, start 7
2026-10-02T07:44:50.0313724Z PASS three new puzzle rounds legitimately earn Fortune Teller once
2026-10-02T07:44:50.0327340Z PASS pre-existing best and badge retained without another badge reward
2026-10-02T07:44:50.0342188Z PASS uncredited reset retains eligibility
2026-10-02T07:44:50.0380268Z PASS native labels expose original board and current guesses
2026-10-02T07:44:50.0381964Z Life prediction credit: 27 production cases passed.
2026-10-02T07:44:50.0455008Z PASS: life-prediction-credit.cjs (0.1s)
2026-10-02T07:44:50.0455772Z 
2026-10-02T07:44:50.0456416Z --- life-prediction-credit-browser.cjs ---
2026-10-02T07:44:55.7578316Z AssertionError [ERR_ASSERTION]: Expected values to be strictly deep-equal:
2026-10-02T07:44:55.7579360Z + actual - expected
2026-10-02T07:44:55.7580270Z 
2026-10-02T07:44:55.7580709Z   {
2026-10-02T07:44:55.7581239Z +   best: 3,
2026-10-02T07:44:55.7581846Z -   best: 19,
2026-10-02T07:44:55.7582400Z     seer: true,
2026-10-02T07:44:55.7583016Z +   streak: 3
2026-10-02T07:44:55.7583572Z -   streak: 2
2026-10-02T07:44:55.7584177Z   }
2026-10-02T07:44:55.7584624Z 
2026-10-02T07:44:55.7585531Z     at check (/home/runner/work/Kid-games/Kid-games/tests/life-prediction-credit-browser.cjs:79:48)
2026-10-02T07:44:55.7586939Z     at runNextTicks (node:internal/process/task_queues:64:5)
2026-10-02T07:44:55.7588596Z     at process.processImmediate (node:internal/timers:452:9)
2026-10-02T07:44:55.7590099Z     at process.callbackTrampoline (node:internal/async_hooks:130:17)
2026-10-02T07:44:55.7591614Z     at async /home/runner/work/Kid-games/Kid-games/tests/life-prediction-credit-browser.cjs:92:4 {
2026-10-02T07:44:55.7592773Z   generatedMessage: true,
2026-10-02T07:44:55.7593527Z   code: 'ERR_ASSERTION',
2026-10-02T07:44:55.7594240Z   actual: [Object],
2026-10-02T07:44:55.7594915Z   expected: [Object],
2026-10-02T07:44:55.7595700Z   operator: 'deepStrictEqual',
2026-10-02T07:44:55.7596388Z   diff: 'simple'
2026-10-02T07:44:55.7597042Z }
2026-10-02T07:44:55.7731002Z FAIL: life-prediction-credit-browser.cjs (5.7s) — exited with status 1
2026-10-02T07:44:55.7731675Z 
2026-10-02T07:44:55.7731986Z --- craepets-game-active-save.cjs ---
2026-10-02T07:44:55.8241314Z PASS craepets.jeannie refuses partial JSON without replacing bytes
2026-10-02T07:44:55.8343897Z PASS craepets.jeannie refuses empty string without replacing bytes
2026-10-02T07:44:55.8437295Z PASS craepets.jeannie refuses whitespace without replacing bytes
2026-10-02T07:44:55.8536062Z PASS craepets.jeannie refuses JSON null without replacing bytes
2026-10-02T07:44:55.8637604Z PASS craepets.jeannie refuses array without replacing bytes
2026-10-02T07:44:55.8726782Z PASS craepets.jeannie refuses number without replacing bytes
2026-10-02T07:44:55.8816426Z PASS craepets.jeannie refuses boolean without replacing bytes
2026-10-02T07:44:55.8899039Z PASS craepets.jeannie refuses old version without replacing bytes
2026-10-02T07:44:55.8992452Z PASS craepets.jeannie refuses bad pet without replacing bytes
2026-10-02T07:44:55.9094896Z PASS craepets.jeannie refuses stats string without replacing bytes
2026-10-02T07:44:55.9196861Z PASS craepets.jeannie refuses fractional house without replacing bytes
2026-10-02T07:44:55.9303011Z PASS craepets.jeannie refuses bad review without replacing bytes
2026-10-02T07:44:55.9402517Z PASS craepets.jeannie refuses blank broken stats without replacing bytes
2026-10-02T07:44:55.9510771Z PASS craepets.jeannie refuses blank broken house without replacing bytes
2026-10-02T07:44:55.9596998Z PASS craepets.jeannie read failure is not absence
2026-10-02T07:44:55.9684702Z PASS craepets.jeannie admits current blank without temporary pet or writes
2026-10-02T07:44:55.9777448Z PASS craepets.jeannie admits legacy pet null without temporary pet or writes
2026-10-02T07:44:55.9858985Z PASS craepets.jeannie admits legacy missing pet without temporary pet or writes
2026-10-02T07:44:55.9969825Z PASS craepets.jeannie admits genuinely absent new valley
2026-10-02T07:44:56.0069021Z PASS craepets.jeannie retains valid earned progress and legacy defaults
2026-10-02T07:44:56.0153614Z PASS craepets.jeannie rejects sibling switch before changing healthy player/session
2026-10-02T07:44:56.0241342Z PASS craepets.jeannie rejects damaged family visit without changing active lesson
2026-10-02T07:44:56.0323612Z PASS craepets.jeannie active storage event pauses stale persistence
2026-10-02T07:44:56.0416228Z PASS craepets.jeannie failed active startup is write-free
2026-10-02T07:44:56.0497162Z PASS craepets.cory refuses partial JSON without replacing bytes
2026-10-02T07:44:56.0578636Z PASS craepets.cory refuses empty string without replacing bytes
2026-10-02T07:44:56.0680344Z PASS craepets.cory refuses whitespace without replacing bytes
2026-10-02T07:44:56.0761560Z PASS craepets.cory refuses JSON null without replacing bytes
2026-10-02T07:44:56.0854705Z PASS craepets.cory refuses array without replacing bytes
2026-10-02T07:44:56.0951810Z PASS craepets.cory refuses number without replacing bytes
2026-10-02T07:44:56.1060164Z PASS craepets.cory refuses boolean without replacing bytes
2026-10-02T07:44:56.1143029Z PASS craepets.cory refuses old version without replacing bytes
2026-10-02T07:44:56.1225100Z PASS craepets.cory refuses bad pet without replacing bytes
2026-10-02T07:44:56.1319822Z PASS craepets.cory refuses stats string without replacing bytes
2026-10-02T07:44:56.1421400Z PASS craepets.cory refuses fractional house without replacing bytes
2026-10-02T07:44:56.1529703Z PASS craepets.cory refuses bad review without replacing bytes
2026-10-02T07:44:56.1613758Z PASS craepets.cory refuses blank broken stats without replacing bytes
2026-10-02T07:44:56.1739352Z PASS craepets.cory refuses blank broken house without replacing bytes
2026-10-02T07:44:56.1866313Z PASS craepets.cory read failure is not absence
2026-10-02T07:44:56.1968223Z PASS craepets.cory admits current blank without temporary pet or writes
2026-10-02T07:44:56.2051079Z PASS craepets.cory admits legacy pet null without temporary pet or writes
2026-10-02T07:44:56.2133679Z PASS craepets.cory admits legacy missing pet without temporary pet or writes
2026-10-02T07:44:56.2214603Z PASS craepets.cory admits genuinely absent new valley
2026-10-02T07:44:56.2300822Z PASS craepets.cory retains valid earned progress and legacy defaults
2026-10-02T07:44:56.2387006Z PASS craepets.cory rejects sibling switch before changing healthy player/session
2026-10-02T07:44:56.2489107Z PASS craepets.cory rejects damaged family visit without changing active lesson
2026-10-02T07:44:56.2569366Z PASS craepets.cory active storage event pauses stale persistence
2026-10-02T07:44:56.2648624Z PASS craepets.cory failed active startup is write-free
2026-10-02T07:44:56.2731697Z PASS craepets.ellie refuses partial JSON without replacing bytes
2026-10-02T07:44:56.2817295Z PASS craepets.ellie refuses empty string without replacing bytes
2026-10-02T07:44:56.2921692Z PASS craepets.ellie refuses whitespace without replacing bytes
2026-10-02T07:44:56.3005246Z PASS craepets.ellie refuses JSON null without replacing bytes
2026-10-02T07:44:56.3089310Z PASS craepets.ellie refuses array without replacing bytes
2026-10-02T07:44:56.3174156Z PASS craepets.ellie refuses number without replacing bytes
2026-10-02T07:44:56.3278946Z PASS craepets.ellie refuses boolean without replacing bytes
2026-10-02T07:44:56.3363452Z PASS craepets.ellie refuses old version without replacing bytes
2026-10-02T07:44:56.3446368Z PASS craepets.ellie refuses bad pet without replacing bytes
2026-10-02T07:44:56.3533872Z PASS craepets.ellie refuses stats string without replacing bytes
2026-10-02T07:44:56.3639996Z PASS craepets.ellie refuses fractional house without replacing bytes
2026-10-02T07:44:56.3730913Z PASS craepets.ellie refuses bad review without replacing bytes
2026-10-02T07:44:56.3817208Z PASS craepets.ellie refuses blank broken stats without replacing bytes
2026-10-02T07:44:56.3906188Z PASS craepets.ellie refuses blank broken house without replacing bytes
2026-10-02T07:44:56.3987957Z PASS craepets.ellie read failure is not absence
2026-10-02T07:44:56.4090645Z PASS craepets.ellie admits current blank without temporary pet or writes
2026-10-02T07:44:56.4173401Z PASS craepets.ellie admits legacy pet null without temporary pet or writes
2026-10-02T07:44:56.4255160Z PASS craepets.ellie admits legacy missing pet without temporary pet or writes
2026-10-02T07:44:56.4337010Z PASS craepets.ellie admits genuinely absent new valley
2026-10-02T07:44:56.4424494Z PASS craepets.ellie retains valid earned progress and legacy defaults
2026-10-02T07:44:56.4551352Z PASS craepets.ellie rejects sibling switch before changing healthy player/session
2026-10-02T07:44:56.4638568Z PASS craepets.ellie rejects damaged family visit without changing active lesson
2026-10-02T07:44:56.4717192Z PASS craepets.ellie active storage event pauses stale persistence
2026-10-02T07:44:56.4795947Z PASS craepets.ellie failed active startup is write-free
2026-10-02T07:44:56.4878158Z PASS craepets.kieran refuses partial JSON without replacing bytes
2026-10-02T07:44:56.4959663Z PASS craepets.kieran refuses empty string without replacing bytes
2026-10-02T07:44:56.5054938Z PASS craepets.kieran refuses whitespace without replacing bytes
2026-10-02T07:44:56.5136043Z PASS craepets.kieran refuses JSON null without replacing bytes
2026-10-02T07:44:56.5217009Z PASS craepets.kieran refuses array without replacing bytes
2026-10-02T07:44:56.5297800Z PASS craepets.kieran refuses number without replacing bytes
2026-10-02T07:44:56.5395827Z PASS craepets.kieran refuses boolean without replacing bytes
2026-10-02T07:44:56.5476923Z PASS craepets.kieran refuses old version without replacing bytes
2026-10-02T07:44:56.5557986Z PASS craepets.kieran refuses bad pet without replacing bytes
2026-10-02T07:44:56.5642017Z PASS craepets.kieran refuses stats string without replacing bytes
2026-10-02T07:44:56.5725752Z PASS craepets.kieran refuses fractional house without replacing bytes
2026-10-02T07:44:56.5827667Z PASS craepets.kieran refuses bad review without replacing bytes
2026-10-02T07:44:56.5914454Z PASS craepets.kieran refuses blank broken stats without replacing bytes
2026-10-02T07:44:56.5999800Z PASS craepets.kieran refuses blank broken house without replacing bytes
2026-10-02T07:44:56.6077863Z PASS craepets.kieran read failure is not absence
2026-10-02T07:44:56.6158419Z PASS craepets.kieran admits current blank without temporary pet or writes
2026-10-02T07:44:56.6255447Z PASS craepets.kieran admits legacy pet null without temporary pet or writes
2026-10-02T07:44:56.6337636Z PASS craepets.kieran admits legacy missing pet without temporary pet or writes
2026-10-02T07:44:56.6418909Z PASS craepets.kieran admits genuinely absent new valley
2026-10-02T07:44:56.6505933Z PASS craepets.kieran retains valid earned progress and legacy defaults
2026-10-02T07:44:56.6587547Z PASS craepets.kieran rejects sibling switch before changing healthy player/session
2026-10-02T07:44:56.6683865Z PASS craepets.kieran rejects damaged family visit without changing active lesson
2026-10-02T07:44:56.6762837Z PASS craepets.kieran active storage event pauses stale persistence
2026-10-02T07:44:56.6841443Z PASS craepets.kieran failed active startup is write-free
2026-10-02T07:44:56.6922363Z PASS craepets.shannon refuses partial JSON without replacing bytes
2026-10-02T07:44:56.7003969Z PASS craepets.shannon refuses empty string without replacing bytes
2026-10-02T07:44:56.7105003Z PASS craepets.shannon refuses whitespace without replacing bytes
2026-10-02T07:44:56.7185955Z PASS craepets.shannon refuses JSON null without replacing bytes
2026-10-02T07:44:56.7267144Z PASS craepets.shannon refuses array without replacing bytes
2026-10-02T07:44:56.7347354Z PASS craepets.shannon refuses number without replacing bytes
2026-10-02T07:44:56.7446096Z PASS craepets.shannon refuses boolean without replacing bytes
2026-10-02T07:44:56.7528521Z PASS craepets.shannon refuses old version without replacing bytes
2026-10-02T07:44:56.7610638Z PASS craepets.shannon refuses bad pet without replacing bytes
2026-10-02T07:44:56.7694423Z PASS craepets.shannon refuses stats string without replacing bytes
2026-10-02T07:44:56.7794990Z PASS craepets.shannon refuses fractional house without replacing bytes
2026-10-02T07:44:56.7880704Z PASS craepets.shannon refuses bad review without replacing bytes
2026-10-02T07:44:56.7964165Z PASS craepets.shannon refuses blank broken stats without replacing bytes
2026-10-02T07:44:56.8048441Z PASS craepets.shannon refuses blank broken house without replacing bytes
2026-10-02T07:44:56.8126983Z PASS craepets.shannon read failure is not absence
2026-10-02T07:44:56.8224502Z PASS craepets.shannon admits current blank without temporary pet or writes
2026-10-02T07:44:56.8304238Z PASS craepets.shannon admits legacy pet null without temporary pet or writes
2026-10-02T07:44:56.8383953Z PASS craepets.shannon admits legacy missing pet without temporary pet or writes
2026-10-02T07:44:56.8462373Z PASS craepets.shannon admits genuinely absent new valley
2026-10-02T07:44:56.8546157Z PASS craepets.shannon retains valid earned progress and legacy defaults
2026-10-02T07:44:56.8650865Z PASS craepets.shannon rejects sibling switch before changing healthy player/session
2026-10-02T07:44:56.8730590Z PASS craepets.shannon rejects damaged family visit without changing active lesson
2026-10-02T07:44:56.8808964Z PASS craepets.shannon active storage event pauses stale persistence
2026-10-02T07:44:56.8887802Z PASS craepets.shannon failed active startup is write-free
2026-10-02T07:44:56.8969180Z PASS craepets.tristan refuses partial JSON without replacing bytes
2026-10-02T07:44:56.9069046Z PASS craepets.tristan refuses empty string without replacing bytes
2026-10-02T07:44:56.9153644Z PASS craepets.tristan refuses whitespace without replacing bytes
2026-10-02T07:44:56.9239206Z PASS craepets.tristan refuses JSON null without replacing bytes
2026-10-02T07:44:56.9322292Z PASS craepets.tristan refuses array without replacing bytes
2026-10-02T07:44:56.9405726Z PASS craepets.tristan refuses number without replacing bytes
2026-10-02T07:44:56.9510141Z PASS craepets.tristan refuses boolean without replacing bytes
2026-10-02T07:44:56.9594062Z PASS craepets.tristan refuses old version without replacing bytes
2026-10-02T07:44:56.9678369Z PASS craepets.tristan refuses bad pet without replacing bytes
2026-10-02T07:44:56.9764355Z PASS craepets.tristan refuses stats string without replacing bytes
2026-10-02T07:44:56.9871698Z PASS craepets.tristan refuses fractional house without replacing bytes
2026-10-02T07:44:56.9959046Z PASS craepets.tristan refuses bad review without replacing bytes
2026-10-02T07:44:57.0043632Z PASS craepets.tristan refuses blank broken stats without replacing bytes
2026-10-02T07:44:57.0129770Z PASS craepets.tristan refuses blank broken house without replacing bytes
2026-10-02T07:44:57.0209066Z PASS craepets.tristan read failure is not absence
2026-10-02T07:44:57.0343235Z PASS craepets.tristan admits current blank without temporary pet or writes
2026-10-02T07:44:57.0422745Z PASS craepets.tristan admits legacy pet null without temporary pet or writes
2026-10-02T07:44:57.0503923Z PASS craepets.tristan admits legacy missing pet without temporary pet or writes
2026-10-02T07:44:57.0584590Z PASS craepets.tristan admits genuinely absent new valley
2026-10-02T07:44:57.0669562Z PASS craepets.tristan retains valid earned progress and legacy defaults
2026-10-02T07:44:57.0753190Z PASS craepets.tristan rejects sibling switch before changing healthy player/session
2026-10-02T07:44:57.0847276Z PASS craepets.tristan rejects damaged family visit without changing active lesson
2026-10-02T07:44:57.0926061Z PASS craepets.tristan active storage event pauses stale persistence
2026-10-02T07:44:57.1010862Z PASS craepets.tristan failed active startup is write-free
2026-10-02T07:44:57.1092312Z PASS craepets.guest refuses partial JSON without replacing bytes
2026-10-02T07:44:57.1173133Z PASS craepets.guest refuses empty string without replacing bytes
2026-10-02T07:44:57.1273887Z PASS craepets.guest refuses whitespace without replacing bytes
2026-10-02T07:44:57.1354139Z PASS craepets.guest refuses JSON null without replacing bytes
2026-10-02T07:44:57.1435333Z PASS craepets.guest refuses array without replacing bytes
2026-10-02T07:44:57.1516547Z PASS craepets.guest refuses number without replacing bytes
2026-10-02T07:44:57.1615040Z PASS craepets.guest refuses boolean without replacing bytes
2026-10-02T07:44:57.1702209Z PASS craepets.guest refuses old version without replacing bytes
2026-10-02T07:44:57.1784948Z PASS craepets.guest refuses bad pet without replacing bytes
2026-10-02T07:44:57.1868645Z PASS craepets.guest refuses stats string without replacing bytes
2026-10-02T07:44:57.1970403Z PASS craepets.guest refuses fractional house without replacing bytes
2026-10-02T07:44:57.2056325Z PASS craepets.guest refuses bad review without replacing bytes
2026-10-02T07:44:57.2139719Z PASS craepets.guest refuses blank broken stats without replacing bytes
2026-10-02T07:44:57.2224534Z PASS craepets.guest refuses blank broken house without replacing bytes
2026-10-02T07:44:57.2304860Z PASS craepets.guest read failure is not absence
2026-10-02T07:44:57.2400937Z PASS craepets.guest admits current blank without temporary pet or writes
2026-10-02T07:44:57.2480909Z PASS craepets.guest admits legacy pet null without temporary pet or writes
2026-10-02T07:44:57.2560724Z PASS craepets.guest admits legacy missing pet without temporary pet or writes
2026-10-02T07:44:57.2640122Z PASS craepets.guest admits genuinely absent new valley
2026-10-02T07:44:57.2724126Z PASS craepets.guest retains valid earned progress and legacy defaults
2026-10-02T07:44:57.2826969Z PASS craepets.guest rejects sibling switch before changing healthy player/session
2026-10-02T07:44:57.2910393Z PASS craepets.guest rejects damaged family visit without changing active lesson
2026-10-02T07:44:57.2990002Z PASS craepets.guest active storage event pauses stale persistence
2026-10-02T07:44:57.3068435Z PASS craepets.guest failed active startup is write-free
2026-10-02T07:44:57.3145594Z PASS craepets. native-ID fence refuses unknown keys before reading
2026-10-02T07:44:57.3225920Z PASS craepets.WHO read unavailable pauses startup without writes
2026-10-02T07:44:57.3324171Z PASS craepets.invalid WHO pauses startup without writes
2026-10-02T07:44:57.3402576Z PASS native original jeannie unsafe sibling writes are refused
2026-10-02T07:44:57.3479009Z PASS native original cory unsafe sibling writes are refused
2026-10-02T07:44:57.3556693Z PASS native original ellie unsafe sibling writes are refused
2026-10-02T07:44:57.3635521Z PASS native original kieran unsafe sibling writes are refused
2026-10-02T07:44:57.3730996Z PASS native original shannon unsafe sibling writes are refused
2026-10-02T07:44:57.3808645Z PASS native original tristan unsafe sibling writes are refused
2026-10-02T07:44:57.3886695Z PASS native original guest unsafe sibling writes are refused
2026-10-02T07:44:57.3966315Z PASS native original jeannie hidden selection event preflights before live state changes
2026-10-02T07:44:57.4044120Z PASS native original cory hidden selection event preflights before live state changes
2026-10-02T07:44:57.4123620Z PASS native original ellie hidden selection event preflights before live state changes
2026-10-02T07:44:57.4221298Z PASS native original kieran hidden selection event preflights before live state changes
2026-10-02T07:44:57.4300488Z PASS native original shannon hidden selection event preflights before live state changes
2026-10-02T07:44:57.4379983Z PASS native original tristan hidden selection event preflights before live state changes
2026-10-02T07:44:57.4465260Z PASS native original guest hidden selection event preflights before live state changes
2026-10-02T07:44:57.4561850Z PASS import independently rechecks corrupted active raw before writing
2026-10-02T07:44:57.4658842Z PASS reset independently rechecks corrupted active raw before writing
2026-10-02T07:44:57.4742027Z PASS native original jeannie paused startup inspector mutations are safe with null state
2026-10-02T07:44:57.4820282Z PASS native original cory paused startup inspector mutations are safe with null state
2026-10-02T07:44:57.4898922Z PASS native original ellie paused startup inspector mutations are safe with null state
2026-10-02T07:44:57.4977178Z PASS native original kieran paused startup inspector mutations are safe with null state
2026-10-02T07:44:57.5074892Z PASS native original shannon paused startup inspector mutations are safe with null state
2026-10-02T07:44:57.5154126Z PASS native original tristan paused startup inspector mutations are safe with null state
2026-10-02T07:44:57.5233399Z PASS native original guest paused startup inspector mutations are safe with null state
2026-10-02T07:44:57.5319935Z PASS pending native-reader callback paused cannot overwrite damaged raw
2026-10-02T07:44:57.5403443Z PASS pending native-reader callback before storage event cannot overwrite damaged raw
2026-10-02T07:44:57.5484828Z PASS pending actual wheel award refuses paused state before coin mutation
2026-10-02T07:44:57.5583015Z PASS new actual modal refuses paused recovery overlay
2026-10-02T07:44:57.5585443Z PASS original-game active saved-data loader: 198 production cases across seven original profiles; malformed/read-failure raw preservation, blank/legacy/earned progress, startup, sibling/visit admission, inspector safety and delayed-reader refusal.
2026-10-02T07:44:57.5755341Z PASS: craepets-game-active-save.cjs (1.8s)
2026-10-02T07:44:57.5755778Z 
2026-10-02T07:44:57.5755991Z --- craepets-game-active-save-browser.cjs ---
2026-10-02T07:45:33.7921150Z PASS original-game loader Chromium Desktop: seven profiles, exact original/house/selection bytes, literal download, read/WHO refusal and retry, real sibling/visit controls, native deferred-reader/storage/visibility transitions, genuine learning and blank/legacy reload.
2026-10-02T07:46:03.8538180Z PASS original-game loader Chromium iPad: seven profiles, exact original/house/selection bytes, literal download, read/WHO refusal and retry, real sibling/visit controls, native deferred-reader/storage/visibility transitions, genuine learning and blank/legacy reload.
2026-10-02T07:46:30.4117814Z PASS original-game loader Chromium iPhone: seven profiles, exact original/house/selection bytes, literal download, read/WHO refusal and retry, real sibling/visit controls, native deferred-reader/storage/visibility transitions, genuine learning and blank/legacy reload.
2026-10-02T07:46:30.5557761Z PASS: craepets-game-active-save-browser.cjs (93.0s)
2026-10-02T07:46:30.5560715Z 
2026-10-02T07:46:30.5561065Z --- craepets-active-save.cjs ---
2026-10-02T07:46:30.6046677Z PASS craepets.house.jeannie refuses partial JSON without replacing bytes
2026-10-02T07:46:30.6147546Z PASS craepets.house.jeannie refuses empty string without replacing bytes
2026-10-02T07:46:30.6237148Z PASS craepets.house.jeannie refuses whitespace without replacing bytes
2026-10-02T07:46:30.6337874Z PASS craepets.house.jeannie refuses JSON null without replacing bytes
2026-10-02T07:46:30.6441205Z PASS craepets.house.jeannie refuses array without replacing bytes
2026-10-02T07:46:30.6526693Z PASS craepets.house.jeannie refuses number without replacing bytes
2026-10-02T07:46:30.6616151Z PASS craepets.house.jeannie refuses boolean without replacing bytes
2026-10-02T07:46:30.6707370Z PASS craepets.house.jeannie refuses old version without replacing bytes
2026-10-02T07:46:30.6800721Z PASS craepets.house.jeannie refuses bad pet without replacing bytes
2026-10-02T07:46:30.6900957Z PASS craepets.house.jeannie refuses stats string without replacing bytes
2026-10-02T07:46:30.6996160Z PASS craepets.house.jeannie refuses fractional house without replacing bytes
2026-10-02T07:46:30.7103017Z PASS craepets.house.jeannie refuses bad review without replacing bytes
2026-10-02T07:46:30.7194643Z PASS craepets.house.jeannie refuses blank broken stats without replacing bytes
2026-10-02T07:46:30.7303633Z PASS craepets.house.jeannie refuses blank broken house without replacing bytes
2026-10-02T07:46:30.7385107Z PASS craepets.house.jeannie read failure is not absence
2026-10-02T07:46:30.7468599Z PASS craepets.house.jeannie admits current blank without temporary pet or writes
2026-10-02T07:46:30.7560062Z PASS craepets.house.jeannie admits legacy pet null without temporary pet or writes
2026-10-02T07:46:30.7667634Z PASS craepets.house.jeannie admits legacy missing pet without temporary pet or writes
2026-10-02T07:46:30.7743976Z PASS craepets.house.jeannie admits genuinely absent new valley
2026-10-02T07:46:30.7827158Z PASS craepets.house.jeannie retains valid earned progress and legacy defaults
2026-10-02T07:46:30.7916050Z PASS craepets.house.jeannie rejects sibling switch before changing healthy player/session
2026-10-02T07:46:30.7993632Z PASS craepets.house.jeannie rejects damaged family visit without changing active lesson
2026-10-02T07:46:30.8072717Z PASS craepets.house.jeannie public owner activity rejects before leaving current lesson
2026-10-02T07:46:30.8169804Z PASS craepets.house.jeannie active storage event pauses stale persistence
2026-10-02T07:46:30.8246150Z PASS craepets.house.jeannie damaged refresh pauses before state/player mutation
2026-10-02T07:46:30.8323310Z PASS craepets.house.jeannie failed active startup is write-free
2026-10-02T07:46:30.8414976Z PASS craepets.house.cory refuses partial JSON without replacing bytes
2026-10-02T07:46:30.8508057Z PASS craepets.house.cory refuses empty string without replacing bytes
2026-10-02T07:46:30.8609422Z PASS craepets.house.cory refuses whitespace without replacing bytes
2026-10-02T07:46:30.8688753Z PASS craepets.house.cory refuses JSON null without replacing bytes
2026-10-02T07:46:30.8773382Z PASS craepets.house.cory refuses array without replacing bytes
2026-10-02T07:46:30.8865211Z PASS craepets.house.cory refuses number without replacing bytes
2026-10-02T07:46:30.8971774Z PASS craepets.house.cory refuses boolean without replacing bytes
2026-10-02T07:46:30.9050277Z PASS craepets.house.cory refuses old version without replacing bytes
2026-10-02T07:46:30.9130380Z PASS craepets.house.cory refuses bad pet without replacing bytes
2026-10-02T07:46:30.9212286Z PASS craepets.house.cory refuses stats string without replacing bytes
2026-10-02T07:46:30.9297075Z PASS craepets.house.cory refuses fractional house without replacing bytes
2026-10-02T07:46:30.9402342Z PASS craepets.house.cory refuses bad review without replacing bytes
2026-10-02T07:46:30.9486183Z PASS craepets.house.cory refuses blank broken stats without replacing bytes
2026-10-02T07:46:30.9570542Z PASS craepets.house.cory refuses blank broken house without replacing bytes
2026-10-02T07:46:30.9646726Z PASS craepets.house.cory read failure is not absence
2026-10-02T07:46:30.9725753Z PASS craepets.house.cory admits current blank without temporary pet or writes
2026-10-02T07:46:30.9825426Z PASS craepets.house.cory admits legacy pet null without temporary pet or writes
2026-10-02T07:46:30.9903785Z PASS craepets.house.cory admits legacy missing pet without temporary pet or writes
2026-10-02T07:46:30.9981337Z PASS craepets.house.cory admits genuinely absent new valley
2026-10-02T07:46:31.0065010Z PASS craepets.house.cory retains valid earned progress and legacy defaults
2026-10-02T07:46:31.0147778Z PASS craepets.house.cory rejects sibling switch before changing healthy player/session
2026-10-02T07:46:31.0247689Z PASS craepets.house.cory rejects damaged family visit without changing active lesson
2026-10-02T07:46:31.0327651Z PASS craepets.house.cory public owner activity rejects before leaving current lesson
2026-10-02T07:46:31.0405215Z PASS craepets.house.cory active storage event pauses stale persistence
2026-10-02T07:46:31.0483175Z PASS craepets.house.cory damaged refresh pauses before state/player mutation
2026-10-02T07:46:31.0560897Z PASS craepets.house.cory failed active startup is write-free
2026-10-02T07:46:31.0642335Z PASS craepets.house.ellie refuses partial JSON without replacing bytes
2026-10-02T07:46:31.0746228Z PASS craepets.house.ellie refuses empty string without replacing bytes
2026-10-02T07:46:31.0826037Z PASS craepets.house.ellie refuses whitespace without replacing bytes
2026-10-02T07:46:31.0907141Z PASS craepets.house.ellie refuses JSON null without replacing bytes
2026-10-02T07:46:31.0990089Z PASS craepets.house.ellie refuses array without replacing bytes
2026-10-02T07:46:31.1093315Z PASS craepets.house.ellie refuses number without replacing bytes
2026-10-02T07:46:31.1174583Z PASS craepets.house.ellie refuses boolean without replacing bytes
2026-10-02T07:46:31.1256106Z PASS craepets.house.ellie refuses old version without replacing bytes
2026-10-02T07:46:31.1342391Z PASS craepets.house.ellie refuses bad pet without replacing bytes
2026-10-02T07:46:31.1448239Z PASS craepets.house.ellie refuses stats string without replacing bytes
2026-10-02T07:46:31.1534113Z PASS craepets.house.ellie refuses fractional house without replacing bytes
2026-10-02T07:46:31.1619088Z PASS craepets.house.ellie refuses bad review without replacing bytes
2026-10-02T07:46:31.1701853Z PASS craepets.house.ellie refuses blank broken stats without replacing bytes
2026-10-02T07:46:31.1787006Z PASS craepets.house.ellie refuses blank broken house without replacing bytes
2026-10-02T07:46:31.1887260Z PASS craepets.house.ellie read failure is not absence
2026-10-02T07:46:31.1969375Z PASS craepets.house.ellie admits current blank without temporary pet or writes
2026-10-02T07:46:31.2048974Z PASS craepets.house.ellie admits legacy pet null without temporary pet or writes
2026-10-02T07:46:31.2129365Z PASS craepets.house.ellie admits legacy missing pet without temporary pet or writes
2026-10-02T07:46:31.2208363Z PASS craepets.house.ellie admits genuinely absent new valley
2026-10-02T07:46:31.2291160Z PASS craepets.house.ellie retains valid earned progress and legacy defaults
2026-10-02T07:46:31.2426442Z PASS craepets.house.ellie rejects sibling switch before changing healthy player/session
2026-10-02T07:46:31.2502287Z PASS craepets.house.ellie rejects damaged family visit without changing active lesson
2026-10-02T07:46:31.2580722Z PASS craepets.house.ellie public owner activity rejects before leaving current lesson
2026-10-02T07:46:31.2659728Z PASS craepets.house.ellie active storage event pauses stale persistence
2026-10-02T07:46:31.2736181Z PASS craepets.house.ellie damaged refresh pauses before state/player mutation
2026-10-02T07:46:31.2811173Z PASS craepets.house.ellie failed active startup is write-free
2026-10-02T07:46:31.2904618Z PASS craepets.house.kieran refuses partial JSON without replacing bytes
2026-10-02T07:46:31.2982956Z PASS craepets.house.kieran refuses empty string without replacing bytes
2026-10-02T07:46:31.3061858Z PASS craepets.house.kieran refuses whitespace without replacing bytes
2026-10-02T07:46:31.3140848Z PASS craepets.house.kieran refuses JSON null without replacing bytes
2026-10-02T07:46:31.3239011Z PASS craepets.house.kieran refuses array without replacing bytes
2026-10-02T07:46:31.3318045Z PASS craepets.house.kieran refuses number without replacing bytes
2026-10-02T07:46:31.3396312Z PASS craepets.house.kieran refuses boolean without replacing bytes
2026-10-02T07:46:31.3476249Z PASS craepets.house.kieran refuses old version without replacing bytes
2026-10-02T07:46:31.3555237Z PASS craepets.house.kieran refuses bad pet without replacing bytes
2026-10-02T07:46:31.3652919Z PASS craepets.house.kieran refuses stats string without replacing bytes
2026-10-02T07:46:31.3734947Z PASS craepets.house.kieran refuses fractional house without replacing bytes
2026-10-02T07:46:31.3817257Z PASS craepets.house.kieran refuses bad review without replacing bytes
2026-10-02T07:46:31.3902514Z PASS craepets.house.kieran refuses blank broken stats without replacing bytes
2026-10-02T07:46:31.4001515Z PASS craepets.house.kieran refuses blank broken house without replacing bytes
2026-10-02T07:46:31.4077597Z PASS craepets.house.kieran read failure is not absence
2026-10-02T07:46:31.4155339Z PASS craepets.house.kieran admits current blank without temporary pet or writes
2026-10-02T07:46:31.4232263Z PASS craepets.house.kieran admits legacy pet null without temporary pet or writes
2026-10-02T07:46:31.4310133Z PASS craepets.house.kieran admits legacy missing pet without temporary pet or writes
2026-10-02T07:46:31.4386139Z PASS craepets.house.kieran admits genuinely absent new valley
2026-10-02T07:46:31.4484532Z PASS craepets.house.kieran retains valid earned progress and legacy defaults
2026-10-02T07:46:31.4563488Z PASS craepets.house.kieran rejects sibling switch before changing healthy player/session
2026-10-02T07:46:31.4638992Z PASS craepets.house.kieran rejects damaged family visit without changing active lesson
2026-10-02T07:46:31.4714944Z PASS craepets.house.kieran public owner activity rejects before leaving current lesson
2026-10-02T07:46:31.4789867Z PASS craepets.house.kieran active storage event pauses stale persistence
2026-10-02T07:46:31.4882795Z PASS craepets.house.kieran damaged refresh pauses before state/player mutation
2026-10-02T07:46:31.4956901Z PASS craepets.house.kieran failed active startup is write-free
2026-10-02T07:46:31.5033595Z PASS craepets.house.shannon refuses partial JSON without replacing bytes
2026-10-02T07:46:31.5112119Z PASS craepets.house.shannon refuses empty string without replacing bytes
2026-10-02T07:46:31.5189457Z PASS craepets.house.shannon refuses whitespace without replacing bytes
2026-10-02T07:46:31.5285475Z PASS craepets.house.shannon refuses JSON null without replacing bytes
2026-10-02T07:46:31.5364342Z PASS craepets.house.shannon refuses array without replacing bytes
2026-10-02T07:46:31.5441980Z PASS craepets.house.shannon refuses number without replacing bytes
2026-10-02T07:46:31.5518691Z PASS craepets.house.shannon refuses boolean without replacing bytes
2026-10-02T07:46:31.5615463Z PASS craepets.house.shannon refuses old version without replacing bytes
2026-10-02T07:46:31.5694388Z PASS craepets.house.shannon refuses bad pet without replacing bytes
2026-10-02T07:46:31.5774172Z PASS craepets.house.shannon refuses stats string without replacing bytes
2026-10-02T07:46:31.5857765Z PASS craepets.house.shannon refuses fractional house without replacing bytes
2026-10-02T07:46:31.5940581Z PASS craepets.house.shannon refuses bad review without replacing bytes
2026-10-02T07:46:31.6042933Z PASS craepets.house.shannon refuses blank broken stats without replacing bytes
2026-10-02T07:46:31.6124926Z PASS craepets.house.shannon refuses blank broken house without replacing bytes
2026-10-02T07:46:31.6200076Z PASS craepets.house.shannon read failure is not absence
2026-10-02T07:46:31.6278418Z PASS craepets.house.shannon admits current blank without temporary pet or writes
2026-10-02T07:46:31.6355528Z PASS craepets.house.shannon admits legacy pet null without temporary pet or writes
2026-10-02T07:46:31.6448593Z PASS craepets.house.shannon admits legacy missing pet without temporary pet or writes
2026-10-02T07:46:31.6525264Z PASS craepets.house.shannon admits genuinely absent new valley
2026-10-02T07:46:31.6605458Z PASS craepets.house.shannon retains valid earned progress and legacy defaults
2026-10-02T07:46:31.6684760Z PASS craepets.house.shannon rejects sibling switch before changing healthy player/session
2026-10-02T07:46:31.6760017Z PASS craepets.house.shannon rejects damaged family visit without changing active lesson
2026-10-02T07:46:31.6852412Z PASS craepets.house.shannon public owner activity rejects before leaving current lesson
2026-10-02T07:46:31.6926833Z PASS craepets.house.shannon active storage event pauses stale persistence
2026-10-02T07:46:31.7003308Z PASS craepets.house.shannon damaged refresh pauses before state/player mutation
2026-10-02T07:46:31.7080816Z PASS craepets.house.shannon failed active startup is write-free
2026-10-02T07:46:31.7160883Z PASS craepets.house.tristan refuses partial JSON without replacing bytes
2026-10-02T07:46:31.7264289Z PASS craepets.house.tristan refuses empty string without replacing bytes
2026-10-02T07:46:31.7343748Z PASS craepets.house.tristan refuses whitespace without replacing bytes
2026-10-02T07:46:31.7422360Z PASS craepets.house.tristan refuses JSON null without replacing bytes
2026-10-02T07:46:31.7501648Z PASS craepets.house.tristan refuses array without replacing bytes
2026-10-02T07:46:31.7582412Z PASS craepets.house.tristan refuses number without replacing bytes
2026-10-02T07:46:31.7682756Z PASS craepets.house.tristan refuses boolean without replacing bytes
2026-10-02T07:46:31.7762739Z PASS craepets.house.tristan refuses old version without replacing bytes
2026-10-02T07:46:31.7875462Z PASS craepets.house.tristan refuses bad pet without replacing bytes
2026-10-02T07:46:31.7954471Z PASS craepets.house.tristan refuses stats string without replacing bytes
2026-10-02T07:46:31.8037791Z PASS craepets.house.tristan refuses fractional house without replacing bytes
2026-10-02T07:46:31.8121030Z PASS craepets.house.tristan refuses bad review without replacing bytes
2026-10-02T07:46:31.8202171Z PASS craepets.house.tristan refuses blank broken stats without replacing bytes
2026-10-02T07:46:31.8298259Z PASS craepets.house.tristan refuses blank broken house without replacing bytes
2026-10-02T07:46:31.8374726Z PASS craepets.house.tristan read failure is not absence
2026-10-02T07:46:31.8454772Z PASS craepets.house.tristan admits current blank without temporary pet or writes
2026-10-02T07:46:31.8532982Z PASS craepets.house.tristan admits legacy pet null without temporary pet or writes
2026-10-02T07:46:31.8610251Z PASS craepets.house.tristan admits legacy missing pet without temporary pet or writes
2026-10-02T07:46:31.8704948Z PASS craepets.house.tristan admits genuinely absent new valley
2026-10-02T07:46:31.8786922Z PASS craepets.house.tristan retains valid earned progress and legacy defaults
2026-10-02T07:46:31.8868769Z PASS craepets.house.tristan rejects sibling switch before changing healthy player/session
2026-10-02T07:46:31.8946147Z PASS craepets.house.tristan rejects damaged family visit without changing active lesson
2026-10-02T07:46:31.9024139Z PASS craepets.house.tristan public owner activity rejects before leaving current lesson
2026-10-02T07:46:31.9118659Z PASS craepets.house.tristan active storage event pauses stale persistence
2026-10-02T07:46:31.9197483Z PASS craepets.house.tristan damaged refresh pauses before state/player mutation
2026-10-02T07:46:31.9273386Z PASS craepets.house.tristan failed active startup is write-free
2026-10-02T07:46:31.9353025Z PASS craepets.house.guest refuses partial JSON without replacing bytes
2026-10-02T07:46:31.9432635Z PASS craepets.house.guest refuses empty string without replacing bytes
2026-10-02T07:46:31.9530078Z PASS craepets.house.guest refuses whitespace without replacing bytes
2026-10-02T07:46:31.9609961Z PASS craepets.house.guest refuses JSON null without replacing bytes
2026-10-02T07:46:31.9688343Z PASS craepets.house.guest refuses array without replacing bytes
2026-10-02T07:46:31.9768323Z PASS craepets.house.guest refuses number without replacing bytes
2026-10-02T07:46:31.9849085Z PASS craepets.house.guest refuses boolean without replacing bytes
2026-10-02T07:46:31.9945326Z PASS craepets.house.guest refuses old version without replacing bytes
2026-10-02T07:46:32.0026057Z PASS craepets.house.guest refuses bad pet without replacing bytes
2026-10-02T07:46:32.0111989Z PASS craepets.house.guest refuses stats string without replacing bytes
2026-10-02T07:46:32.0195794Z PASS craepets.house.guest refuses fractional house without replacing bytes
2026-10-02T07:46:32.0298922Z PASS craepets.house.guest refuses bad review without replacing bytes
2026-10-02T07:46:32.0383189Z PASS craepets.house.guest refuses blank broken stats without replacing bytes
2026-10-02T07:46:32.0467920Z PASS craepets.house.guest refuses blank broken house without replacing bytes
2026-10-02T07:46:32.0545868Z PASS craepets.house.guest read failure is not absence
2026-10-02T07:46:32.0625447Z PASS craepets.house.guest admits current blank without temporary pet or writes
2026-10-02T07:46:32.0721532Z PASS craepets.house.guest admits legacy pet null without temporary pet or writes
2026-10-02T07:46:32.0800939Z PASS craepets.house.guest admits legacy missing pet without temporary pet or writes
2026-10-02T07:46:32.0880270Z PASS craepets.house.guest admits genuinely absent new valley
2026-10-02T07:46:32.0964481Z PASS craepets.house.guest retains valid earned progress and legacy defaults
2026-10-02T07:46:32.1046643Z PASS craepets.house.guest rejects sibling switch before changing healthy player/session
2026-10-02T07:46:32.1143000Z PASS craepets.house.guest rejects damaged family visit without changing active lesson
2026-10-02T07:46:32.1220328Z PASS craepets.house.guest public owner activity rejects before leaving current lesson
2026-10-02T07:46:32.1298197Z PASS craepets.house.guest active storage event pauses stale persistence
2026-10-02T07:46:32.1377197Z PASS craepets.house.guest damaged refresh pauses before state/player mutation
2026-10-02T07:46:32.1453916Z PASS craepets.house.guest failed active startup is write-free
2026-10-02T07:46:32.1552801Z PASS craepets.jeannie refuses partial JSON without replacing bytes
2026-10-02T07:46:32.1637643Z PASS craepets.jeannie refuses empty string without replacing bytes
2026-10-02T07:46:32.1736752Z PASS craepets.jeannie refuses whitespace without replacing bytes
2026-10-02T07:46:32.1817138Z PASS craepets.jeannie refuses JSON null without replacing bytes
2026-10-02T07:46:32.1896409Z PASS craepets.jeannie refuses array without replacing bytes
2026-10-02T07:46:32.1993513Z PASS craepets.jeannie refuses number without replacing bytes
2026-10-02T07:46:32.2072953Z PASS craepets.jeannie refuses boolean without replacing bytes
2026-10-02T07:46:32.2152900Z PASS craepets.jeannie refuses old version without replacing bytes
2026-10-02T07:46:32.2232474Z PASS craepets.jeannie refuses bad pet without replacing bytes
2026-10-02T07:46:32.2330732Z PASS craepets.jeannie refuses stats string without replacing bytes
2026-10-02T07:46:32.2414570Z PASS craepets.jeannie refuses fractional house without replacing bytes
2026-10-02T07:46:32.2497924Z PASS craepets.jeannie refuses bad review without replacing bytes
2026-10-02T07:46:32.2580242Z PASS craepets.jeannie refuses blank broken stats without replacing bytes
2026-10-02T07:46:32.2664142Z PASS craepets.jeannie refuses blank broken house without replacing bytes
2026-10-02T07:46:32.2756330Z PASS craepets.jeannie read failure is not absence
2026-10-02T07:46:32.2835315Z PASS craepets.jeannie admits current blank without temporary pet or writes
2026-10-02T07:46:32.2913299Z PASS craepets.jeannie admits legacy pet null without temporary pet or writes
2026-10-02T07:46:32.2991929Z PASS craepets.jeannie admits legacy missing pet without temporary pet or writes
2026-10-02T07:46:32.3068160Z PASS craepets.jeannie admits genuinely absent new valley
2026-10-02T07:46:32.3167531Z PASS craepets.jeannie retains valid earned progress and legacy defaults
2026-10-02T07:46:32.3247416Z PASS craepets.jeannie rejects sibling switch before changing healthy player/session
2026-10-02T07:46:32.3323214Z PASS craepets.jeannie rejects damaged family visit without changing active lesson
2026-10-02T07:46:32.3398347Z PASS craepets.jeannie public owner activity rejects before leaving current lesson
2026-10-02T07:46:32.3474549Z PASS craepets.jeannie active storage event pauses stale persistence
2026-10-02T07:46:32.3551142Z PASS craepets.jeannie damaged refresh pauses before state/player mutation
2026-10-02T07:46:32.3680981Z PASS craepets.jeannie failed active startup is write-free
2026-10-02T07:46:32.3759686Z PASS craepets.cory refuses partial JSON without replacing bytes
2026-10-02T07:46:32.3840727Z PASS craepets.cory refuses empty string without replacing bytes
2026-10-02T07:46:32.3920544Z PASS craepets.cory refuses whitespace without replacing bytes
2026-10-02T07:46:32.3999893Z PASS craepets.cory refuses JSON null without replacing bytes
2026-10-02T07:46:32.4093928Z PASS craepets.cory refuses array without replacing bytes
2026-10-02T07:46:32.4173441Z PASS craepets.cory refuses number without replacing bytes
2026-10-02T07:46:32.4253043Z PASS craepets.cory refuses boolean without replacing bytes
2026-10-02T07:46:32.4333280Z PASS craepets.cory refuses old version without replacing bytes
2026-10-02T07:46:32.4430143Z PASS craepets.cory refuses bad pet without replacing bytes
2026-10-02T07:46:32.4513124Z PASS craepets.cory refuses stats string without replacing bytes
2026-10-02T07:46:32.4596968Z PASS craepets.cory refuses fractional house without replacing bytes
2026-10-02T07:46:32.4682343Z PASS craepets.cory refuses bad review without replacing bytes
2026-10-02T07:46:32.4764512Z PASS craepets.cory refuses blank broken stats without replacing bytes
2026-10-02T07:46:32.4867029Z PASS craepets.cory refuses blank broken house without replacing bytes
2026-10-02T07:46:32.4943894Z PASS craepets.cory read failure is not absence
2026-10-02T07:46:32.5023286Z PASS craepets.cory admits current blank without temporary pet or writes
2026-10-02T07:46:32.5106544Z PASS craepets.cory admits legacy pet null without temporary pet or writes
2026-10-02T07:46:32.5185318Z PASS craepets.cory admits legacy missing pet without temporary pet or writes
2026-10-02T07:46:32.5282347Z PASS craepets.cory admits genuinely absent new valley
2026-10-02T07:46:32.5365171Z PASS craepets.cory retains valid earned progress and legacy defaults
2026-10-02T07:46:32.5446348Z PASS craepets.cory rejects sibling switch before changing healthy player/session
2026-10-02T07:46:32.5524142Z PASS craepets.cory rejects damaged family visit without changing active lesson
2026-10-02T07:46:32.5602959Z PASS craepets.cory public owner activity rejects before leaving current lesson
2026-10-02T07:46:32.5698718Z PASS craepets.cory active storage event pauses stale persistence
2026-10-02T07:46:32.5777359Z PASS craepets.cory damaged refresh pauses before state/player mutation
2026-10-02T07:46:32.5853887Z PASS craepets.cory failed active startup is write-free
2026-10-02T07:46:32.5934184Z PASS craepets.ellie refuses partial JSON without replacing bytes
2026-10-02T07:46:32.6014333Z PASS craepets.ellie refuses empty string without replacing bytes
2026-10-02T07:46:32.6111087Z PASS craepets.ellie refuses whitespace without replacing bytes
2026-10-02T07:46:32.6190732Z PASS craepets.ellie refuses JSON null without replacing bytes
2026-10-02T07:46:32.6270326Z PASS craepets.ellie refuses array without replacing bytes
2026-10-02T07:46:32.6350465Z PASS craepets.ellie refuses number without replacing bytes
2026-10-02T07:46:32.6430278Z PASS craepets.ellie refuses boolean without replacing bytes
2026-10-02T07:46:32.6527562Z PASS craepets.ellie refuses old version without replacing bytes
2026-10-02T07:46:32.6606863Z PASS craepets.ellie refuses bad pet without replacing bytes
2026-10-02T07:46:32.6687387Z PASS craepets.ellie refuses stats string without replacing bytes
2026-10-02T07:46:32.6769375Z PASS craepets.ellie refuses fractional house without replacing bytes
2026-10-02T07:46:32.6868697Z PASS craepets.ellie refuses bad review without replacing bytes
2026-10-02T07:46:32.6950147Z PASS craepets.ellie refuses blank broken stats without replacing bytes
2026-10-02T07:46:32.7032556Z PASS craepets.ellie refuses blank broken house without replacing bytes
2026-10-02T07:46:32.7109421Z PASS craepets.ellie read failure is not absence
2026-10-02T07:46:32.7189779Z PASS craepets.ellie admits current blank without temporary pet or writes
2026-10-02T07:46:32.7289105Z PASS craepets.ellie admits legacy pet null without temporary pet or writes
2026-10-02T07:46:32.7366976Z PASS craepets.ellie admits legacy missing pet without temporary pet or writes
2026-10-02T07:46:32.7443752Z PASS craepets.ellie admits genuinely absent new valley
2026-10-02T07:46:32.7524320Z PASS craepets.ellie retains valid earned progress and legacy defaults
2026-10-02T07:46:32.7604378Z PASS craepets.ellie rejects sibling switch before changing healthy player/session
2026-10-02T07:46:32.7697757Z PASS craepets.ellie rejects damaged family visit without changing active lesson
2026-10-02T07:46:32.7773190Z PASS craepets.ellie public owner activity rejects before leaving current lesson
2026-10-02T07:46:32.7847788Z PASS craepets.ellie active storage event pauses stale persistence
2026-10-02T07:46:32.7923464Z PASS craepets.ellie damaged refresh pauses before state/player mutation
2026-10-02T07:46:32.7998277Z PASS craepets.ellie failed active startup is write-free
2026-10-02T07:46:32.8097743Z PASS craepets.kieran refuses partial JSON without replacing bytes
2026-10-02T07:46:32.8177352Z PASS craepets.kieran refuses empty string without replacing bytes
2026-10-02T07:46:32.8256187Z PASS craepets.kieran refuses whitespace without replacing bytes
2026-10-02T07:46:32.8333884Z PASS craepets.kieran refuses JSON null without replacing bytes
2026-10-02T07:46:32.8412201Z PASS craepets.kieran refuses array without replacing bytes
2026-10-02T07:46:32.8506219Z PASS craepets.kieran refuses number without replacing bytes
2026-10-02T07:46:32.8584208Z PASS craepets.kieran refuses boolean without replacing bytes
2026-10-02T07:46:32.8663833Z PASS craepets.kieran refuses old version without replacing bytes
2026-10-02T07:46:32.8744864Z PASS craepets.kieran refuses bad pet without replacing bytes
2026-10-02T07:46:32.8841864Z PASS craepets.kieran refuses stats string without replacing bytes
2026-10-02T07:46:32.8927108Z PASS craepets.kieran refuses fractional house without replacing bytes
2026-10-02T07:46:32.9010573Z PASS craepets.kieran refuses bad review without replacing bytes
2026-10-02T07:46:32.9091664Z PASS craepets.kieran refuses blank broken stats without replacing bytes
2026-10-02T07:46:32.9217708Z PASS craepets.kieran refuses blank broken house without replacing bytes
2026-10-02T07:46:32.9298229Z PASS craepets.kieran read failure is not absence
2026-10-02T07:46:32.9376983Z PASS craepets.kieran admits current blank without temporary pet or writes
2026-10-02T07:46:32.9507854Z PASS craepets.kieran admits legacy pet null without temporary pet or writes
2026-10-02T07:46:32.9533789Z PASS craepets.kieran admits legacy missing pet without temporary pet or writes
2026-10-02T07:46:32.9611345Z PASS craepets.kieran admits genuinely absent new valley
2026-10-02T07:46:32.9691508Z PASS craepets.kieran retains valid earned progress and legacy defaults
2026-10-02T07:46:32.9784860Z PASS craepets.kieran rejects sibling switch before changing healthy player/session
2026-10-02T07:46:32.9860915Z PASS craepets.kieran rejects damaged family visit without changing active lesson
2026-10-02T07:46:32.9935736Z PASS craepets.kieran public owner activity rejects before leaving current lesson
2026-10-02T07:46:33.0008951Z PASS craepets.kieran active storage event pauses stale persistence
2026-10-02T07:46:33.0084169Z PASS craepets.kieran damaged refresh pauses before state/player mutation
2026-10-02T07:46:33.0175797Z PASS craepets.kieran failed active startup is write-free
2026-10-02T07:46:33.0253023Z PASS craepets.shannon refuses partial JSON without replacing bytes
2026-10-02T07:46:33.0329678Z PASS craepets.shannon refuses empty string without replacing bytes
2026-10-02T07:46:33.0408133Z PASS craepets.shannon refuses whitespace without replacing bytes
2026-10-02T07:46:33.0485591Z PASS craepets.shannon refuses JSON null without replacing bytes
2026-10-02T07:46:33.0581950Z PASS craepets.shannon refuses array without replacing bytes
2026-10-02T07:46:33.0665713Z PASS craepets.shannon refuses number without replacing bytes
2026-10-02T07:46:33.0744151Z PASS craepets.shannon refuses boolean without replacing bytes
2026-10-02T07:46:33.0823317Z PASS craepets.shannon refuses old version without replacing bytes
2026-10-02T07:46:33.0917611Z PASS craepets.shannon refuses bad pet without replacing bytes
2026-10-02T07:46:33.0997664Z PASS craepets.shannon refuses stats string without replacing bytes
2026-10-02T07:46:33.1079039Z PASS craepets.shannon refuses fractional house without replacing bytes
2026-10-02T07:46:33.1162426Z PASS craepets.shannon refuses bad review without replacing bytes
2026-10-02T07:46:33.1259819Z PASS craepets.shannon refuses blank broken stats without replacing bytes
2026-10-02T07:46:33.1343849Z PASS craepets.shannon refuses blank broken house without replacing bytes
2026-10-02T07:46:33.1420486Z PASS craepets.shannon read failure is not absence
2026-10-02T07:46:33.1500888Z PASS craepets.shannon admits current blank without temporary pet or writes
2026-10-02T07:46:33.1579054Z PASS craepets.shannon admits legacy pet null without temporary pet or writes
2026-10-02T07:46:33.1673236Z PASS craepets.shannon admits legacy missing pet without temporary pet or writes
2026-10-02T07:46:33.1749959Z PASS craepets.shannon admits genuinely absent new valley
2026-10-02T07:46:33.1831883Z PASS craepets.shannon retains valid earned progress and legacy defaults
2026-10-02T07:46:33.1912135Z PASS craepets.shannon rejects sibling switch before changing healthy player/session
2026-10-02T07:46:33.1988618Z PASS craepets.shannon rejects damaged family visit without changing active lesson
2026-10-02T07:46:33.2065832Z PASS craepets.shannon public owner activity rejects before leaving current lesson
2026-10-02T07:46:33.2161018Z PASS craepets.shannon active storage event pauses stale persistence
2026-10-02T07:46:33.2237868Z PASS craepets.shannon damaged refresh pauses before state/player mutation
2026-10-02T07:46:33.2313931Z PASS craepets.shannon failed active startup is write-free
2026-10-02T07:46:33.2392448Z PASS craepets.tristan refuses partial JSON without replacing bytes
2026-10-02T07:46:33.2470844Z PASS craepets.tristan refuses empty string without replacing bytes
2026-10-02T07:46:33.2567151Z PASS craepets.tristan refuses whitespace without replacing bytes
2026-10-02T07:46:33.2646972Z PASS craepets.tristan refuses JSON null without replacing bytes
2026-10-02T07:46:33.2725763Z PASS craepets.tristan refuses array without replacing bytes
2026-10-02T07:46:33.2803489Z PASS craepets.tristan refuses number without replacing bytes
2026-10-02T07:46:33.2898791Z PASS craepets.tristan refuses boolean without replacing bytes
2026-10-02T07:46:33.2977333Z PASS craepets.tristan refuses old version without replacing bytes
2026-10-02T07:46:33.3055588Z PASS craepets.tristan refuses bad pet without replacing bytes
2026-10-02T07:46:33.3136135Z PASS craepets.tristan refuses stats string without replacing bytes
2026-10-02T07:46:33.3237070Z PASS craepets.tristan refuses fractional house without replacing bytes
2026-10-02T07:46:33.3320324Z PASS craepets.tristan refuses bad review without replacing bytes
2026-10-02T07:46:33.3401735Z PASS craepets.tristan refuses blank broken stats without replacing bytes
2026-10-02T07:46:33.3484369Z PASS craepets.tristan refuses blank broken house without replacing bytes
2026-10-02T07:46:33.3560640Z PASS craepets.tristan read failure is not absence
2026-10-02T07:46:33.3655686Z PASS craepets.tristan admits current blank without temporary pet or writes
2026-10-02T07:46:33.3732756Z PASS craepets.tristan admits legacy pet null without temporary pet or writes
2026-10-02T07:46:33.3810647Z PASS craepets.tristan admits legacy missing pet without temporary pet or writes
2026-10-02T07:46:33.3888249Z PASS craepets.tristan admits genuinely absent new valley
2026-10-02T07:46:33.3968526Z PASS craepets.tristan retains valid earned progress and legacy defaults
2026-10-02T07:46:33.4066668Z PASS craepets.tristan rejects sibling switch before changing healthy player/session
2026-10-02T07:46:33.4143791Z PASS craepets.tristan rejects damaged family visit without changing active lesson
2026-10-02T07:46:33.4220397Z PASS craepets.tristan public owner activity rejects before leaving current lesson
2026-10-02T07:46:33.4296492Z PASS craepets.tristan active storage event pauses stale persistence
2026-10-02T07:46:33.4372558Z PASS craepets.tristan damaged refresh pauses before state/player mutation
2026-10-02T07:46:33.4447109Z PASS craepets.tristan failed active startup is write-free
2026-10-02T07:46:33.4543142Z PASS craepets.guest refuses partial JSON without replacing bytes
2026-10-02T07:46:33.4621328Z PASS craepets.guest refuses empty string without replacing bytes
2026-10-02T07:46:33.4700936Z PASS craepets.guest refuses whitespace without replacing bytes
2026-10-02T07:46:33.4783019Z PASS craepets.guest refuses JSON null without replacing bytes
2026-10-02T07:46:33.4917632Z PASS craepets.guest refuses array without replacing bytes
2026-10-02T07:46:33.4995479Z PASS craepets.guest refuses number without replacing bytes
2026-10-02T07:46:33.5076300Z PASS craepets.guest refuses boolean without replacing bytes
2026-10-02T07:46:33.5156706Z PASS craepets.guest refuses old version without replacing bytes
2026-10-02T07:46:33.5236347Z PASS craepets.guest refuses bad pet without replacing bytes
2026-10-02T07:46:33.5329311Z PASS craepets.guest refuses stats string without replacing bytes
2026-10-02T07:46:33.5411707Z PASS craepets.guest refuses fractional house without replacing bytes
2026-10-02T07:46:33.5494943Z PASS craepets.guest refuses bad review without replacing bytes
2026-10-02T07:46:33.5573848Z PASS craepets.guest refuses blank broken stats without replacing bytes
2026-10-02T07:46:33.5669286Z PASS craepets.guest refuses blank broken house without replacing bytes
2026-10-02T07:46:33.5743495Z PASS craepets.guest read failure is not absence
2026-10-02T07:46:33.5818834Z PASS craepets.guest admits current blank without temporary pet or writes
2026-10-02T07:46:33.5893034Z PASS craepets.guest admits legacy pet null without temporary pet or writes
2026-10-02T07:46:33.5966988Z PASS craepets.guest admits legacy missing pet without temporary pet or writes
2026-10-02T07:46:33.6040438Z PASS craepets.guest admits genuinely absent new valley
2026-10-02T07:46:33.6137873Z PASS craepets.guest retains valid earned progress and legacy defaults
2026-10-02T07:46:33.6217566Z PASS craepets.guest rejects sibling switch before changing healthy player/session
2026-10-02T07:46:33.6290979Z PASS craepets.guest rejects damaged family visit without changing active lesson
2026-10-02T07:46:33.6364553Z PASS craepets.guest public owner activity rejects before leaving current lesson
2026-10-02T07:46:33.6436338Z PASS craepets.guest active storage event pauses stale persistence
2026-10-02T07:46:33.6529932Z PASS craepets.guest damaged refresh pauses before state/player mutation
2026-10-02T07:46:33.6605190Z PASS craepets.guest failed active startup is write-free
2026-10-02T07:46:33.6677312Z PASS craepets.house. native-ID fence refuses unknown keys before reading
2026-10-02T07:46:33.6752152Z PASS craepets.house.WHO read unavailable pauses startup without writes
2026-10-02T07:46:33.6826435Z PASS craepets.house.invalid WHO pauses startup without writes
2026-10-02T07:46:33.6920186Z PASS craepets.house. unavailable sibling stays out of neighborhood without blocking healthy current
2026-10-02T07:46:33.7013213Z PASS craepets.house. prior family pending guard remains effective
2026-10-02T07:46:33.7083237Z PASS craepets. native-ID fence refuses unknown keys before reading
2026-10-02T07:46:33.7155577Z PASS craepets.WHO read unavailable pauses startup without writes
2026-10-02T07:46:33.7228391Z PASS craepets.invalid WHO pauses startup without writes
2026-10-02T07:46:33.7314609Z PASS craepets. unavailable sibling stays out of neighborhood without blocking healthy current
2026-10-02T07:46:33.7388052Z PASS craepets. prior family pending guard remains effective
2026-10-02T07:46:33.7495142Z PASS craepets.house.jeannie actual registration refuses damaged active with all healthy siblings
2026-10-02T07:46:33.7576615Z PASS craepets.house.cory actual registration refuses damaged active with all healthy siblings
2026-10-02T07:46:33.7656715Z PASS craepets.house.ellie actual registration refuses damaged active with all healthy siblings
2026-10-02T07:46:33.7753322Z PASS craepets.house.kieran actual registration refuses damaged active with all healthy siblings
2026-10-02T07:46:33.7834992Z PASS craepets.house.shannon actual registration refuses damaged active with all healthy siblings
2026-10-02T07:46:33.7915353Z PASS craepets.house.tristan actual registration refuses damaged active with all healthy siblings
2026-10-02T07:46:33.7995543Z PASS craepets.house.guest actual registration refuses damaged active with all healthy siblings
2026-10-02T07:46:33.8089598Z PASS craepets.jeannie actual registration refuses damaged active with all healthy siblings
2026-10-02T07:46:33.8168298Z PASS craepets.cory actual registration refuses damaged active with all healthy siblings
2026-10-02T07:46:33.8246673Z PASS craepets.ellie actual registration refuses damaged active with all healthy siblings
2026-10-02T07:46:33.8325445Z PASS craepets.kieran actual registration refuses damaged active with all healthy siblings
2026-10-02T07:46:33.8418174Z PASS craepets.shannon actual registration refuses damaged active with all healthy siblings
2026-10-02T07:46:33.8497303Z PASS craepets.tristan actual registration refuses damaged active with all healthy siblings
2026-10-02T07:46:33.8576411Z PASS craepets.guest actual registration refuses damaged active with all healthy siblings
2026-10-02T07:46:33.8650460Z PASS actual house registration distinguishes WHO read unavailable and suppresses its one auto cycle
2026-10-02T07:46:33.8735891Z PASS actual house registration distinguishes active read unavailable and suppresses its one auto cycle
2026-10-02T07:46:33.8737542Z PASS active saved-data loader: 390 production checks across seven house/shared profiles; malformed/read-failure preservation, blank/legacy/earned states, startup, switching, refresh and external-update refusal.
2026-10-02T07:46:33.8904007Z PASS: craepets-active-save.cjs (3.3s)
2026-10-02T07:46:33.8904293Z 
2026-10-02T07:46:33.8904480Z --- craepets-active-save-browser.cjs ---
2026-10-02T07:46:45.0187109Z PASS active loader Chromium Desktop: all fourteen active profile/mode refusals, exact namespaces/selection, real startup gate/link/download, unavailable reads/retry, sibling lesson preservation, other-document storage refusal and valid legacy/blank play.
2026-10-02T07:46:54.6421061Z PASS active loader Chromium iPad: all fourteen active profile/mode refusals, exact namespaces/selection, real startup gate/link/download, unavailable reads/retry, sibling lesson preservation, other-document storage refusal and valid legacy/blank play.
2026-10-02T07:47:04.3288966Z PASS active loader Chromium iPhone: all fourteen active profile/mode refusals, exact namespaces/selection, real startup gate/link/download, unavailable reads/retry, sibling lesson preservation, other-document storage refusal and valid legacy/blank play.
2026-10-02T07:47:04.4836388Z PASS: craepets-active-save-browser.cjs (30.6s)
2026-10-02T07:47:04.4837622Z 
2026-10-02T07:47:04.4838102Z --- craepets-auto-seeding.cjs ---
2026-10-02T07:47:04.5369735Z PASS jeannie does not seed stats string
2026-10-02T07:47:04.5479425Z PASS jeannie does not seed fractional legacy house
2026-10-02T07:47:04.5579646Z PASS jeannie does not seed review null
2026-10-02T07:47:04.5677865Z PASS jeannie does not seed bag string count
2026-10-02T07:47:04.5776671Z PASS jeannie does not seed subject stats
2026-10-02T07:47:04.5876542Z PASS jeannie does not seed room array
2026-10-02T07:47:04.5980302Z PASS jeannie does not seed species
2026-10-02T07:47:04.6067153Z PASS jeannie does not seed colour
2026-10-02T07:47:04.6163769Z PASS jeannie does not seed blank pet name
2026-10-02T07:47:04.6253323Z PASS jeannie does not seed null needs
2026-10-02T07:47:04.6354912Z PASS jeannie does not seed diary record
2026-10-02T07:47:04.6443321Z PASS jeannie does not seed mail record
2026-10-02T07:47:04.6542394Z PASS jeannie does not seed quest record
2026-10-02T07:47:04.6651031Z PASS jeannie does not seed negative coins
2026-10-02T07:47:04.6752553Z PASS jeannie does not seed bank array
2026-10-02T07:47:04.6849325Z PASS jeannie does not seed seen row
2026-10-02T07:47:04.6946276Z PASS jeannie does not seed pet array
2026-10-02T07:47:04.7053403Z PASS jeannie does not seed version
2026-10-02T07:47:04.7142474Z PASS jeannie does not seed answer index
2026-10-02T07:47:04.7226445Z PASS cory does not seed stats string
2026-10-02T07:47:04.7341898Z PASS cory does not seed fractional legacy house
2026-10-02T07:47:04.7425832Z PASS cory does not seed review null
2026-10-02T07:47:04.7509643Z PASS cory does not seed bag string count
2026-10-02T07:47:04.7593590Z PASS cory does not seed subject stats
2026-10-02T07:47:04.7688160Z PASS cory does not seed room array
2026-10-02T07:47:04.7772327Z PASS cory does not seed species
2026-10-02T07:47:04.7855506Z PASS cory does not seed colour
2026-10-02T07:47:04.7936987Z PASS cory does not seed blank pet name
2026-10-02T07:47:04.8034500Z PASS cory does not seed null needs
2026-10-02T07:47:04.8116882Z PASS cory does not seed diary record
2026-10-02T07:47:04.8199084Z PASS cory does not seed mail record
2026-10-02T07:47:04.8303160Z PASS cory does not seed quest record
2026-10-02T07:47:04.8384919Z PASS cory does not seed negative coins
2026-10-02T07:47:04.8469366Z PASS cory does not seed bank array
2026-10-02T07:47:04.8553527Z PASS cory does not seed seen row
2026-10-02T07:47:04.8644162Z PASS cory does not seed pet array
2026-10-02T07:47:04.8739371Z PASS cory does not seed version
2026-10-02T07:47:04.8837474Z PASS cory does not seed answer index
2026-10-02T07:47:04.8935470Z PASS ellie does not seed stats string
2026-10-02T07:47:04.9054995Z PASS ellie does not seed fractional legacy house
2026-10-02T07:47:04.9143023Z PASS ellie does not seed review null
2026-10-02T07:47:04.9230563Z PASS ellie does not seed bag string count
2026-10-02T07:47:04.9324610Z PASS ellie does not seed subject stats
2026-10-02T07:47:04.9424976Z PASS ellie does not seed room array
2026-10-02T07:47:04.9524255Z PASS ellie does not seed species
2026-10-02T07:47:04.9624717Z PASS ellie does not seed colour
2026-10-02T07:47:04.9745416Z PASS ellie does not seed blank pet name
2026-10-02T07:47:04.9835122Z PASS ellie does not seed null needs
2026-10-02T07:47:04.9924496Z PASS ellie does not seed diary record
2026-10-02T07:47:05.0014775Z PASS ellie does not seed mail record
2026-10-02T07:47:05.0104568Z PASS ellie does not seed quest record
2026-10-02T07:47:05.0191093Z PASS ellie does not seed negative coins
2026-10-02T07:47:05.0278213Z PASS ellie does not seed bank array
2026-10-02T07:47:05.0393761Z PASS ellie does not seed seen row
2026-10-02T07:47:05.0479335Z PASS ellie does not seed pet array
2026-10-02T07:47:05.0567582Z PASS ellie does not seed version
2026-10-02T07:47:05.0656546Z PASS ellie does not seed answer index
2026-10-02T07:47:05.0744168Z PASS kieran does not seed stats string
2026-10-02T07:47:05.0836206Z PASS kieran does not seed fractional legacy house
2026-10-02T07:47:05.0927841Z PASS kieran does not seed review null
2026-10-02T07:47:05.1042628Z PASS kieran does not seed bag string count
2026-10-02T07:47:05.1130726Z PASS kieran does not seed subject stats
2026-10-02T07:47:05.1219801Z PASS kieran does not seed room array
2026-10-02T07:47:05.1310691Z PASS kieran does not seed species
2026-10-02T07:47:05.1399106Z PASS kieran does not seed colour
2026-10-02T07:47:05.1495632Z PASS kieran does not seed blank pet name
2026-10-02T07:47:05.1589030Z PASS kieran does not seed null needs
2026-10-02T07:47:05.1706272Z PASS kieran does not seed diary record
2026-10-02T07:47:05.1797629Z PASS kieran does not seed mail record
2026-10-02T07:47:05.1887577Z PASS kieran does not seed quest record
2026-10-02T07:47:05.1976904Z PASS kieran does not seed negative coins
2026-10-02T07:47:05.2065814Z PASS kieran does not seed bank array
2026-10-02T07:47:05.2156778Z PASS kieran does not seed seen row
2026-10-02T07:47:05.2242514Z PASS kieran does not seed pet array
2026-10-02T07:47:05.2380347Z PASS kieran does not seed version
2026-10-02T07:47:05.2464959Z PASS kieran does not seed answer index
2026-10-02T07:47:05.2549069Z PASS shannon does not seed stats string
2026-10-02T07:47:05.2634147Z PASS shannon does not seed fractional legacy house
2026-10-02T07:47:05.2717599Z PASS shannon does not seed review null
2026-10-02T07:47:05.2802005Z PASS shannon does not seed bag string count
2026-10-02T07:47:05.2886817Z PASS shannon does not seed subject stats
2026-10-02T07:47:05.2971633Z PASS shannon does not seed room array
2026-10-02T07:47:05.3073850Z PASS shannon does not seed species
2026-10-02T07:47:05.3158410Z PASS shannon does not seed colour
2026-10-02T07:47:05.3244839Z PASS shannon does not seed blank pet name
2026-10-02T07:47:05.3330274Z PASS shannon does not seed null needs
2026-10-02T07:47:05.3415715Z PASS shannon does not seed diary record
2026-10-02T07:47:05.3500002Z PASS shannon does not seed mail record
2026-10-02T07:47:05.3584615Z PASS shannon does not seed quest record
2026-10-02T07:47:05.3692107Z PASS shannon does not seed negative coins
2026-10-02T07:47:05.3775942Z PASS shannon does not seed bank array
2026-10-02T07:47:05.3860115Z PASS shannon does not seed seen row
2026-10-02T07:47:05.3944932Z PASS shannon does not seed pet array
2026-10-02T07:47:05.4028414Z PASS shannon does not seed version
2026-10-02T07:47:05.4115080Z PASS shannon does not seed answer index
2026-10-02T07:47:05.4198777Z PASS tristan does not seed stats string
2026-10-02T07:47:05.4304780Z PASS tristan does not seed fractional legacy house
2026-10-02T07:47:05.4389927Z PASS tristan does not seed review null
2026-10-02T07:47:05.4475816Z PASS tristan does not seed bag string count
2026-10-02T07:47:05.4564141Z PASS tristan does not seed subject stats
2026-10-02T07:47:05.4649200Z PASS tristan does not seed room array
2026-10-02T07:47:05.4734258Z PASS tristan does not seed species
2026-10-02T07:47:05.4817477Z PASS tristan does not seed colour
2026-10-02T07:47:05.4923444Z PASS tristan does not seed blank pet name
2026-10-02T07:47:05.5008107Z PASS tristan does not seed null needs
2026-10-02T07:47:05.5092572Z PASS tristan does not seed diary record
2026-10-02T07:47:05.5177555Z PASS tristan does not seed mail record
2026-10-02T07:47:05.5264566Z PASS tristan does not seed quest record
2026-10-02T07:47:05.5350068Z PASS tristan does not seed negative coins
2026-10-02T07:47:05.5435497Z PASS tristan does not seed bank array
2026-10-02T07:47:05.5542118Z PASS tristan does not seed seen row
2026-10-02T07:47:05.5628445Z PASS tristan does not seed pet array
2026-10-02T07:47:05.5711931Z PASS tristan does not seed version
2026-10-02T07:47:05.5797695Z PASS tristan does not seed answer index
2026-10-02T07:47:05.5881765Z PASS guest does not seed stats string
2026-10-02T07:47:05.5968180Z PASS guest does not seed fractional legacy house
2026-10-02T07:47:05.6054956Z PASS guest does not seed review null
2026-10-02T07:47:05.6162891Z PASS guest does not seed bag string count
2026-10-02T07:47:05.6247195Z PASS guest does not seed subject stats
2026-10-02T07:47:05.6331555Z PASS guest does not seed room array
2026-10-02T07:47:05.6414458Z PASS guest does not seed species
2026-10-02T07:47:05.6498121Z PASS guest does not seed colour
2026-10-02T07:47:05.6581322Z PASS guest does not seed blank pet name
2026-10-02T07:47:05.6667564Z PASS guest does not seed null needs
2026-10-02T07:47:05.6773653Z PASS guest does not seed diary record
2026-10-02T07:47:05.6859008Z PASS guest does not seed mail record
2026-10-02T07:47:05.6946015Z PASS guest does not seed quest record
2026-10-02T07:47:05.7032033Z PASS guest does not seed negative coins
2026-10-02T07:47:05.7117699Z PASS guest does not seed bank array
2026-10-02T07:47:05.7203859Z PASS guest does not seed seen row
2026-10-02T07:47:05.7288279Z PASS guest does not seed pet array
2026-10-02T07:47:05.7397847Z PASS guest does not seed version
2026-10-02T07:47:05.7486667Z PASS guest does not seed answer index
2026-10-02T07:47:05.7573126Z PASS jeannie preserves present raw ""
2026-10-02T07:47:05.7658937Z PASS jeannie preserves present raw "null"
2026-10-02T07:47:05.7743943Z PASS jeannie preserves present raw "[]"
2026-10-02T07:47:05.7828354Z PASS jeannie preserves present raw "0"
2026-10-02T07:47:05.7914019Z PASS jeannie preserves present raw "  "
2026-10-02T07:47:05.8025944Z PASS jeannie preserves present raw "{ valuable partial bytes"
2026-10-02T07:47:05.8112030Z PASS jeannie preserves present raw "{\"v\":2,\"pet\":{\"name\":\"Future\",\"species\":\"blorb\",\"colour\":\"meadow\"}}"
2026-10-02T07:47:05.8198578Z PASS jeannie preserves present raw "{\"v\":1,\"pet\":{\"name\":\"Damaged\",\"species\":\"blorb\",\"colour\":\"meadow\"},\"stats\":\"broken\"}"
2026-10-02T07:47:05.8280978Z PASS cory preserves present raw ""
2026-10-02T07:47:05.8364190Z PASS cory preserves present raw "null"
2026-10-02T07:47:05.8450006Z PASS cory preserves present raw "[]"
2026-10-02T07:47:05.8533148Z PASS cory preserves present raw "0"
2026-10-02T07:47:05.8671803Z PASS cory preserves present raw "  "
2026-10-02T07:47:05.8751902Z PASS cory preserves present raw "{ valuable partial bytes"
2026-10-02T07:47:05.8832254Z PASS cory preserves present raw "{\"v\":2,\"pet\":{\"name\":\"Future\",\"species\":\"blorb\",\"colour\":\"meadow\"}}"
2026-10-02T07:47:05.8914605Z PASS cory preserves present raw "{\"v\":1,\"pet\":{\"name\":\"Damaged\",\"species\":\"blorb\",\"colour\":\"meadow\"},\"stats\":\"broken\"}"
2026-10-02T07:47:05.8998703Z PASS ellie preserves present raw ""
2026-10-02T07:47:05.9083546Z PASS ellie preserves present raw "null"
2026-10-02T07:47:05.9167554Z PASS ellie preserves present raw "[]"
2026-10-02T07:47:05.9252042Z PASS ellie preserves present raw "0"
2026-10-02T07:47:05.9354756Z PASS ellie preserves present raw "  "
2026-10-02T07:47:05.9438613Z PASS ellie preserves present raw "{ valuable partial bytes"
2026-10-02T07:47:05.9521694Z PASS ellie preserves present raw "{\"v\":2,\"pet\":{\"name\":\"Future\",\"species\":\"blorb\",\"colour\":\"meadow\"}}"
2026-10-02T07:47:05.9604056Z PASS ellie preserves present raw "{\"v\":1,\"pet\":{\"name\":\"Damaged\",\"species\":\"blorb\",\"colour\":\"meadow\"},\"stats\":\"broken\"}"
2026-10-02T07:47:05.9686295Z PASS kieran preserves present raw ""
2026-10-02T07:47:05.9768246Z PASS kieran preserves present raw "null"
2026-10-02T07:47:05.9849917Z PASS kieran preserves present raw "[]"
2026-10-02T07:47:05.9954500Z PASS kieran preserves present raw "0"
2026-10-02T07:47:06.0037444Z PASS kieran preserves present raw "  "
2026-10-02T07:47:06.0126765Z PASS kieran preserves present raw "{ valuable partial bytes"
2026-10-02T07:47:06.0209025Z PASS kieran preserves present raw "{\"v\":2,\"pet\":{\"name\":\"Future\",\"species\":\"blorb\",\"colour\":\"meadow\"}}"
2026-10-02T07:47:06.0294932Z PASS kieran preserves present raw "{\"v\":1,\"pet\":{\"name\":\"Damaged\",\"species\":\"blorb\",\"colour\":\"meadow\"},\"stats\":\"broken\"}"
2026-10-02T07:47:06.0378710Z PASS shannon preserves present raw ""
2026-10-02T07:47:06.0461413Z PASS shannon preserves present raw "null"
2026-10-02T07:47:06.0543901Z PASS shannon preserves present raw "[]"
2026-10-02T07:47:06.0647394Z PASS shannon preserves present raw "0"
2026-10-02T07:47:06.0730005Z PASS shannon preserves present raw "  "
2026-10-02T07:47:06.0813019Z PASS shannon preserves present raw "{ valuable partial bytes"
2026-10-02T07:47:06.0895088Z PASS shannon preserves present raw "{\"v\":2,\"pet\":{\"name\":\"Future\",\"species\":\"blorb\",\"colour\":\"meadow\"}}"
2026-10-02T07:47:06.0977627Z PASS shannon preserves present raw "{\"v\":1,\"pet\":{\"name\":\"Damaged\",\"species\":\"blorb\",\"colour\":\"meadow\"},\"stats\":\"broken\"}"
2026-10-02T07:47:06.1064852Z PASS tristan preserves present raw ""
2026-10-02T07:47:06.1147522Z PASS tristan preserves present raw "null"
2026-10-02T07:47:06.1250759Z PASS tristan preserves present raw "[]"
2026-10-02T07:47:06.1331745Z PASS tristan preserves present raw "0"
2026-10-02T07:47:06.1413776Z PASS tristan preserves present raw "  "
2026-10-02T07:47:06.1495340Z PASS tristan preserves present raw "{ valuable partial bytes"
2026-10-02T07:47:06.1577480Z PASS tristan preserves present raw "{\"v\":2,\"pet\":{\"name\":\"Future\",\"species\":\"blorb\",\"colour\":\"meadow\"}}"
2026-10-02T07:47:06.1660444Z PASS tristan preserves present raw "{\"v\":1,\"pet\":{\"name\":\"Damaged\",\"species\":\"blorb\",\"colour\":\"meadow\"},\"stats\":\"broken\"}"
2026-10-02T07:47:06.1743423Z PASS guest preserves present raw ""
2026-10-02T07:47:06.1852391Z PASS guest preserves present raw "null"
2026-10-02T07:47:06.1936305Z PASS guest preserves present raw "[]"
2026-10-02T07:47:06.2020539Z PASS guest preserves present raw "0"
2026-10-02T07:47:06.2106507Z PASS guest preserves present raw "  "
2026-10-02T07:47:06.2190877Z PASS guest preserves present raw "{ valuable partial bytes"
2026-10-02T07:47:06.2274323Z PASS guest preserves present raw "{\"v\":2,\"pet\":{\"name\":\"Future\",\"species\":\"blorb\",\"colour\":\"meadow\"}}"
2026-10-02T07:47:06.2359163Z PASS guest preserves present raw "{\"v\":1,\"pet\":{\"name\":\"Damaged\",\"species\":\"blorb\",\"colour\":\"meadow\"},\"stats\":\"broken\"}"
2026-10-02T07:47:06.2466092Z PASS jeannie respects reset marker "1"
2026-10-02T07:47:06.2548920Z PASS jeannie respects reset marker ""
2026-10-02T07:47:06.2632283Z PASS jeannie respects reset marker "0"
2026-10-02T07:47:06.2713257Z PASS cory respects reset marker "1"
2026-10-02T07:47:06.2794044Z PASS cory respects reset marker ""
2026-10-02T07:47:06.2875341Z PASS cory respects reset marker "0"
2026-10-02T07:47:06.2959504Z PASS ellie respects reset marker "1"
2026-10-02T07:47:06.3066006Z PASS ellie respects reset marker ""
2026-10-02T07:47:06.3147438Z PASS ellie respects reset marker "0"
2026-10-02T07:47:06.3228280Z PASS kieran respects reset marker "1"
2026-10-02T07:47:06.3309745Z PASS kieran respects reset marker ""
2026-10-02T07:47:06.3401459Z PASS kieran respects reset marker "0"
2026-10-02T07:47:06.3484387Z PASS shannon respects reset marker "1"
2026-10-02T07:47:06.3567147Z PASS shannon respects reset marker ""
2026-10-02T07:47:06.3673372Z PASS shannon respects reset marker "0"
2026-10-02T07:47:06.3756491Z PASS tristan respects reset marker "1"
2026-10-02T07:47:06.3840052Z PASS tristan respects reset marker ""
2026-10-02T07:47:06.3925324Z PASS tristan respects reset marker "0"
2026-10-02T07:47:06.4010358Z PASS guest respects reset marker "1"
2026-10-02T07:47:06.4095866Z PASS guest respects reset marker ""
2026-10-02T07:47:06.4181463Z PASS guest respects reset marker "0"
2026-10-02T07:47:06.4296136Z PASS jeannie isolates set failure at craepets.house.v1.jeannie
2026-10-02T07:47:06.4382585Z PASS jeannie isolates get failure at craepets.house.v1.jeannie
2026-10-02T07:47:06.4466607Z PASS jeannie isolates get failure at craepets.v1.jeannie
2026-10-02T07:47:06.4551007Z PASS jeannie isolates get failure at craepets.house.reset.jeannie
2026-10-02T07:47:06.4634803Z PASS cory isolates set failure at craepets.house.v1.cory
2026-10-02T07:47:06.4719169Z PASS cory isolates get failure at craepets.house.v1.cory
2026-10-02T07:47:06.4801971Z PASS cory isolates get failure at craepets.v1.cory
2026-10-02T07:47:06.4940132Z PASS cory isolates get failure at craepets.house.reset.cory
2026-10-02T07:47:06.5025045Z PASS ellie isolates set failure at craepets.house.v1.ellie
2026-10-02T07:47:06.5108594Z PASS ellie isolates get failure at craepets.house.v1.ellie
2026-10-02T07:47:06.5191603Z PASS ellie isolates get failure at craepets.v1.ellie
2026-10-02T07:47:06.5274171Z PASS ellie isolates get failure at craepets.house.reset.ellie
2026-10-02T07:47:06.5358121Z PASS kieran isolates set failure at craepets.house.v1.kieran
2026-10-02T07:47:06.5439968Z PASS kieran isolates get failure at craepets.house.v1.kieran
2026-10-02T07:47:06.5522844Z PASS kieran isolates get failure at craepets.v1.kieran
2026-10-02T07:47:06.5624733Z PASS kieran isolates get failure at craepets.house.reset.kieran
2026-10-02T07:47:06.5709845Z PASS shannon isolates set failure at craepets.house.v1.shannon
2026-10-02T07:47:06.5793450Z PASS shannon isolates get failure at craepets.house.v1.shannon
2026-10-02T07:47:06.5876858Z PASS shannon isolates get failure at craepets.v1.shannon
2026-10-02T07:47:06.5960161Z PASS shannon isolates get failure at craepets.house.reset.shannon
2026-10-02T07:47:06.6045630Z PASS tristan isolates set failure at craepets.house.v1.tristan
2026-10-02T07:47:06.6127856Z PASS tristan isolates get failure at craepets.house.v1.tristan
2026-10-02T07:47:06.6240440Z PASS tristan isolates get failure at craepets.v1.tristan
2026-10-02T07:47:06.6324305Z PASS tristan isolates get failure at craepets.house.reset.tristan
2026-10-02T07:47:06.6411797Z PASS guest isolates set failure at craepets.house.v1.guest
2026-10-02T07:47:06.6495706Z PASS guest isolates get failure at craepets.house.v1.guest
2026-10-02T07:47:06.6578925Z PASS guest isolates get failure at craepets.v1.guest
2026-10-02T07:47:06.6662390Z PASS guest isolates get failure at craepets.house.reset.guest
2026-10-02T07:47:06.6758093Z PASS waits for preparation; then seeds all seven without losing earned progress
2026-10-02T07:47:06.6867756Z PASS jeannie normalizes legacy original only in new house slot
2026-10-02T07:47:06.6952863Z PASS cory normalizes legacy original only in new house slot
2026-10-02T07:47:06.7037285Z PASS ellie normalizes legacy original only in new house slot
2026-10-02T07:47:06.7121688Z PASS kieran normalizes legacy original only in new house slot
2026-10-02T07:47:06.7208197Z PASS shannon normalizes legacy original only in new house slot
2026-10-02T07:47:06.7296557Z PASS tristan normalizes legacy original only in new house slot
2026-10-02T07:47:06.7382249Z PASS guest normalizes legacy original only in new house slot
2026-10-02T07:47:06.7469911Z PASS jeannie rechecks newer slot after preparation
2026-10-02T07:47:06.7578267Z PASS jeannie rechecks newer reset after preparation
2026-10-02T07:47:06.7661645Z PASS cory rechecks newer slot after preparation
2026-10-02T07:47:06.7744296Z PASS cory rechecks newer reset after preparation
2026-10-02T07:47:06.7829865Z PASS ellie rechecks newer slot after preparation
2026-10-02T07:47:06.7914615Z PASS ellie rechecks newer reset after preparation
2026-10-02T07:47:06.8000143Z PASS kieran rechecks newer slot after preparation
2026-10-02T07:47:06.8105705Z PASS kieran rechecks newer reset after preparation
2026-10-02T07:47:06.8193446Z PASS shannon rechecks newer slot after preparation
2026-10-02T07:47:06.8278089Z PASS shannon rechecks newer reset after preparation
2026-10-02T07:47:06.8361710Z PASS tristan rechecks newer slot after preparation
2026-10-02T07:47:06.8446353Z PASS tristan rechecks newer reset after preparation
2026-10-02T07:47:06.8531272Z PASS guest rechecks newer slot after preparation
2026-10-02T07:47:06.8615705Z PASS guest rechecks newer reset after preparation
2026-10-02T07:47:06.8680101Z PASS shared game mode never seeds even on explicit request
2026-10-02T07:47:06.8770115Z PASS export-only page does not seed or change selection/preferences
2026-10-02T07:47:06.8853311Z PASS existing selection and voice are preserved
2026-10-02T07:47:06.8938709Z PASS unknown original selection cannot redirect outside real profiles
2026-10-02T07:47:06.9028307Z PASS metadata write failure preserves valid new copies: craepets.house.who
2026-10-02T07:47:06.9115802Z PASS metadata write failure preserves valid new copies: craepets.house.voice
2026-10-02T07:47:06.9219389Z PASS unacknowledged copy is not reported successful
2026-10-02T07:47:06.9284261Z PASS completed pending recovery suppresses automatic recopy
2026-10-02T07:47:06.9286281Z PASS house auto-seeding: 268 production checks across seven profiles; deep source admission, every present raw target, reset/game/recovery controls, delayed registration and storage failures.
2026-10-02T07:47:06.9498651Z PASS: craepets-auto-seeding.cjs (2.5s)
2026-10-02T07:47:06.9499043Z 
2026-10-02T07:47:06.9499255Z --- craepets-auto-seeding-browser.cjs ---
2026-10-02T07:47:10.6889929Z PASS auto-seeding Chromium Desktop: actual startup, damaged sibling/malformed source/reset/quota isolation, all seven original profiles, legacy defaults, real learning/reload, shared mode and downloaded export.
2026-10-02T07:47:13.3201084Z PASS auto-seeding Chromium iPad: actual startup, damaged sibling/malformed source/reset/quota isolation, all seven original profiles, legacy defaults, real learning/reload, shared mode and downloaded export.
2026-10-02T07:47:15.8510240Z PASS auto-seeding Chromium iPhone: actual startup, damaged sibling/malformed source/reset/quota isolation, all seven original profiles, legacy defaults, real learning/reload, shared mode and downloaded export.
2026-10-02T07:47:15.9495007Z PASS: craepets-auto-seeding-browser.cjs (9.0s)
2026-10-02T07:47:15.9495516Z 
2026-10-02T07:47:15.9495804Z --- craepets-family-restore.cjs ---
2026-10-02T07:47:15.9954765Z PASS jeannie rejects stats string
2026-10-02T07:47:16.0044338Z PASS jeannie rejects fractional house
2026-10-02T07:47:16.0126777Z PASS jeannie rejects review null
2026-10-02T07:47:16.0206019Z PASS jeannie rejects bag count string
2026-10-02T07:47:16.0275866Z PASS jeannie rejects subject stats string
2026-10-02T07:47:16.0354319Z PASS jeannie rejects room array
2026-10-02T07:47:16.0432508Z PASS jeannie rejects pet unknown species
2026-10-02T07:47:16.0509309Z PASS jeannie rejects pet unknown colour
2026-10-02T07:47:16.0591665Z PASS jeannie rejects blank name
2026-10-02T07:47:16.0663354Z PASS jeannie rejects invalid needs
2026-10-02T07:47:16.0744559Z PASS jeannie rejects bad diary
2026-10-02T07:47:16.0814429Z PASS jeannie rejects mail markup shape
2026-10-02T07:47:16.0901183Z PASS jeannie rejects invalid quest
2026-10-02T07:47:16.0969790Z PASS jeannie rejects bad coins
2026-10-02T07:47:16.1038994Z PASS jeannie rejects bad bank
2026-10-02T07:47:16.1114591Z PASS jeannie rejects seen string
2026-10-02T07:47:16.1187361Z PASS jeannie rejects pet array
2026-10-02T07:47:16.1270155Z PASS jeannie rejects bad version
2026-10-02T07:47:16.1340581Z PASS jeannie rejects review answer
2026-10-02T07:47:16.1421495Z PASS cory rejects stats string
2026-10-02T07:47:16.1499989Z PASS cory rejects fractional house
2026-10-02T07:47:16.1596371Z PASS cory rejects review null
2026-10-02T07:47:16.1667395Z PASS cory rejects bag count string
2026-10-02T07:47:16.1737510Z PASS cory rejects subject stats string
2026-10-02T07:47:16.1807254Z PASS cory rejects room array
2026-10-02T07:47:16.1888879Z PASS cory rejects pet unknown species
2026-10-02T07:47:16.1998810Z PASS cory rejects pet unknown colour
2026-10-02T07:47:16.2068106Z PASS cory rejects blank name
2026-10-02T07:47:16.2139072Z PASS cory rejects invalid needs
2026-10-02T07:47:16.2209787Z PASS cory rejects bad diary
2026-10-02T07:47:16.2281340Z PASS cory rejects mail markup shape
2026-10-02T07:47:16.2356578Z PASS cory rejects invalid quest
2026-10-02T07:47:16.2430574Z PASS cory rejects bad coins
2026-10-02T07:47:16.2506015Z PASS cory rejects bad bank
2026-10-02T07:47:16.2582352Z PASS cory rejects seen string
2026-10-02T07:47:16.2653895Z PASS cory rejects pet array
2026-10-02T07:47:16.2737494Z PASS cory rejects bad version
2026-10-02T07:47:16.2806824Z PASS cory rejects review answer
2026-10-02T07:47:16.2877606Z PASS ellie rejects stats string
2026-10-02T07:47:16.2956149Z PASS ellie rejects fractional house
2026-10-02T07:47:16.3036343Z PASS ellie rejects review null
2026-10-02T07:47:16.3115054Z PASS ellie rejects bag count string
2026-10-02T07:47:16.3194238Z PASS ellie rejects subject stats string
2026-10-02T07:47:16.3273717Z PASS ellie rejects room array
2026-10-02T07:47:16.3374471Z PASS ellie rejects pet unknown species
2026-10-02T07:47:16.3446199Z PASS ellie rejects pet unknown colour
2026-10-02T07:47:16.3517926Z PASS ellie rejects blank name
2026-10-02T07:47:16.3592275Z PASS ellie rejects invalid needs
2026-10-02T07:47:16.3664697Z PASS ellie rejects bad diary
2026-10-02T07:47:16.3736671Z PASS ellie rejects mail markup shape
2026-10-02T07:47:16.3808658Z PASS ellie rejects invalid quest
2026-10-02T07:47:16.3881593Z PASS ellie rejects bad coins
2026-10-02T07:47:16.3976923Z PASS ellie rejects bad bank
2026-10-02T07:47:16.4050294Z PASS ellie rejects seen string
2026-10-02T07:47:16.4115661Z PASS ellie rejects pet array
2026-10-02T07:47:16.4182041Z PASS ellie rejects bad version
2026-10-02T07:47:16.4256511Z PASS ellie rejects review answer
2026-10-02T07:47:16.4332688Z PASS kieran rejects stats string
2026-10-02T07:47:16.4410091Z PASS kieran rejects fractional house
2026-10-02T07:47:16.4485796Z PASS kieran rejects review null
2026-10-02T07:47:16.4562930Z PASS kieran rejects bag count string
2026-10-02T07:47:16.4666842Z PASS kieran rejects subject stats string
2026-10-02T07:47:16.4742235Z PASS kieran rejects room array
2026-10-02T07:47:16.4815351Z PASS kieran rejects pet unknown species
2026-10-02T07:47:16.4887927Z PASS kieran rejects pet unknown colour
2026-10-02T07:47:16.4961245Z PASS kieran rejects blank name
2026-10-02T07:47:16.5035745Z PASS kieran rejects invalid needs
2026-10-02T07:47:16.5111846Z PASS kieran rejects bad diary
2026-10-02T07:47:16.5185485Z PASS kieran rejects mail markup shape
2026-10-02T07:47:16.5288469Z PASS kieran rejects invalid quest
2026-10-02T07:47:16.5364244Z PASS kieran rejects bad coins
2026-10-02T07:47:16.5440519Z PASS kieran rejects bad bank
2026-10-02T07:47:16.5518396Z PASS kieran rejects seen string
2026-10-02T07:47:16.5585811Z PASS kieran rejects pet array
2026-10-02T07:47:16.5652547Z PASS kieran rejects bad version
2026-10-02T07:47:16.5729216Z PASS kieran rejects review answer
2026-10-02T07:47:16.5808281Z PASS shannon rejects stats string
2026-10-02T07:47:16.5887687Z PASS shannon rejects fractional house
2026-10-02T07:47:16.5994485Z PASS shannon rejects review null
2026-10-02T07:47:16.6071278Z PASS shannon rejects bag count string
2026-10-02T07:47:16.6148881Z PASS shannon rejects subject stats string
2026-10-02T07:47:16.6227825Z PASS shannon rejects room array
2026-10-02T07:47:16.6305707Z PASS shannon rejects pet unknown species
2026-10-02T07:47:16.6383191Z PASS shannon rejects pet unknown colour
2026-10-02T07:47:16.6462094Z PASS shannon rejects blank name
2026-10-02T07:47:16.6538471Z PASS shannon rejects invalid needs
2026-10-02T07:47:16.6649110Z PASS shannon rejects bad diary
2026-10-02T07:47:16.6728157Z PASS shannon rejects mail markup shape
2026-10-02T07:47:16.6809313Z PASS shannon rejects invalid quest
2026-10-02T07:47:16.6888154Z PASS shannon rejects bad coins
2026-10-02T07:47:16.6967218Z PASS shannon rejects bad bank
2026-10-02T07:47:16.7047261Z PASS shannon rejects seen string
2026-10-02T07:47:16.7125726Z PASS shannon rejects pet array
2026-10-02T07:47:16.7194206Z PASS shannon rejects bad version
2026-10-02T07:47:16.7301436Z PASS shannon rejects review answer
2026-10-02T07:47:16.7381890Z PASS tristan rejects stats string
2026-10-02T07:47:16.7462437Z PASS tristan rejects fractional house
2026-10-02T07:47:16.7543016Z PASS tristan rejects review null
2026-10-02T07:47:16.7623338Z PASS tristan rejects bag count string
2026-10-02T07:47:16.7707994Z PASS tristan rejects subject stats string
2026-10-02T07:47:16.7788661Z PASS tristan rejects room array
2026-10-02T07:47:16.7867929Z PASS tristan rejects pet unknown species
2026-10-02T07:47:16.8000584Z PASS tristan rejects pet unknown colour
2026-10-02T07:47:16.8084959Z PASS tristan rejects blank name
2026-10-02T07:47:16.8162468Z PASS tristan rejects invalid needs
2026-10-02T07:47:16.8241986Z PASS tristan rejects bad diary
2026-10-02T07:47:16.8320313Z PASS tristan rejects mail markup shape
2026-10-02T07:47:16.8399911Z PASS tristan rejects invalid quest
2026-10-02T07:47:16.8477789Z PASS tristan rejects bad coins
2026-10-02T07:47:16.8558383Z PASS tristan rejects bad bank
2026-10-02T07:47:16.8638122Z PASS tristan rejects seen string
2026-10-02T07:47:16.8706086Z PASS tristan rejects pet array
2026-10-02T07:47:16.8773397Z PASS tristan rejects bad version
2026-10-02T07:47:16.8871642Z PASS tristan rejects review answer
2026-10-02T07:47:16.8951396Z PASS guest rejects stats string
2026-10-02T07:47:16.9033204Z PASS guest rejects fractional house
2026-10-02T07:47:16.9114415Z PASS guest rejects review null
2026-10-02T07:47:16.9195314Z PASS guest rejects bag count string
2026-10-02T07:47:16.9276835Z PASS guest rejects subject stats string
2026-10-02T07:47:16.9358304Z PASS guest rejects room array
2026-10-02T07:47:16.9462350Z PASS guest rejects pet unknown species
2026-10-02T07:47:16.9543329Z PASS guest rejects pet unknown colour
2026-10-02T07:47:16.9622839Z PASS guest rejects blank name
2026-10-02T07:47:16.9702795Z PASS guest rejects invalid needs
2026-10-02T07:47:16.9782952Z PASS guest rejects bad diary
2026-10-02T07:47:16.9863512Z PASS guest rejects mail markup shape
2026-10-02T07:47:16.9951145Z PASS guest rejects invalid quest
2026-10-02T07:47:17.0034579Z PASS guest rejects bad coins
2026-10-02T07:47:17.0132812Z PASS guest rejects bad bank
2026-10-02T07:47:17.0237967Z PASS guest rejects seen string
2026-10-02T07:47:17.0304647Z PASS guest rejects pet array
2026-10-02T07:47:17.0372729Z PASS guest rejects bad version
2026-10-02T07:47:17.0454050Z PASS guest rejects review answer
2026-10-02T07:47:17.0521867Z PASS invalid JSON
2026-10-02T07:47:17.0586862Z PASS empty family
2026-10-02T07:47:17.0651920Z PASS unknown ID
2026-10-02T07:47:17.0717127Z PASS array profiles
2026-10-02T07:47:17.0784272Z PASS unsupported family version
2026-10-02T07:47:17.0928850Z PASS prepare is detached; all seven profiles retain tier, progress and namespaces
2026-10-02T07:47:17.0995171Z PASS jeannie legacy single-pet normalization
2026-10-02T07:47:17.1063009Z PASS cory legacy single-pet normalization
2026-10-02T07:47:17.1127594Z PASS ellie legacy single-pet normalization
2026-10-02T07:47:17.1192003Z PASS kieran legacy single-pet normalization
2026-10-02T07:47:17.1257127Z PASS shannon legacy single-pet normalization
2026-10-02T07:47:17.1323310Z PASS tristan legacy single-pet normalization
2026-10-02T07:47:17.1388493Z PASS guest legacy single-pet normalization
2026-10-02T07:47:17.1478513Z PASS jeannie failed target write restores all original bytes
2026-10-02T07:47:17.1591212Z PASS cory failed target write restores all original bytes
2026-10-02T07:47:17.1674538Z PASS ellie failed target write restores all original bytes
2026-10-02T07:47:17.1757972Z PASS kieran failed target write restores all original bytes
2026-10-02T07:47:17.1840087Z PASS shannon failed target write restores all original bytes
2026-10-02T07:47:17.1924387Z PASS tristan failed target write restores all original bytes
2026-10-02T07:47:17.2008822Z PASS guest failed target write restores all original bytes
2026-10-02T07:47:17.2089142Z PASS failure at craepets.house.import-recovery.v1
2026-10-02T07:47:17.2195319Z PASS failure at craepets.house.reset.cory
2026-10-02T07:47:17.2276916Z PASS failure at craepets.house.who
2026-10-02T07:47:17.2363585Z PASS size quota rollback frees changed pets before restoring larger old bytes
2026-10-02T07:47:17.2503982Z PASS persistent rollback failure preserves journal, blocks writes and recovers on next boot
2026-10-02T07:47:17.3090988Z PASS full/malformed/foreign-key journals safely refuse imports
2026-10-02T07:47:17.3155224Z PASS pending recovery failure blocks boot auto-copy
2026-10-02T07:47:17.3238678Z PASS pending journal acknowledgment failure refuses import without stale writes
2026-10-02T07:47:17.3387969Z PASS completed journal acknowledgment failure reports uncertainty and pauses stale engine
2026-10-02T07:47:17.3470055Z PASS pending boot preserves exact damaged previous bytes instead of automatic recopy
2026-10-02T07:47:17.3471126Z PASS family restore: 163 production checks; seven profile namespaces, malformed state, exact-byte recovery, real size quota and interrupted recovery.
2026-10-02T07:47:17.3641622Z PASS: craepets-family-restore.cjs (1.4s)
2026-10-02T07:47:17.3642150Z 
2026-10-02T07:47:17.3642718Z --- craepets-family-restore-browser.cjs ---
2026-10-02T07:47:20.8966051Z PASS family restore Chromium Desktop: real file preview/apply, seven profiles, literal text, quota retry, interrupted recovery/reload, original export and isolation.
2026-10-02T07:47:23.5265852Z PASS family restore Chromium iPad: real file preview/apply, seven profiles, literal text, quota retry, interrupted recovery/reload, original export and isolation.
2026-10-02T07:47:26.1003753Z PASS family restore Chromium iPhone: real file preview/apply, seven profiles, literal text, quota retry, interrupted recovery/reload, original export and isolation.
2026-10-02T07:47:26.1982881Z PASS: craepets-family-restore-browser.cjs (8.8s)
2026-10-02T07:47:26.1983375Z 
2026-10-02T07:47:26.1983550Z --- post-office-storage.cjs ---
2026-10-02T07:47:26.2272650Z PASS normal saves and key ordering do not create recovery copies
2026-10-02T07:47:26.2285749Z PASS all six drafts and valid family mail survive mixed damage without read-time writes
2026-10-02T07:47:26.2289227Z PASS invalid letter 0 cannot hide a valid sibling
2026-10-02T07:47:26.2291330Z PASS invalid letter 1 cannot hide a valid sibling
2026-10-02T07:47:26.2293030Z PASS invalid letter 2 cannot hide a valid sibling
2026-10-02T07:47:26.2295334Z PASS invalid letter 3 cannot hide a valid sibling
2026-10-02T07:47:26.2297742Z PASS invalid letter 4 cannot hide a valid sibling
2026-10-02T07:47:26.2299823Z PASS invalid letter 5 cannot hide a valid sibling
2026-10-02T07:47:26.2302280Z PASS invalid letter 6 cannot hide a valid sibling
2026-10-02T07:47:26.2306075Z PASS invalid letter 7 cannot hide a valid sibling
2026-10-02T07:47:26.2308593Z PASS invalid letter 8 cannot hide a valid sibling
2026-10-02T07:47:26.2310450Z PASS invalid letter 9 cannot hide a valid sibling
2026-10-02T07:47:26.2311713Z PASS invalid letter 10 cannot hide a valid sibling
2026-10-02T07:47:26.2312665Z PASS invalid letter 11 cannot hide a valid sibling
2026-10-02T07:47:26.2319981Z PASS invalid letter 12 cannot hide a valid sibling
2026-10-02T07:47:26.2320983Z PASS invalid letter 13 cannot hide a valid sibling
2026-10-02T07:47:26.2321985Z PASS invalid letter 14 cannot hide a valid sibling
2026-10-02T07:47:26.2322816Z PASS invalid letter 15 cannot hide a valid sibling
2026-10-02T07:47:26.2323702Z PASS invalid letter 16 cannot hide a valid sibling
2026-10-02T07:47:26.2324609Z PASS invalid letter 17 cannot hide a valid sibling
2026-10-02T07:47:26.2336420Z PASS invalid letter 18 cannot hide a valid sibling
2026-10-02T07:47:26.2337200Z PASS invalid letter 19 cannot hide a valid sibling
2026-10-02T07:47:26.2337966Z PASS invalid letter 20 cannot hide a valid sibling
2026-10-02T07:47:26.2338685Z PASS invalid letter 21 cannot hide a valid sibling
2026-10-02T07:47:26.2339661Z PASS invalid letter 22 cannot hide a valid sibling
2026-10-02T07:47:26.2340444Z PASS invalid letter 23 cannot hide a valid sibling
2026-10-02T07:47:26.2341264Z PASS invalid letter 24 cannot hide a valid sibling
2026-10-02T07:47:26.2342029Z PASS invalid letter 25 cannot hide a valid sibling
2026-10-02T07:47:26.2342717Z PASS invalid letter 26 cannot hide a valid sibling
2026-10-02T07:47:26.2343738Z PASS invalid letter 27 cannot hide a valid sibling
2026-10-02T07:47:26.2344530Z PASS invalid letter 28 cannot hide a valid sibling
2026-10-02T07:47:26.2345279Z PASS invalid letter 29 cannot hide a valid sibling
2026-10-02T07:47:26.2345976Z PASS invalid letter 30 cannot hide a valid sibling
2026-10-02T07:47:26.2353645Z PASS invalid letter 31 cannot hide a valid sibling
2026-10-02T07:47:26.2354383Z PASS invalid letter 32 cannot hide a valid sibling
2026-10-02T07:47:26.2355069Z PASS invalid letter 33 cannot hide a valid sibling
2026-10-02T07:47:26.2355745Z PASS invalid letter 34 cannot hide a valid sibling
2026-10-02T07:47:26.2356415Z PASS invalid letter 35 cannot hide a valid sibling
2026-10-02T07:47:26.2357284Z PASS malformed draft repair preserves jeannie text and isolates recipients
2026-10-02T07:47:26.2358289Z PASS malformed draft repair preserves cory text and isolates recipients
2026-10-02T07:47:26.2358963Z PASS malformed draft repair preserves ellie text and isolates recipients
2026-10-02T07:47:26.2359853Z PASS malformed draft repair preserves kieran text and isolates recipients
2026-10-02T07:47:26.2360465Z PASS malformed draft repair preserves shannon text and isolates recipients
2026-10-02T07:47:26.2361031Z PASS malformed draft repair preserves tristan text and isolates recipients
2026-10-02T07:47:26.2361556Z PASS bad draft body cannot reach trim and valid siblings survive
2026-10-02T07:47:26.2362201Z PASS old Dad draft migration uses only own known IDs
2026-10-02T07:47:26.2362708Z PASS unusable snapshot stays intact until protected repair: {broken
2026-10-02T07:47:26.2363313Z PASS unusable snapshot stays intact until protected repair: null
2026-10-02T07:47:26.2363862Z PASS unusable snapshot stays intact until protected repair: []
2026-10-02T07:47:26.2364740Z PASS unusable snapshot stays intact until protected repair: 45
2026-10-02T07:47:26.2365636Z PASS unusable snapshot stays intact until protected repair: "broken"
2026-10-02T07:47:26.2367111Z PASS backup quota failure refuses original overwrite and warns
2026-10-02T07:47:26.2368619Z PASS mailbag quota failure retains the already captured damaged bytes
2026-10-02T07:47:26.2374082Z PASS distinct recovery copies are append-only, deduplicated and bounded
2026-10-02T07:47:26.2379048Z PASS damaged recovery storage is never overwritten
2026-10-02T07:47:26.2380830Z PASS duplicate IDs cannot bind readers to multiple letters
2026-10-02T07:47:26.2381538Z Post Office storage regressions: 56 checks passed.
2026-10-02T07:47:26.2416755Z PASS: post-office-storage.cjs (0.0s)
2026-10-02T07:47:26.2417028Z 
2026-10-02T07:47:26.2417217Z --- post-office-storage-browser.cjs ---
2026-10-02T07:47:40.6781881Z ##[error]The operation was canceled.
2026-10-02T07:47:40.6938681Z Post job cleanup.
2026-10-02T07:47:40.7871745Z [command]/usr/bin/git version
2026-10-02T07:47:40.7921687Z git version 2.55.0
2026-10-02T07:47:40.7970376Z Temporarily overriding HOME='/home/runner/work/_temp/5874b82b-b69a-4cd9-b4e9-ca4581ffa211' before making global git config changes
2026-10-02T07:47:40.7972587Z Adding repository directory to the temporary git global config as a safe directory
2026-10-02T07:47:40.7977401Z [command]/usr/bin/git config --global --add safe.directory /home/runner/work/Kid-games/Kid-games
2026-10-02T07:47:40.8024648Z [command]/usr/bin/git config --local --name-only --get-regexp core\.sshCommand
2026-10-02T07:47:40.8064692Z [command]/usr/bin/git submodule foreach --recursive sh -c "git config --local --name-only --get-regexp 'core\.sshCommand' && git config --local --unset-all 'core.sshCommand' || :"
2026-10-02T07:47:40.8343240Z [command]/usr/bin/git config --local --name-only --get-regexp http\.https\:\/\/github\.com\/\.extraheader
2026-10-02T07:47:40.8385211Z http.https://github.com/.extraheader
2026-10-02T07:47:40.8400185Z [command]/usr/bin/git config --local --unset-all http.https://github.com/.extraheader
2026-10-02T07:47:40.8451339Z [command]/usr/bin/git submodule foreach --recursive sh -c "git config --local --name-only --get-regexp 'http\.https\:\/\/github\.com\/\.extraheader' && git config --local --unset-all 'http.https://github.com/.extraheader' || :"
2026-10-02T07:47:40.8750084Z [command]/usr/bin/git config --local --name-only --get-regexp ^includeIf\.gitdir:
2026-10-02T07:47:40.8796894Z [command]/usr/bin/git submodule foreach --recursive git config --local --show-origin --name-only --get-regexp remote.origin.url
2026-10-02T07:47:40.9231834Z Cleaning up orphan processes
2026-10-02T07:47:40.9535694Z Terminate orphan process: pid (3049) (npm run test:regressions)
2026-10-02T07:47:40.9576917Z Terminate orphan process: pid (3060) (sh)
2026-10-02T07:47:40.9602556Z Terminate orphan process: pid (3061) (node)
2026-10-02T07:47:40.9661825Z Terminate orphan process: pid (4121) (node)
2026-10-02T07:47:40.9694663Z Terminate orphan process: pid (4133) (chrome)
2026-10-02T07:47:40.9725000Z Terminate orphan process: pid (4135) (chrome_crashpad_handler)
2026-10-02T07:47:40.9764989Z Terminate orphan process: pid (4137) (chrome_crashpad_handler)
2026-10-02T07:47:40.9905062Z ##[warning]Node.js 20 is deprecated. The following actions target Node.js 20 but are being forced to run on Node.js 24: actions/checkout@v4, actions/setup-node@v4. For more information see: https://github.blog/changelog/2025-09-19-deprecation-of-node-20-on-github-actions-runners/
