2026-10-02T06:02:31.2591024Z Current runner version: '2.337.0'
2026-10-02T06:02:31.2610957Z ##[group]Runner Image Provisioner
2026-10-02T06:02:31.2611862Z Hosted Compute Agent
2026-10-02T06:02:31.2612389Z Version: 20260901.588
2026-10-02T06:02:31.2612923Z Commit: f88ec8081b781fac6c440065ac7ff9e710ce3d0b
2026-10-02T06:02:31.2613508Z Build Date: 2026-09-01T19:56:44Z
2026-10-02T06:02:31.2614094Z Worker ID: {3cc52201-4105-40a7-93ac-8fe3f0ea4a52}
2026-10-02T06:02:31.2614688Z Azure Region: eastus
2026-10-02T06:02:31.2615209Z ##[endgroup]
2026-10-02T06:02:31.2616315Z ##[group]Operating System
2026-10-02T06:02:31.2616812Z Ubuntu
2026-10-02T06:02:31.2617305Z 24.04.5
2026-10-02T06:02:31.2617759Z LTS
2026-10-02T06:02:31.2618166Z ##[endgroup]
2026-10-02T06:02:31.2618682Z ##[group]Runner Image
2026-10-02T06:02:31.2619167Z Image: ubuntu-24.04
2026-10-02T06:02:31.2619686Z Version: 20260927.320.1
2026-10-02T06:02:31.2620748Z Included Software: https://github.com/actions/runner-images/blob/ubuntu24/20260927.320/images/ubuntu/Ubuntu2404-Readme.md
2026-10-02T06:02:31.2622294Z Image Release: https://github.com/actions/runner-images/releases/tag/ubuntu24%2F20260927.320
2026-10-02T06:02:31.2623062Z ##[endgroup]
2026-10-02T06:02:31.2624035Z ##[group]GITHUB_TOKEN Permissions
2026-10-02T06:02:31.2625516Z Contents: read
2026-10-02T06:02:31.2626089Z Metadata: read
2026-10-02T06:02:31.2626577Z ##[endgroup]
2026-10-02T06:02:31.2628265Z Secret source: Actions
2026-10-02T06:02:31.2629042Z Cache mode: write
2026-10-02T06:02:31.2629626Z Prepare workflow directory
2026-10-02T06:02:31.2935043Z Prepare all required actions
2026-10-02T06:02:31.2973068Z Getting action download info
2026-10-02T06:02:31.4938797Z Download action repository 'actions/checkout@v4' (SHA:11d5960a326750d5838078e36cf38b85af677262)
2026-10-02T06:02:31.6677754Z Download action repository 'actions/setup-node@v4' (SHA:49933ea5288caeca8642d1e84afbd3f7d6820020)
2026-10-02T06:02:31.8473213Z Complete job name: regressions
2026-10-02T06:02:31.9074020Z ##[group]Run actions/checkout@v4
2026-10-02T06:02:31.9074663Z with:
2026-10-02T06:02:31.9075041Z   repository: trimcrae/Kid-games
2026-10-02T06:02:31.9077974Z   token: ***
2026-10-02T06:02:31.9078326Z   ssh-strict: true
2026-10-02T06:02:31.9078672Z   ssh-user: git
2026-10-02T06:02:31.9079021Z   persist-credentials: true
2026-10-02T06:02:31.9079404Z   clean: true
2026-10-02T06:02:31.9079755Z   sparse-checkout-cone-mode: true
2026-10-02T06:02:31.9080160Z   fetch-depth: 1
2026-10-02T06:02:31.9080498Z   fetch-tags: false
2026-10-02T06:02:31.9080843Z   show-progress: true
2026-10-02T06:02:31.9081398Z   lfs: false
2026-10-02T06:02:31.9081725Z   submodules: false
2026-10-02T06:02:31.9082077Z   set-safe-directory: true
2026-10-02T06:02:31.9082480Z   allow-unsafe-pr-checkout: false
2026-10-02T06:02:31.9083064Z ##[endgroup]
2026-10-02T06:02:31.9935199Z Syncing repository: trimcrae/Kid-games
2026-10-02T06:02:31.9936637Z ##[group]Getting Git version info
2026-10-02T06:02:31.9937277Z Working directory is '/home/runner/work/Kid-games/Kid-games'
2026-10-02T06:02:31.9938118Z [command]/usr/bin/git version
2026-10-02T06:02:32.0001843Z git version 2.55.0
2026-10-02T06:02:32.0016720Z ##[endgroup]
2026-10-02T06:02:32.0035652Z Temporarily overriding HOME='/home/runner/work/_temp/be9b92a2-acea-41f7-90a8-c929441b7fed' before making global git config changes
2026-10-02T06:02:32.0037895Z Adding repository directory to the temporary git global config as a safe directory
2026-10-02T06:02:32.0039843Z [command]/usr/bin/git config --global --add safe.directory /home/runner/work/Kid-games/Kid-games
2026-10-02T06:02:32.0076585Z Deleting the contents of '/home/runner/work/Kid-games/Kid-games'
2026-10-02T06:02:32.0080781Z ##[group]Initializing the repository
2026-10-02T06:02:32.0084731Z [command]/usr/bin/git init /home/runner/work/Kid-games/Kid-games
2026-10-02T06:02:32.0172564Z hint: Using 'master' as the name for the initial branch. This default branch name
2026-10-02T06:02:32.0174025Z hint: will change to "main" in Git 3.0. To configure the initial branch name
2026-10-02T06:02:32.0175172Z hint: to use in all of your new repositories, which will suppress this warning,
2026-10-02T06:02:32.0176250Z hint: call:
2026-10-02T06:02:32.0176660Z hint:
2026-10-02T06:02:32.0177169Z hint: 	git config --global init.defaultBranch <name>
2026-10-02T06:02:32.0177743Z hint:
2026-10-02T06:02:32.0178280Z hint: Names commonly chosen instead of 'master' are 'main', 'trunk' and
2026-10-02T06:02:32.0179084Z hint: 'development'. The just-created branch can be renamed via this command:
2026-10-02T06:02:32.0179733Z hint:
2026-10-02T06:02:32.0180227Z hint: 	git branch -m <name>
2026-10-02T06:02:32.0181564Z hint:
2026-10-02T06:02:32.0182430Z hint: Disable this message with "git config set advice.defaultBranchName false"
2026-10-02T06:02:32.0183643Z Initialized empty Git repository in /home/runner/work/Kid-games/Kid-games/.git/
2026-10-02T06:02:32.0185658Z [command]/usr/bin/git remote add origin https://github.com/trimcrae/Kid-games
2026-10-02T06:02:32.0225063Z ##[endgroup]
2026-10-02T06:02:32.0226131Z ##[group]Disabling automatic garbage collection
2026-10-02T06:02:32.0228416Z [command]/usr/bin/git config --local gc.auto 0
2026-10-02T06:02:32.0255375Z ##[endgroup]
2026-10-02T06:02:32.0256094Z ##[group]Setting up auth
2026-10-02T06:02:32.0268001Z [command]/usr/bin/git config --local --name-only --get-regexp core\.sshCommand
2026-10-02T06:02:32.0288775Z [command]/usr/bin/git submodule foreach --recursive sh -c "git config --local --name-only --get-regexp 'core\.sshCommand' && git config --local --unset-all 'core.sshCommand' || :"
2026-10-02T06:02:32.0958195Z [command]/usr/bin/git config --local --name-only --get-regexp http\.https\:\/\/github\.com\/\.extraheader
2026-10-02T06:02:32.0990868Z [command]/usr/bin/git submodule foreach --recursive sh -c "git config --local --name-only --get-regexp 'http\.https\:\/\/github\.com\/\.extraheader' && git config --local --unset-all 'http.https://github.com/.extraheader' || :"
2026-10-02T06:02:32.1182462Z [command]/usr/bin/git config --local --name-only --get-regexp ^includeIf\.gitdir:
2026-10-02T06:02:32.1213911Z [command]/usr/bin/git submodule foreach --recursive git config --local --show-origin --name-only --get-regexp remote.origin.url
2026-10-02T06:02:32.1402961Z [command]/usr/bin/git config --local http.https://github.com/.extraheader AUTHORIZATION: basic ***
2026-10-02T06:02:32.1438896Z ##[endgroup]
2026-10-02T06:02:32.1439873Z ##[group]Fetching the repository
2026-10-02T06:02:32.1447875Z [command]/usr/bin/git -c protocol.version=2 fetch --no-tags --prune --no-recurse-submodules --depth=1 origin +f2f1e19f53a60c205496dbb2c8b8d12012835bcc:refs/remotes/pull/7/merge
2026-10-02T06:02:43.9144113Z From https://github.com/trimcrae/Kid-games
2026-10-02T06:02:43.9144707Z  * [new ref]         f2f1e19f53a60c205496dbb2c8b8d12012835bcc -> pull/7/merge
2026-10-02T06:02:43.9147238Z ##[endgroup]
2026-10-02T06:02:43.9147857Z ##[group]Determining the checkout info
2026-10-02T06:02:43.9152225Z ##[endgroup]
2026-10-02T06:02:43.9155341Z [command]/usr/bin/git sparse-checkout disable
2026-10-02T06:02:43.9206188Z [command]/usr/bin/git config --local --unset-all extensions.worktreeConfig
2026-10-02T06:02:43.9240410Z ##[group]Checking out the ref
2026-10-02T06:02:43.9243756Z [command]/usr/bin/git checkout --progress --force refs/remotes/pull/7/merge
2026-10-02T06:02:44.6418221Z Note: switching to 'refs/remotes/pull/7/merge'.
2026-10-02T06:02:44.6419034Z 
2026-10-02T06:02:44.6419333Z You are in 'detached HEAD' state. You can look around, make experimental
2026-10-02T06:02:44.6420015Z changes and commit them, and you can discard any commits you make in this
2026-10-02T06:02:44.6420677Z state without impacting any branches by switching back to a branch.
2026-10-02T06:02:44.6421084Z 
2026-10-02T06:02:44.6422923Z If you want to create a new branch to retain commits you create, you may
2026-10-02T06:02:44.6423566Z do so (now or later) by using -c with the switch command. Example:
2026-10-02T06:02:44.6423932Z 
2026-10-02T06:02:44.6424178Z   git switch -c <new-branch-name>
2026-10-02T06:02:44.6424423Z 
2026-10-02T06:02:44.6424601Z Or undo this operation with:
2026-10-02T06:02:44.6425163Z 
2026-10-02T06:02:44.6425299Z   git switch -
2026-10-02T06:02:44.6425492Z 
2026-10-02T06:02:44.6425812Z Turn off this advice by setting config variable advice.detachedHead to false
2026-10-02T06:02:44.6426220Z 
2026-10-02T06:02:44.6426675Z HEAD is now at f2f1e19 Merge 5123281553c335250bd8952f4da757353b7273e1 into 8c59ec949b67681aa976f1dd9de03312b847c044
2026-10-02T06:02:44.6474328Z ##[endgroup]
2026-10-02T06:02:44.6516072Z [command]/usr/bin/git log -1 --format=%H
2026-10-02T06:02:44.6542057Z f2f1e19f53a60c205496dbb2c8b8d12012835bcc
2026-10-02T06:02:44.6768932Z ##[group]Run actions/setup-node@v4
2026-10-02T06:02:44.6769271Z with:
2026-10-02T06:02:44.6769495Z   node-version: 22
2026-10-02T06:02:44.6829228Z   always-auth: false
2026-10-02T06:02:44.6829525Z   check-latest: false
2026-10-02T06:02:44.6831826Z   token: ***
2026-10-02T06:02:44.6832049Z ##[endgroup]
2026-10-02T06:02:44.7979468Z Found in cache @ /opt/hostedtoolcache/node/22.23.3/x64
2026-10-02T06:02:44.7983757Z (node:2080) [DEP0040] DeprecationWarning: The `punycode` module is deprecated. Please use a userland alternative instead.
2026-10-02T06:02:44.7984530Z (Use `node --trace-deprecation ...` to show where the warning was created)
2026-10-02T06:02:44.7985890Z ##[group]Environment details
2026-10-02T06:02:45.1240307Z node: v22.23.3
2026-10-02T06:02:45.1240842Z npm: 10.9.9
2026-10-02T06:02:45.1241581Z yarn: 1.22.22
2026-10-02T06:02:45.1242423Z ##[endgroup]
2026-10-02T06:02:45.1359861Z ##[group]Run npm install --no-package-lock --no-audit --no-fund
2026-10-02T06:02:45.1360315Z [36;1mnpm install --no-package-lock --no-audit --no-fund[0m
2026-10-02T06:02:45.1582779Z shell: /usr/bin/bash -e {0}
2026-10-02T06:02:45.1583034Z ##[endgroup]
2026-10-02T06:02:46.4741850Z 
2026-10-02T06:02:46.4747838Z added 1 package in 1s
2026-10-02T06:02:46.5116364Z ##[group]Run node node_modules/playwright-core/cli.js install --with-deps --no-shell chromium
2026-10-02T06:02:46.5116934Z [36;1mnode node_modules/playwright-core/cli.js install --with-deps --no-shell chromium[0m
2026-10-02T06:02:46.5175612Z shell: /usr/bin/bash -e {0}
2026-10-02T06:02:46.5175855Z ##[endgroup]
2026-10-02T06:02:46.7786501Z Installing dependencies...
2026-10-02T06:02:46.7866275Z Switching to root user to install dependencies...
2026-10-02T06:02:46.9122807Z Get:1 file:/etc/apt/apt-mirrors.txt Mirrorlist [144 B]
2026-10-02T06:02:46.9257264Z Get:6 https://packages.microsoft.com/ubuntu/24.04/prod noble InRelease [3600 B]
2026-10-02T06:02:47.0352457Z Hit:2 http://azure.archive.ubuntu.com/ubuntu noble InRelease
2026-10-02T06:02:47.0359819Z Get:3 http://azure.archive.ubuntu.com/ubuntu noble-updates InRelease [126 kB]
2026-10-02T06:02:47.0378959Z Get:4 http://azure.archive.ubuntu.com/ubuntu noble-backports InRelease [126 kB]
2026-10-02T06:02:47.0393271Z Get:5 http://azure.archive.ubuntu.com/ubuntu noble-security InRelease [126 kB]
2026-10-02T06:02:47.0770376Z Get:7 https://packages.microsoft.com/ubuntu/24.04/prod noble/main arm64 Packages [458 kB]
2026-10-02T06:02:47.0936402Z Get:8 https://packages.microsoft.com/ubuntu/24.04/prod noble/main amd64 Packages [510 kB]
2026-10-02T06:02:47.0994828Z Get:9 https://packages.microsoft.com/ubuntu/24.04/prod noble/main armhf Packages [12.6 kB]
2026-10-02T06:02:47.1714598Z Get:10 http://azure.archive.ubuntu.com/ubuntu noble-updates/main amd64 Packages [1364 kB]
2026-10-02T06:02:47.1771290Z Get:11 http://azure.archive.ubuntu.com/ubuntu noble-updates/main Translation-en [304 kB]
2026-10-02T06:02:47.1788157Z Get:12 http://azure.archive.ubuntu.com/ubuntu noble-updates/main amd64 Components [181 kB]
2026-10-02T06:02:47.1800783Z Get:13 http://azure.archive.ubuntu.com/ubuntu noble-updates/universe amd64 Packages [1699 kB]
2026-10-02T06:02:47.1869763Z Get:14 http://azure.archive.ubuntu.com/ubuntu noble-updates/universe Translation-en [341 kB]
2026-10-02T06:02:47.1887819Z Get:15 http://azure.archive.ubuntu.com/ubuntu noble-updates/universe amd64 Components [388 kB]
2026-10-02T06:02:47.1909818Z Get:16 http://azure.archive.ubuntu.com/ubuntu noble-updates/restricted amd64 Packages [1720 kB]
2026-10-02T06:02:47.1978653Z Get:17 http://azure.archive.ubuntu.com/ubuntu noble-updates/restricted Translation-en [394 kB]
2026-10-02T06:02:47.1999387Z Get:18 http://azure.archive.ubuntu.com/ubuntu noble-updates/multiverse amd64 Components [940 B]
2026-10-02T06:02:47.2213820Z Get:19 http://azure.archive.ubuntu.com/ubuntu noble-backports/main amd64 Components [5760 B]
2026-10-02T06:02:47.2692693Z Get:20 http://azure.archive.ubuntu.com/ubuntu noble-backports/universe amd64 Components [12.6 kB]
2026-10-02T06:02:47.2713936Z Get:21 http://azure.archive.ubuntu.com/ubuntu noble-security/main amd64 Packages [1069 kB]
2026-10-02T06:02:47.2750787Z Get:22 http://azure.archive.ubuntu.com/ubuntu noble-security/main Translation-en [221 kB]
2026-10-02T06:02:47.2774244Z Get:23 http://azure.archive.ubuntu.com/ubuntu noble-security/main amd64 Components [46.4 kB]
2026-10-02T06:02:47.2783012Z Get:24 http://azure.archive.ubuntu.com/ubuntu noble-security/universe amd64 Packages [1216 kB]
2026-10-02T06:02:47.3066879Z Get:25 http://azure.archive.ubuntu.com/ubuntu noble-security/universe Translation-en [244 kB]
2026-10-02T06:02:47.3118072Z Get:26 http://azure.archive.ubuntu.com/ubuntu noble-security/universe amd64 Components [76.3 kB]
2026-10-02T06:02:47.3119134Z Get:27 http://azure.archive.ubuntu.com/ubuntu noble-security/restricted amd64 Packages [1566 kB]
2026-10-02T06:02:47.3344675Z Get:28 http://azure.archive.ubuntu.com/ubuntu noble-security/restricted Translation-en [361 kB]
2026-10-02T06:02:56.5324458Z Fetched 12.6 MB in 1s (10.2 MB/s)
2026-10-02T06:02:57.2169106Z Reading package lists...
2026-10-02T06:02:57.2380241Z Reading package lists...
2026-10-02T06:02:57.4186153Z Building dependency tree...
2026-10-02T06:02:57.4192632Z Reading state information...
2026-10-02T06:02:57.5568900Z libasound2t64 is already the newest version (1.2.11-1ubuntu0.3).
2026-10-02T06:02:57.5569530Z libasound2t64 set to manually installed.
2026-10-02T06:02:57.5570077Z libatk-bridge2.0-0t64 is already the newest version (2.52.0-1build1).
2026-10-02T06:02:57.5570824Z libatk-bridge2.0-0t64 set to manually installed.
2026-10-02T06:02:57.5571504Z libatk1.0-0t64 is already the newest version (2.52.0-1build1).
2026-10-02T06:02:57.5571980Z libatk1.0-0t64 set to manually installed.
2026-10-02T06:02:57.5572458Z libatspi2.0-0t64 is already the newest version (2.52.0-1build1).
2026-10-02T06:02:57.5572939Z libatspi2.0-0t64 set to manually installed.
2026-10-02T06:02:57.5573391Z libcairo2 is already the newest version (1.18.0-3build1).
2026-10-02T06:02:57.5573818Z libcairo2 set to manually installed.
2026-10-02T06:02:57.5574303Z libcups2t64 is already the newest version (2.4.7-1.2ubuntu7.14).
2026-10-02T06:02:57.5574766Z libcups2t64 set to manually installed.
2026-10-02T06:02:57.5575246Z libdbus-1-3 is already the newest version (1.14.10-4ubuntu4.1).
2026-10-02T06:02:57.5575719Z libdbus-1-3 set to manually installed.
2026-10-02T06:02:57.5576205Z libdrm2 is already the newest version (2.4.125-1ubuntu0.1~24.04.2).
2026-10-02T06:02:57.5576689Z libdrm2 set to manually installed.
2026-10-02T06:02:57.5577147Z libglib2.0-0t64 is already the newest version (2.80.0-6ubuntu3.9).
2026-10-02T06:02:57.5577619Z libglib2.0-0t64 set to manually installed.
2026-10-02T06:02:57.5578098Z libnspr4 is already the newest version (2:4.35-1.1build1).
2026-10-02T06:02:57.5578532Z libnspr4 set to manually installed.
2026-10-02T06:02:57.5578969Z libnss3 is already the newest version (2:3.98-1ubuntu0.2).
2026-10-02T06:02:57.5579395Z libnss3 set to manually installed.
2026-10-02T06:02:57.5579918Z libpango-1.0-0 is already the newest version (1.52.1+ds-1build1).
2026-10-02T06:02:57.5580444Z libpango-1.0-0 set to manually installed.
2026-10-02T06:02:57.5580978Z libx11-6 is already the newest version (2:1.8.7-1build1).
2026-10-02T06:02:57.5581570Z libx11-6 set to manually installed.
2026-10-02T06:02:57.5582027Z libxcb1 is already the newest version (1.15-1ubuntu2).
2026-10-02T06:02:57.5582478Z libxcb1 set to manually installed.
2026-10-02T06:02:57.5582994Z libxcomposite1 is already the newest version (1:0.4.5-1build3).
2026-10-02T06:02:57.5583760Z libxcomposite1 set to manually installed.
2026-10-02T06:02:57.5584255Z libxdamage1 is already the newest version (1:1.1.6-1build1).
2026-10-02T06:02:57.5584729Z libxdamage1 set to manually installed.
2026-10-02T06:02:57.5585171Z libxext6 is already the newest version (2:1.3.4-1build2).
2026-10-02T06:02:57.5585589Z libxext6 set to manually installed.
2026-10-02T06:02:57.5586028Z libxfixes3 is already the newest version (1:6.0.0-2build1).
2026-10-02T06:02:57.5586466Z libxfixes3 set to manually installed.
2026-10-02T06:02:57.5586963Z libxkbcommon0 is already the newest version (1.6.0-1build1).
2026-10-02T06:02:57.5587420Z libxkbcommon0 set to manually installed.
2026-10-02T06:02:57.5587877Z libxrandr2 is already the newest version (2:1.5.2-2build1).
2026-10-02T06:02:57.5588296Z libxrandr2 set to manually installed.
2026-10-02T06:02:57.5588707Z xvfb is already the newest version (2:21.1.12-1ubuntu1.8).
2026-10-02T06:02:57.5589133Z fonts-noto-color-emoji is already the newest version (2.047-0ubuntu0.24.04.1).
2026-10-02T06:02:57.5589569Z libfontconfig1 is already the newest version (2.15.0-1.1ubuntu2).
2026-10-02T06:02:57.5589897Z libfontconfig1 set to manually installed.
2026-10-02T06:02:57.5590381Z libfreetype6 is already the newest version (2.13.2+dfsg-1ubuntu0.1).
2026-10-02T06:02:57.5590747Z libfreetype6 set to manually installed.
2026-10-02T06:02:57.5591075Z fonts-liberation is already the newest version (1:2.1.5-3).
2026-10-02T06:02:57.5591562Z fonts-liberation set to manually installed.
2026-10-02T06:02:57.5591882Z The following additional packages will be installed:
2026-10-02T06:02:57.5592350Z   libgl1-mesa-dri libglx-mesa0 libwayland-server0 mesa-libgallium
2026-10-02T06:02:57.5592666Z   xfonts-encodings xfonts-utils
2026-10-02T06:02:57.5593068Z Recommended packages:
2026-10-02T06:02:57.5593300Z   fonts-ipafont-mincho fonts-tlwg-loma
2026-10-02T06:02:57.5795128Z The following NEW packages will be installed:
2026-10-02T06:02:57.5795912Z   fonts-freefont-ttf fonts-ipafont-gothic fonts-tlwg-loma-otf fonts-unifont
2026-10-02T06:02:57.5803868Z   fonts-wqy-zenhei libwayland-server0 xfonts-cyrillic xfonts-encodings
2026-10-02T06:02:57.5804476Z   xfonts-scalable xfonts-utils
2026-10-02T06:02:57.5806386Z The following packages will be upgraded:
2026-10-02T06:02:57.5810168Z   libgbm1 libgl1-mesa-dri libglx-mesa0 mesa-libgallium
2026-10-02T06:02:57.5953923Z 4 upgraded, 10 newly installed, 0 to remove and 21 not upgraded.
2026-10-02T06:02:57.5954457Z Need to get 32.1 MB of archives.
2026-10-02T06:02:57.5955001Z After this operation, 79.7 MB of additional disk space will be used.
2026-10-02T06:02:57.5955616Z Get:1 file:/etc/apt/apt-mirrors.txt Mirrorlist [144 B]
2026-10-02T06:02:57.7127852Z Get:2 http://azure.archive.ubuntu.com/ubuntu noble/universe amd64 fonts-ipafont-gothic all 00303-21ubuntu1 [3513 kB]
2026-10-02T06:02:58.0215752Z Get:3 http://azure.archive.ubuntu.com/ubuntu noble/main amd64 fonts-freefont-ttf all 20211204+svn4273-2 [5641 kB]
2026-10-02T06:02:58.3268909Z Get:4 http://azure.archive.ubuntu.com/ubuntu noble/universe amd64 fonts-tlwg-loma-otf all 1:0.7.3-1 [107 kB]
2026-10-02T06:02:58.4362615Z Get:5 http://azure.archive.ubuntu.com/ubuntu noble/universe amd64 fonts-unifont all 1:15.1.01-1build1 [2993 kB]
2026-10-02T06:02:58.6532089Z Get:6 http://azure.archive.ubuntu.com/ubuntu noble/universe amd64 fonts-wqy-zenhei all 0.9.45-8 [7472 kB]
2026-10-02T06:02:59.0506648Z Get:7 http://azure.archive.ubuntu.com/ubuntu noble-updates/main amd64 libgl1-mesa-dri amd64 25.2.8-0ubuntu0.24.04.3 [37.9 kB]
2026-10-02T06:02:59.1558239Z Get:8 http://azure.archive.ubuntu.com/ubuntu noble/main amd64 libwayland-server0 amd64 1.22.0-2.1build1 [33.9 kB]
2026-10-02T06:02:59.2599052Z Get:9 http://azure.archive.ubuntu.com/ubuntu noble-updates/main amd64 libglx-mesa0 amd64 25.2.8-0ubuntu0.24.04.3 [110 kB]
2026-10-02T06:02:59.3672909Z Get:10 http://azure.archive.ubuntu.com/ubuntu noble-updates/main amd64 libgbm1 amd64 25.2.8-0ubuntu0.24.04.3 [34.3 kB]
2026-10-02T06:02:59.4712061Z Get:11 http://azure.archive.ubuntu.com/ubuntu noble-updates/main amd64 mesa-libgallium amd64 25.2.8-0ubuntu0.24.04.3 [10.8 MB]
2026-10-02T06:02:59.9266299Z Get:12 http://azure.archive.ubuntu.com/ubuntu noble/main amd64 xfonts-encodings all 1:1.0.5-0ubuntu2 [578 kB]
2026-10-02T06:03:00.0469416Z Get:13 http://azure.archive.ubuntu.com/ubuntu noble/main amd64 xfonts-utils amd64 1:7.7+6build3 [94.4 kB]
2026-10-02T06:03:00.1530058Z Get:14 http://azure.archive.ubuntu.com/ubuntu noble/universe amd64 xfonts-cyrillic all 1:1.0.5+nmu1 [384 kB]
2026-10-02T06:03:00.2676743Z Get:15 http://azure.archive.ubuntu.com/ubuntu noble/main amd64 xfonts-scalable all 1:1.0.3-1.3 [304 kB]
2026-10-02T06:03:00.5951371Z Fetched 32.1 MB in 3s (11.9 MB/s)
2026-10-02T06:03:00.6444345Z Selecting previously unselected package fonts-ipafont-gothic.
2026-10-02T06:03:00.6897226Z (Reading database ... 
2026-10-02T06:03:00.6897633Z (Reading database ... 5%
2026-10-02T06:03:00.6897973Z (Reading database ... 10%
2026-10-02T06:03:00.6898316Z (Reading database ... 15%
2026-10-02T06:03:00.6898614Z (Reading database ... 20%
2026-10-02T06:03:00.6898908Z (Reading database ... 25%
2026-10-02T06:03:00.6899191Z (Reading database ... 30%
2026-10-02T06:03:00.6899481Z (Reading database ... 35%
2026-10-02T06:03:00.6899777Z (Reading database ... 40%
2026-10-02T06:03:00.6900073Z (Reading database ... 45%
2026-10-02T06:03:00.6900668Z (Reading database ... 50%
2026-10-02T06:03:00.6934668Z (Reading database ... 55%
2026-10-02T06:03:00.7836229Z (Reading database ... 60%
2026-10-02T06:03:01.0311047Z (Reading database ... 65%
2026-10-02T06:03:01.2810813Z (Reading database ... 70%
2026-10-02T06:03:01.4768931Z (Reading database ... 75%
2026-10-02T06:03:01.6837718Z (Reading database ... 80%
2026-10-02T06:03:01.9372014Z (Reading database ... 85%
2026-10-02T06:03:02.3818105Z (Reading database ... 90%
2026-10-02T06:03:02.6781492Z (Reading database ... 95%
2026-10-02T06:03:02.6781799Z (Reading database ... 100%
2026-10-02T06:03:02.6782150Z (Reading database ... 202296 files and directories currently installed.)
2026-10-02T06:03:02.6823302Z Preparing to unpack .../00-fonts-ipafont-gothic_00303-21ubuntu1_all.deb ...
2026-10-02T06:03:02.8554416Z Unpacking fonts-ipafont-gothic (00303-21ubuntu1) ...
2026-10-02T06:03:03.1103859Z Selecting previously unselected package fonts-freefont-ttf.
2026-10-02T06:03:03.1224263Z Preparing to unpack .../01-fonts-freefont-ttf_20211204+svn4273-2_all.deb ...
2026-10-02T06:03:03.1231248Z Unpacking fonts-freefont-ttf (20211204+svn4273-2) ...
2026-10-02T06:03:03.4445288Z Selecting previously unselected package fonts-tlwg-loma-otf.
2026-10-02T06:03:03.4555611Z Preparing to unpack .../02-fonts-tlwg-loma-otf_1%3a0.7.3-1_all.deb ...
2026-10-02T06:03:03.4562567Z Unpacking fonts-tlwg-loma-otf (1:0.7.3-1) ...
2026-10-02T06:03:03.4740197Z Selecting previously unselected package fonts-unifont.
2026-10-02T06:03:03.4849611Z Preparing to unpack .../03-fonts-unifont_1%3a15.1.01-1build1_all.deb ...
2026-10-02T06:03:03.4856851Z Unpacking fonts-unifont (1:15.1.01-1build1) ...
2026-10-02T06:03:03.6649908Z Selecting previously unselected package fonts-wqy-zenhei.
2026-10-02T06:03:03.6761573Z Preparing to unpack .../04-fonts-wqy-zenhei_0.9.45-8_all.deb ...
2026-10-02T06:03:03.6846037Z Unpacking fonts-wqy-zenhei (0.9.45-8) ...
2026-10-02T06:03:04.2037690Z Preparing to unpack .../05-libgl1-mesa-dri_25.2.8-0ubuntu0.24.04.3_amd64.deb ...
2026-10-02T06:03:04.2167206Z Unpacking libgl1-mesa-dri:amd64 (25.2.8-0ubuntu0.24.04.3) over (25.2.8-0ubuntu0.24.04.2) ...
2026-10-02T06:03:04.4345875Z Selecting previously unselected package libwayland-server0:amd64.
2026-10-02T06:03:04.4459725Z Preparing to unpack .../06-libwayland-server0_1.22.0-2.1build1_amd64.deb ...
2026-10-02T06:03:04.4475265Z Unpacking libwayland-server0:amd64 (1.22.0-2.1build1) ...
2026-10-02T06:03:04.6374580Z Preparing to unpack .../07-libglx-mesa0_25.2.8-0ubuntu0.24.04.3_amd64.deb ...
2026-10-02T06:03:04.6394711Z Unpacking libglx-mesa0:amd64 (25.2.8-0ubuntu0.24.04.3) over (25.2.8-0ubuntu0.24.04.2) ...
2026-10-02T06:03:04.6727663Z Preparing to unpack .../08-libgbm1_25.2.8-0ubuntu0.24.04.3_amd64.deb ...
2026-10-02T06:03:04.6749351Z Unpacking libgbm1:amd64 (25.2.8-0ubuntu0.24.04.3) over (25.2.8-0ubuntu0.24.04.2) ...
2026-10-02T06:03:04.7084472Z Preparing to unpack .../09-mesa-libgallium_25.2.8-0ubuntu0.24.04.3_amd64.deb ...
2026-10-02T06:03:04.9946504Z Unpacking mesa-libgallium:amd64 (25.2.8-0ubuntu0.24.04.3) over (25.2.8-0ubuntu0.24.04.2) ...
2026-10-02T06:03:05.3488019Z Selecting previously unselected package xfonts-encodings.
2026-10-02T06:03:05.3598521Z Preparing to unpack .../10-xfonts-encodings_1%3a1.0.5-0ubuntu2_all.deb ...
2026-10-02T06:03:05.3606483Z Unpacking xfonts-encodings (1:1.0.5-0ubuntu2) ...
2026-10-02T06:03:05.4089803Z Selecting previously unselected package xfonts-utils.
2026-10-02T06:03:05.4201061Z Preparing to unpack .../11-xfonts-utils_1%3a7.7+6build3_amd64.deb ...
2026-10-02T06:03:05.4207482Z Unpacking xfonts-utils (1:7.7+6build3) ...
2026-10-02T06:03:05.6164027Z Selecting previously unselected package xfonts-cyrillic.
2026-10-02T06:03:05.6274915Z Preparing to unpack .../12-xfonts-cyrillic_1%3a1.0.5+nmu1_all.deb ...
2026-10-02T06:03:05.6281746Z Unpacking xfonts-cyrillic (1:1.0.5+nmu1) ...
2026-10-02T06:03:05.8316160Z Selecting previously unselected package xfonts-scalable.
2026-10-02T06:03:05.8428017Z Preparing to unpack .../13-xfonts-scalable_1%3a1.0.3-1.3_all.deb ...
2026-10-02T06:03:05.8442927Z Unpacking xfonts-scalable (1:1.0.3-1.3) ...
2026-10-02T06:03:05.9040548Z Setting up libwayland-server0:amd64 (1.22.0-2.1build1) ...
2026-10-02T06:03:05.9124931Z Setting up mesa-libgallium:amd64 (25.2.8-0ubuntu0.24.04.3) ...
2026-10-02T06:03:05.9141792Z Setting up libgbm1:amd64 (25.2.8-0ubuntu0.24.04.3) ...
2026-10-02T06:03:05.9159162Z Setting up libgl1-mesa-dri:amd64 (25.2.8-0ubuntu0.24.04.3) ...
2026-10-02T06:03:05.9223112Z Setting up fonts-wqy-zenhei (0.9.45-8) ...
2026-10-02T06:03:05.9324582Z Setting up fonts-freefont-ttf (20211204+svn4273-2) ...
2026-10-02T06:03:05.9342508Z Setting up fonts-tlwg-loma-otf (1:0.7.3-1) ...
2026-10-02T06:03:05.9361396Z Setting up xfonts-encodings (1:1.0.5-0ubuntu2) ...
2026-10-02T06:03:05.9377042Z Setting up fonts-ipafont-gothic (00303-21ubuntu1) ...
2026-10-02T06:03:05.9441395Z update-alternatives: using /usr/share/fonts/opentype/ipafont-gothic/ipag.ttf to provide /usr/share/fonts/truetype/fonts-japanese-gothic.ttf (fonts-japanese-gothic.ttf) in auto mode
2026-10-02T06:03:05.9455059Z Setting up fonts-unifont (1:15.1.01-1build1) ...
2026-10-02T06:03:05.9568356Z Setting up libglx-mesa0:amd64 (25.2.8-0ubuntu0.24.04.3) ...
2026-10-02T06:03:05.9702988Z Setting up xfonts-utils (1:7.7+6build3) ...
2026-10-02T06:03:05.9740693Z Setting up xfonts-cyrillic (1:1.0.5+nmu1) ...
2026-10-02T06:03:05.9981778Z Setting up xfonts-scalable (1:1.0.3-1.3) ...
2026-10-02T06:03:06.0212701Z Processing triggers for libc-bin (2.39-0ubuntu8.9) ...
2026-10-02T06:03:06.3624382Z Processing triggers for man-db (2.12.0-4build2) ...
2026-10-02T06:03:06.3642603Z Not building database; man-db/auto-update is not 'true'.
2026-10-02T06:03:06.3830783Z Processing triggers for fontconfig (2.15.0-1.1ubuntu2) ...
2026-10-02T06:03:06.9996584Z 
2026-10-02T06:03:06.9997148Z Running kernel seems to be up-to-date.
2026-10-02T06:03:06.9997467Z 
2026-10-02T06:03:06.9997616Z No services need to be restarted.
2026-10-02T06:03:06.9997772Z 
2026-10-02T06:03:06.9997895Z No containers need to be restarted.
2026-10-02T06:03:06.9998055Z 
2026-10-02T06:03:06.9998200Z No user sessions are running outdated binaries.
2026-10-02T06:03:06.9998374Z 
2026-10-02T06:03:06.9998604Z No VM guests are running outdated hypervisor (qemu) binaries on this host.
2026-10-02T06:03:07.9025465Z Downloading Chrome for Testing 153.0.8010.12 (playwright chromium v1243) from https://cdn.playwright.dev/builds/cft/153.0.8010.12/linux64/chrome-linux64.zip
2026-10-02T06:03:08.2266726Z |                                                                                |   0% of 186.8 MiB
2026-10-02T06:03:08.3838798Z |■■■■■■■■                                                                        |  10% of 186.8 MiB
2026-10-02T06:03:08.4720921Z |■■■■■■■■■■■■■■■■                                                                |  20% of 186.8 MiB
2026-10-02T06:03:08.5316632Z |■■■■■■■■■■■■■■■■■■■■■■■■                                                        |  30% of 186.8 MiB
2026-10-02T06:03:08.5921584Z |■■■■■■■■■■■■■■■■■■■■■■■■■■■■■■■■                                                |  40% of 186.8 MiB
2026-10-02T06:03:08.6563103Z |■■■■■■■■■■■■■■■■■■■■■■■■■■■■■■■■■■■■■■■■                                        |  50% of 186.8 MiB
2026-10-02T06:03:08.7095860Z |■■■■■■■■■■■■■■■■■■■■■■■■■■■■■■■■■■■■■■■■■■■■■■■■                                |  60% of 186.8 MiB
2026-10-02T06:03:08.7670345Z |■■■■■■■■■■■■■■■■■■■■■■■■■■■■■■■■■■■■■■■■■■■■■■■■■■■■■■■■                        |  70% of 186.8 MiB
2026-10-02T06:03:08.8324977Z |■■■■■■■■■■■■■■■■■■■■■■■■■■■■■■■■■■■■■■■■■■■■■■■■■■■■■■■■■■■■■■■■                |  80% of 186.8 MiB
2026-10-02T06:03:08.8875706Z |■■■■■■■■■■■■■■■■■■■■■■■■■■■■■■■■■■■■■■■■■■■■■■■■■■■■■■■■■■■■■■■■■■■■■■■■        |  90% of 186.8 MiB
2026-10-02T06:03:08.9424898Z |■■■■■■■■■■■■■■■■■■■■■■■■■■■■■■■■■■■■■■■■■■■■■■■■■■■■■■■■■■■■■■■■■■■■■■■■■■■■■■■■| 100% of 186.8 MiB
2026-10-02T06:03:11.0421084Z Chrome for Testing 153.0.8010.12 (playwright chromium v1243) downloaded to /home/runner/.cache/ms-playwright/chromium-1243
2026-10-02T06:03:11.0423959Z Downloading FFmpeg (playwright ffmpeg v1011) from https://cdn.playwright.dev/dbazure/download/playwright/builds/ffmpeg/1011/ffmpeg-linux.zip
2026-10-02T06:03:11.3391887Z |                                                                                |   0% of 2.3 MiB
2026-10-02T06:03:11.3437680Z |■■■■■■■■                                                                        |  10% of 2.3 MiB
2026-10-02T06:03:11.3467217Z |■■■■■■■■■■■■■■■■                                                                |  20% of 2.3 MiB
2026-10-02T06:03:11.3498385Z |■■■■■■■■■■■■■■■■■■■■■■■■                                                        |  30% of 2.3 MiB
2026-10-02T06:03:11.3516170Z |■■■■■■■■■■■■■■■■■■■■■■■■■■■■■■■■                                                |  40% of 2.3 MiB
2026-10-02T06:03:11.3522985Z |■■■■■■■■■■■■■■■■■■■■■■■■■■■■■■■■■■■■■■■■                                        |  50% of 2.3 MiB
2026-10-02T06:03:11.3541320Z |■■■■■■■■■■■■■■■■■■■■■■■■■■■■■■■■■■■■■■■■■■■■■■■■                                |  60% of 2.3 MiB
2026-10-02T06:03:11.3550890Z |■■■■■■■■■■■■■■■■■■■■■■■■■■■■■■■■■■■■■■■■■■■■■■■■■■■■■■■■                        |  70% of 2.3 MiB
2026-10-02T06:03:11.3565080Z |■■■■■■■■■■■■■■■■■■■■■■■■■■■■■■■■■■■■■■■■■■■■■■■■■■■■■■■■■■■■■■■■                |  80% of 2.3 MiB
2026-10-02T06:03:11.3570369Z |■■■■■■■■■■■■■■■■■■■■■■■■■■■■■■■■■■■■■■■■■■■■■■■■■■■■■■■■■■■■■■■■■■■■■■■■        |  90% of 2.3 MiB
2026-10-02T06:03:11.3577227Z |■■■■■■■■■■■■■■■■■■■■■■■■■■■■■■■■■■■■■■■■■■■■■■■■■■■■■■■■■■■■■■■■■■■■■■■■■■■■■■■■| 100% of 2.3 MiB
2026-10-02T06:03:11.4060463Z FFmpeg (playwright ffmpeg v1011) downloaded to /home/runner/.cache/ms-playwright/ffmpeg-1011
2026-10-02T06:03:11.4190118Z ##[group]Run node -e 'const { chromium } = require("playwright-core"); const fs = require("node:fs"); const executable = chromium.executablePath(); fs.accessSync(executable, fs.constants.X_OK); fs.appendFileSync(process.env.GITHUB_ENV, `CHROMIUM_PATH=${executable}\n`);'
2026-10-02T06:03:11.4191831Z [36;1mnode -e 'const { chromium } = require("playwright-core"); const fs = require("node:fs"); const executable = chromium.executablePath(); fs.accessSync(executable, fs.constants.X_OK); fs.appendFileSync(process.env.GITHUB_ENV, `CHROMIUM_PATH=${executable}\n`);'[0m
2026-10-02T06:03:11.4247500Z shell: /usr/bin/bash -e {0}
2026-10-02T06:03:11.4247723Z ##[endgroup]
2026-10-02T06:03:11.7134799Z ##[group]Run npm run test:regressions
2026-10-02T06:03:11.7135160Z [36;1mnpm run test:regressions[0m
2026-10-02T06:03:11.7211085Z shell: /usr/bin/bash -e {0}
2026-10-02T06:03:11.7211574Z env:
2026-10-02T06:03:11.7212100Z   CHROMIUM_PATH: /home/runner/.cache/ms-playwright/chromium-1243/chrome-linux64/chrome
2026-10-02T06:03:11.7212691Z ##[endgroup]
2026-10-02T06:03:11.8064315Z 
2026-10-02T06:03:11.8064919Z > kid-games-playtests@1.0.0 test:regressions
2026-10-02T06:03:11.8065247Z > node regressions.cjs
2026-10-02T06:03:11.8065376Z 
2026-10-02T06:03:12.0513142Z Running 20 focused regression suites with /home/runner/.cache/ms-playwright/chromium-1243/chrome-linux64/chrome
2026-10-02T06:03:12.0513801Z 
2026-10-02T06:03:12.0514031Z --- craepets-game-active-save.cjs ---
2026-10-02T06:03:12.1103566Z PASS craepets.jeannie refuses partial JSON without replacing bytes
2026-10-02T06:03:12.1198118Z PASS craepets.jeannie refuses empty string without replacing bytes
2026-10-02T06:03:12.1275253Z PASS craepets.jeannie refuses whitespace without replacing bytes
2026-10-02T06:03:12.1356423Z PASS craepets.jeannie refuses JSON null without replacing bytes
2026-10-02T06:03:12.1444040Z PASS craepets.jeannie refuses array without replacing bytes
2026-10-02T06:03:12.1518551Z PASS craepets.jeannie refuses number without replacing bytes
2026-10-02T06:03:12.1588682Z PASS craepets.jeannie refuses boolean without replacing bytes
2026-10-02T06:03:12.1652889Z PASS craepets.jeannie refuses old version without replacing bytes
2026-10-02T06:03:12.1726905Z PASS craepets.jeannie refuses bad pet without replacing bytes
2026-10-02T06:03:12.1806550Z PASS craepets.jeannie refuses stats string without replacing bytes
2026-10-02T06:03:12.1886745Z PASS craepets.jeannie refuses fractional house without replacing bytes
2026-10-02T06:03:12.1969064Z PASS craepets.jeannie refuses bad review without replacing bytes
2026-10-02T06:03:12.2049116Z PASS craepets.jeannie refuses blank broken stats without replacing bytes
2026-10-02T06:03:12.2131890Z PASS craepets.jeannie refuses blank broken house without replacing bytes
2026-10-02T06:03:12.2194609Z PASS craepets.jeannie read failure is not absence
2026-10-02T06:03:12.2260420Z PASS craepets.jeannie admits current blank without temporary pet or writes
2026-10-02T06:03:12.2330311Z PASS craepets.jeannie admits legacy pet null without temporary pet or writes
2026-10-02T06:03:12.2392770Z PASS craepets.jeannie admits legacy missing pet without temporary pet or writes
2026-10-02T06:03:12.2477708Z PASS craepets.jeannie admits genuinely absent new valley
2026-10-02T06:03:12.2543630Z PASS craepets.jeannie retains valid earned progress and legacy defaults
2026-10-02T06:03:12.2606816Z PASS craepets.jeannie rejects sibling switch before changing healthy player/session
2026-10-02T06:03:12.2672523Z PASS craepets.jeannie rejects damaged family visit without changing active lesson
2026-10-02T06:03:12.2731996Z PASS craepets.jeannie active storage event pauses stale persistence
2026-10-02T06:03:12.2798882Z PASS craepets.jeannie failed active startup is write-free
2026-10-02T06:03:12.2860327Z PASS craepets.cory refuses partial JSON without replacing bytes
2026-10-02T06:03:12.2920555Z PASS craepets.cory refuses empty string without replacing bytes
2026-10-02T06:03:12.2996818Z PASS craepets.cory refuses whitespace without replacing bytes
2026-10-02T06:03:12.3057177Z PASS craepets.cory refuses JSON null without replacing bytes
2026-10-02T06:03:12.3127756Z PASS craepets.cory refuses array without replacing bytes
2026-10-02T06:03:12.3202879Z PASS craepets.cory refuses number without replacing bytes
2026-10-02T06:03:12.3282843Z PASS craepets.cory refuses boolean without replacing bytes
2026-10-02T06:03:12.3344099Z PASS craepets.cory refuses old version without replacing bytes
2026-10-02T06:03:12.3404916Z PASS craepets.cory refuses bad pet without replacing bytes
2026-10-02T06:03:12.3478151Z PASS craepets.cory refuses stats string without replacing bytes
2026-10-02T06:03:12.3555495Z PASS craepets.cory refuses fractional house without replacing bytes
2026-10-02T06:03:12.3636402Z PASS craepets.cory refuses bad review without replacing bytes
2026-10-02T06:03:12.3699868Z PASS craepets.cory refuses blank broken stats without replacing bytes
2026-10-02T06:03:12.3765179Z PASS craepets.cory refuses blank broken house without replacing bytes
2026-10-02T06:03:12.3825754Z PASS craepets.cory read failure is not absence
2026-10-02T06:03:12.3902363Z PASS craepets.cory admits current blank without temporary pet or writes
2026-10-02T06:03:12.3962912Z PASS craepets.cory admits legacy pet null without temporary pet or writes
2026-10-02T06:03:12.4023213Z PASS craepets.cory admits legacy missing pet without temporary pet or writes
2026-10-02T06:03:12.4083614Z PASS craepets.cory admits genuinely absent new valley
2026-10-02T06:03:12.4150373Z PASS craepets.cory retains valid earned progress and legacy defaults
2026-10-02T06:03:12.4213916Z PASS craepets.cory rejects sibling switch before changing healthy player/session
2026-10-02T06:03:12.4290774Z PASS craepets.cory rejects damaged family visit without changing active lesson
2026-10-02T06:03:12.4362118Z PASS craepets.cory active storage event pauses stale persistence
2026-10-02T06:03:12.4422749Z PASS craepets.cory failed active startup is write-free
2026-10-02T06:03:12.4484677Z PASS craepets.ellie refuses partial JSON without replacing bytes
2026-10-02T06:03:12.4546075Z PASS craepets.ellie refuses empty string without replacing bytes
2026-10-02T06:03:12.4623846Z PASS craepets.ellie refuses whitespace without replacing bytes
2026-10-02T06:03:12.4685092Z PASS craepets.ellie refuses JSON null without replacing bytes
2026-10-02T06:03:12.4746154Z PASS craepets.ellie refuses array without replacing bytes
2026-10-02T06:03:12.4807718Z PASS craepets.ellie refuses number without replacing bytes
2026-10-02T06:03:12.4885206Z PASS craepets.ellie refuses boolean without replacing bytes
2026-10-02T06:03:12.4948229Z PASS craepets.ellie refuses old version without replacing bytes
2026-10-02T06:03:12.5010263Z PASS craepets.ellie refuses bad pet without replacing bytes
2026-10-02T06:03:12.5074360Z PASS craepets.ellie refuses stats string without replacing bytes
2026-10-02T06:03:12.5154497Z PASS craepets.ellie refuses fractional house without replacing bytes
2026-10-02T06:03:12.5221698Z PASS craepets.ellie refuses bad review without replacing bytes
2026-10-02T06:03:12.5285465Z PASS craepets.ellie refuses blank broken stats without replacing bytes
2026-10-02T06:03:12.5350521Z PASS craepets.ellie refuses blank broken house without replacing bytes
2026-10-02T06:03:12.5410867Z PASS craepets.ellie read failure is not absence
2026-10-02T06:03:12.5487400Z PASS craepets.ellie admits current blank without temporary pet or writes
2026-10-02T06:03:12.5548041Z PASS craepets.ellie admits legacy pet null without temporary pet or writes
2026-10-02T06:03:12.5608703Z PASS craepets.ellie admits legacy missing pet without temporary pet or writes
2026-10-02T06:03:12.5667881Z PASS craepets.ellie admits genuinely absent new valley
2026-10-02T06:03:12.5731912Z PASS craepets.ellie retains valid earned progress and legacy defaults
2026-10-02T06:03:12.5826748Z PASS craepets.ellie rejects sibling switch before changing healthy player/session
2026-10-02T06:03:12.5893492Z PASS craepets.ellie rejects damaged family visit without changing active lesson
2026-10-02T06:03:12.5950989Z PASS craepets.ellie active storage event pauses stale persistence
2026-10-02T06:03:12.6009301Z PASS craepets.ellie failed active startup is write-free
2026-10-02T06:03:12.6069505Z PASS craepets.kieran refuses partial JSON without replacing bytes
2026-10-02T06:03:12.6130399Z PASS craepets.kieran refuses empty string without replacing bytes
2026-10-02T06:03:12.6201671Z PASS craepets.kieran refuses whitespace without replacing bytes
2026-10-02T06:03:12.6262146Z PASS craepets.kieran refuses JSON null without replacing bytes
2026-10-02T06:03:12.6322833Z PASS craepets.kieran refuses array without replacing bytes
2026-10-02T06:03:12.6383402Z PASS craepets.kieran refuses number without replacing bytes
2026-10-02T06:03:12.6444804Z PASS craepets.kieran refuses boolean without replacing bytes
2026-10-02T06:03:12.6518453Z PASS craepets.kieran refuses old version without replacing bytes
2026-10-02T06:03:12.6579225Z PASS craepets.kieran refuses bad pet without replacing bytes
2026-10-02T06:03:12.6641380Z PASS craepets.kieran refuses stats string without replacing bytes
2026-10-02T06:03:12.6705232Z PASS craepets.kieran refuses fractional house without replacing bytes
2026-10-02T06:03:12.6782773Z PASS craepets.kieran refuses bad review without replacing bytes
2026-10-02T06:03:12.6846614Z PASS craepets.kieran refuses blank broken stats without replacing bytes
2026-10-02T06:03:12.6911797Z PASS craepets.kieran refuses blank broken house without replacing bytes
2026-10-02T06:03:12.6974547Z PASS craepets.kieran read failure is not absence
2026-10-02T06:03:12.7036185Z PASS craepets.kieran admits current blank without temporary pet or writes
2026-10-02T06:03:12.7110119Z PASS craepets.kieran admits legacy pet null without temporary pet or writes
2026-10-02T06:03:12.7169840Z PASS craepets.kieran admits legacy missing pet without temporary pet or writes
2026-10-02T06:03:12.7229661Z PASS craepets.kieran admits genuinely absent new valley
2026-10-02T06:03:12.7291573Z PASS craepets.kieran retains valid earned progress and legacy defaults
2026-10-02T06:03:12.7353205Z PASS craepets.kieran rejects sibling switch before changing healthy player/session
2026-10-02T06:03:12.7425529Z PASS craepets.kieran rejects damaged family visit without changing active lesson
2026-10-02T06:03:12.7486037Z PASS craepets.kieran active storage event pauses stale persistence
2026-10-02T06:03:12.7545217Z PASS craepets.kieran failed active startup is write-free
2026-10-02T06:03:12.7608536Z PASS craepets.shannon refuses partial JSON without replacing bytes
2026-10-02T06:03:12.7670499Z PASS craepets.shannon refuses empty string without replacing bytes
2026-10-02T06:03:12.7746756Z PASS craepets.shannon refuses whitespace without replacing bytes
2026-10-02T06:03:12.7808888Z PASS craepets.shannon refuses JSON null without replacing bytes
2026-10-02T06:03:12.7873673Z PASS craepets.shannon refuses array without replacing bytes
2026-10-02T06:03:12.7934805Z PASS craepets.shannon refuses number without replacing bytes
2026-10-02T06:03:12.8012171Z PASS craepets.shannon refuses boolean without replacing bytes
2026-10-02T06:03:12.8076920Z PASS craepets.shannon refuses old version without replacing bytes
2026-10-02T06:03:12.8141838Z PASS craepets.shannon refuses bad pet without replacing bytes
2026-10-02T06:03:12.8209310Z PASS craepets.shannon refuses stats string without replacing bytes
2026-10-02T06:03:12.8277518Z PASS craepets.shannon refuses fractional house without replacing bytes
2026-10-02T06:03:12.8356379Z PASS craepets.shannon refuses bad review without replacing bytes
2026-10-02T06:03:12.8420677Z PASS craepets.shannon refuses blank broken stats without replacing bytes
2026-10-02T06:03:12.8485912Z PASS craepets.shannon refuses blank broken house without replacing bytes
2026-10-02T06:03:12.8545460Z PASS craepets.shannon read failure is not absence
2026-10-02T06:03:12.8618790Z PASS craepets.shannon admits current blank without temporary pet or writes
2026-10-02T06:03:12.8679176Z PASS craepets.shannon admits legacy pet null without temporary pet or writes
2026-10-02T06:03:12.8739770Z PASS craepets.shannon admits legacy missing pet without temporary pet or writes
2026-10-02T06:03:12.8799535Z PASS craepets.shannon admits genuinely absent new valley
2026-10-02T06:03:12.8862787Z PASS craepets.shannon retains valid earned progress and legacy defaults
2026-10-02T06:03:12.8925629Z PASS craepets.shannon rejects sibling switch before changing healthy player/session
2026-10-02T06:03:12.8998623Z PASS craepets.shannon rejects damaged family visit without changing active lesson
2026-10-02T06:03:12.9058541Z PASS craepets.shannon active storage event pauses stale persistence
2026-10-02T06:03:12.9119096Z PASS craepets.shannon failed active startup is write-free
2026-10-02T06:03:12.9182380Z PASS craepets.tristan refuses partial JSON without replacing bytes
2026-10-02T06:03:12.9259669Z PASS craepets.tristan refuses empty string without replacing bytes
2026-10-02T06:03:12.9323350Z PASS craepets.tristan refuses whitespace without replacing bytes
2026-10-02T06:03:12.9387002Z PASS craepets.tristan refuses JSON null without replacing bytes
2026-10-02T06:03:12.9450982Z PASS craepets.tristan refuses array without replacing bytes
2026-10-02T06:03:12.9515772Z PASS craepets.tristan refuses number without replacing bytes
2026-10-02T06:03:12.9596624Z PASS craepets.tristan refuses boolean without replacing bytes
2026-10-02T06:03:12.9662175Z PASS craepets.tristan refuses old version without replacing bytes
2026-10-02T06:03:12.9727284Z PASS craepets.tristan refuses bad pet without replacing bytes
2026-10-02T06:03:12.9793948Z PASS craepets.tristan refuses stats string without replacing bytes
2026-10-02T06:03:12.9879007Z PASS craepets.tristan refuses fractional house without replacing bytes
2026-10-02T06:03:12.9947861Z PASS craepets.tristan refuses bad review without replacing bytes
2026-10-02T06:03:13.0015045Z PASS craepets.tristan refuses blank broken stats without replacing bytes
2026-10-02T06:03:13.0083310Z PASS craepets.tristan refuses blank broken house without replacing bytes
2026-10-02T06:03:13.0146622Z PASS craepets.tristan read failure is not absence
2026-10-02T06:03:13.0252012Z PASS craepets.tristan admits current blank without temporary pet or writes
2026-10-02T06:03:13.0313399Z PASS craepets.tristan admits legacy pet null without temporary pet or writes
2026-10-02T06:03:13.0376460Z PASS craepets.tristan admits legacy missing pet without temporary pet or writes
2026-10-02T06:03:13.0437377Z PASS craepets.tristan admits genuinely absent new valley
2026-10-02T06:03:13.0501441Z PASS craepets.tristan retains valid earned progress and legacy defaults
2026-10-02T06:03:13.0564550Z PASS craepets.tristan rejects sibling switch before changing healthy player/session
2026-10-02T06:03:13.0636172Z PASS craepets.tristan rejects damaged family visit without changing active lesson
2026-10-02T06:03:13.0696072Z PASS craepets.tristan active storage event pauses stale persistence
2026-10-02T06:03:13.0761486Z PASS craepets.tristan failed active startup is write-free
2026-10-02T06:03:13.0823976Z PASS craepets.guest refuses partial JSON without replacing bytes
2026-10-02T06:03:13.0885315Z PASS craepets.guest refuses empty string without replacing bytes
2026-10-02T06:03:13.0961366Z PASS craepets.guest refuses whitespace without replacing bytes
2026-10-02T06:03:13.1022581Z PASS craepets.guest refuses JSON null without replacing bytes
2026-10-02T06:03:13.1083558Z PASS craepets.guest refuses array without replacing bytes
2026-10-02T06:03:13.1144376Z PASS craepets.guest refuses number without replacing bytes
2026-10-02T06:03:13.1217789Z PASS craepets.guest refuses boolean without replacing bytes
2026-10-02T06:03:13.1281881Z PASS craepets.guest refuses old version without replacing bytes
2026-10-02T06:03:13.1343990Z PASS craepets.guest refuses bad pet without replacing bytes
2026-10-02T06:03:13.1407816Z PASS craepets.guest refuses stats string without replacing bytes
2026-10-02T06:03:13.1489387Z PASS craepets.guest refuses fractional house without replacing bytes
2026-10-02T06:03:13.1557551Z PASS craepets.guest refuses bad review without replacing bytes
2026-10-02T06:03:13.1621812Z PASS craepets.guest refuses blank broken stats without replacing bytes
2026-10-02T06:03:13.1686810Z PASS craepets.guest refuses blank broken house without replacing bytes
2026-10-02T06:03:13.1747272Z PASS craepets.guest read failure is not absence
2026-10-02T06:03:13.1824591Z PASS craepets.guest admits current blank without temporary pet or writes
2026-10-02T06:03:13.1887562Z PASS craepets.guest admits legacy pet null without temporary pet or writes
2026-10-02T06:03:13.1948130Z PASS craepets.guest admits legacy missing pet without temporary pet or writes
2026-10-02T06:03:13.2007949Z PASS craepets.guest admits genuinely absent new valley
2026-10-02T06:03:13.2072094Z PASS craepets.guest retains valid earned progress and legacy defaults
2026-10-02T06:03:13.2154737Z PASS craepets.guest rejects sibling switch before changing healthy player/session
2026-10-02T06:03:13.2216638Z PASS craepets.guest rejects damaged family visit without changing active lesson
2026-10-02T06:03:13.2276849Z PASS craepets.guest active storage event pauses stale persistence
2026-10-02T06:03:13.2336328Z PASS craepets.guest failed active startup is write-free
2026-10-02T06:03:13.2395104Z PASS craepets. native-ID fence refuses unknown keys before reading
2026-10-02T06:03:13.2459017Z PASS craepets.WHO read unavailable pauses startup without writes
2026-10-02T06:03:13.2537461Z PASS craepets.invalid WHO pauses startup without writes
2026-10-02T06:03:13.2599404Z PASS native original jeannie unsafe sibling writes are refused
2026-10-02T06:03:13.2660684Z PASS native original cory unsafe sibling writes are refused
2026-10-02T06:03:13.2723851Z PASS native original ellie unsafe sibling writes are refused
2026-10-02T06:03:13.2789118Z PASS native original kieran unsafe sibling writes are refused
2026-10-02T06:03:13.2869946Z PASS native original shannon unsafe sibling writes are refused
2026-10-02T06:03:13.2931770Z PASS native original tristan unsafe sibling writes are refused
2026-10-02T06:03:13.2993258Z PASS native original guest unsafe sibling writes are refused
2026-10-02T06:03:13.3058398Z PASS native original jeannie hidden selection event preflights before live state changes
2026-10-02T06:03:13.3122262Z PASS native original cory hidden selection event preflights before live state changes
2026-10-02T06:03:13.3186237Z PASS native original ellie hidden selection event preflights before live state changes
2026-10-02T06:03:13.3262710Z PASS native original kieran hidden selection event preflights before live state changes
2026-10-02T06:03:13.3323492Z PASS native original shannon hidden selection event preflights before live state changes
2026-10-02T06:03:13.3386924Z PASS native original tristan hidden selection event preflights before live state changes
2026-10-02T06:03:13.3453093Z PASS native original guest hidden selection event preflights before live state changes
2026-10-02T06:03:13.3527552Z PASS import independently rechecks corrupted active raw before writing
2026-10-02T06:03:13.3605175Z PASS reset independently rechecks corrupted active raw before writing
2026-10-02T06:03:13.3671386Z PASS native original jeannie paused startup inspector mutations are safe with null state
2026-10-02T06:03:13.3735376Z PASS native original cory paused startup inspector mutations are safe with null state
2026-10-02T06:03:13.3797085Z PASS native original ellie paused startup inspector mutations are safe with null state
2026-10-02T06:03:13.3857663Z PASS native original kieran paused startup inspector mutations are safe with null state
2026-10-02T06:03:13.3932538Z PASS native original shannon paused startup inspector mutations are safe with null state
2026-10-02T06:03:13.3996386Z PASS native original tristan paused startup inspector mutations are safe with null state
2026-10-02T06:03:13.4060349Z PASS native original guest paused startup inspector mutations are safe with null state
2026-10-02T06:03:13.4128414Z PASS pending native-reader callback paused cannot overwrite damaged raw
2026-10-02T06:03:13.4192269Z PASS pending native-reader callback before storage event cannot overwrite damaged raw
2026-10-02T06:03:13.4255460Z PASS pending actual wheel award refuses paused state before coin mutation
2026-10-02T06:03:13.4359963Z PASS new actual modal refuses paused recovery overlay
2026-10-02T06:03:13.4361040Z PASS original-game active saved-data loader: 198 production cases across seven original profiles; malformed/read-failure raw preservation, blank/legacy/earned progress, startup, sibling/visit admission, inspector safety and delayed-reader refusal.
2026-10-02T06:03:13.4462904Z PASS: craepets-game-active-save.cjs (1.4s)
2026-10-02T06:03:13.4463388Z 
2026-10-02T06:03:13.4463637Z --- craepets-game-active-save-browser.cjs ---
2026-10-02T06:03:47.1444350Z PASS original-game loader Chromium Desktop: seven profiles, exact original/house/selection bytes, literal download, read/WHO refusal and retry, real sibling/visit controls, native deferred-reader/storage/visibility transitions, genuine learning and blank/legacy reload.
2026-10-02T06:04:15.6824731Z PASS original-game loader Chromium iPad: seven profiles, exact original/house/selection bytes, literal download, read/WHO refusal and retry, real sibling/visit controls, native deferred-reader/storage/visibility transitions, genuine learning and blank/legacy reload.
2026-10-02T06:04:39.1979866Z PASS original-game loader Chromium iPhone: seven profiles, exact original/house/selection bytes, literal download, read/WHO refusal and retry, real sibling/visit controls, native deferred-reader/storage/visibility transitions, genuine learning and blank/legacy reload.
2026-10-02T06:04:39.3194982Z PASS: craepets-game-active-save-browser.cjs (85.9s)
2026-10-02T06:04:39.3196708Z 
2026-10-02T06:04:39.3197123Z --- craepets-active-save.cjs ---
2026-10-02T06:04:39.3605865Z PASS craepets.house.jeannie refuses partial JSON without replacing bytes
2026-10-02T06:04:39.3682066Z PASS craepets.house.jeannie refuses empty string without replacing bytes
2026-10-02T06:04:39.3748776Z PASS craepets.house.jeannie refuses whitespace without replacing bytes
2026-10-02T06:04:39.3824469Z PASS craepets.house.jeannie refuses JSON null without replacing bytes
2026-10-02T06:04:39.3899583Z PASS craepets.house.jeannie refuses array without replacing bytes
2026-10-02T06:04:39.3961043Z PASS craepets.house.jeannie refuses number without replacing bytes
2026-10-02T06:04:39.4027405Z PASS craepets.house.jeannie refuses boolean without replacing bytes
2026-10-02T06:04:39.4095212Z PASS craepets.house.jeannie refuses old version without replacing bytes
2026-10-02T06:04:39.4165120Z PASS craepets.house.jeannie refuses bad pet without replacing bytes
2026-10-02T06:04:39.4240983Z PASS craepets.house.jeannie refuses stats string without replacing bytes
2026-10-02T06:04:39.4314752Z PASS craepets.house.jeannie refuses fractional house without replacing bytes
2026-10-02T06:04:39.4397940Z PASS craepets.house.jeannie refuses bad review without replacing bytes
2026-10-02T06:04:39.4470896Z PASS craepets.house.jeannie refuses blank broken stats without replacing bytes
2026-10-02T06:04:39.4556688Z PASS craepets.house.jeannie refuses blank broken house without replacing bytes
2026-10-02T06:04:39.4618835Z PASS craepets.house.jeannie read failure is not absence
2026-10-02T06:04:39.4683717Z PASS craepets.house.jeannie admits current blank without temporary pet or writes
2026-10-02T06:04:39.4753791Z PASS craepets.house.jeannie admits legacy pet null without temporary pet or writes
2026-10-02T06:04:39.4836858Z PASS craepets.house.jeannie admits legacy missing pet without temporary pet or writes
2026-10-02T06:04:39.4896930Z PASS craepets.house.jeannie admits genuinely absent new valley
2026-10-02T06:04:39.4962004Z PASS craepets.house.jeannie retains valid earned progress and legacy defaults
2026-10-02T06:04:39.5029487Z PASS craepets.house.jeannie rejects sibling switch before changing healthy player/session
2026-10-02T06:04:39.5087538Z PASS craepets.house.jeannie rejects damaged family visit without changing active lesson
2026-10-02T06:04:39.5145731Z PASS craepets.house.jeannie public owner activity rejects before leaving current lesson
2026-10-02T06:04:39.5223321Z PASS craepets.house.jeannie active storage event pauses stale persistence
2026-10-02T06:04:39.5282514Z PASS craepets.house.jeannie damaged refresh pauses before state/player mutation
2026-10-02T06:04:39.5341873Z PASS craepets.house.jeannie failed active startup is write-free
2026-10-02T06:04:39.5414989Z PASS craepets.house.cory refuses partial JSON without replacing bytes
2026-10-02T06:04:39.5487248Z PASS craepets.house.cory refuses empty string without replacing bytes
2026-10-02T06:04:39.5566579Z PASS craepets.house.cory refuses whitespace without replacing bytes
2026-10-02T06:04:39.5628058Z PASS craepets.house.cory refuses JSON null without replacing bytes
2026-10-02T06:04:39.5690527Z PASS craepets.house.cory refuses array without replacing bytes
2026-10-02T06:04:39.5761923Z PASS craepets.house.cory refuses number without replacing bytes
2026-10-02T06:04:39.5846003Z PASS craepets.house.cory refuses boolean without replacing bytes
2026-10-02T06:04:39.5908620Z PASS craepets.house.cory refuses old version without replacing bytes
2026-10-02T06:04:39.5969318Z PASS craepets.house.cory refuses bad pet without replacing bytes
2026-10-02T06:04:39.6030716Z PASS craepets.house.cory refuses stats string without replacing bytes
2026-10-02T06:04:39.6094586Z PASS craepets.house.cory refuses fractional house without replacing bytes
2026-10-02T06:04:39.6175490Z PASS craepets.house.cory refuses bad review without replacing bytes
2026-10-02T06:04:39.6238272Z PASS craepets.house.cory refuses blank broken stats without replacing bytes
2026-10-02T06:04:39.6300905Z PASS craepets.house.cory refuses blank broken house without replacing bytes
2026-10-02T06:04:39.6358782Z PASS craepets.house.cory read failure is not absence
2026-10-02T06:04:39.6419408Z PASS craepets.house.cory admits current blank without temporary pet or writes
2026-10-02T06:04:39.6494838Z PASS craepets.house.cory admits legacy pet null without temporary pet or writes
2026-10-02T06:04:39.6553580Z PASS craepets.house.cory admits legacy missing pet without temporary pet or writes
2026-10-02T06:04:39.6612254Z PASS craepets.house.cory admits genuinely absent new valley
2026-10-02T06:04:39.6674543Z PASS craepets.house.cory retains valid earned progress and legacy defaults
2026-10-02T06:04:39.6736104Z PASS craepets.house.cory rejects sibling switch before changing healthy player/session
2026-10-02T06:04:39.6809696Z PASS craepets.house.cory rejects damaged family visit without changing active lesson
2026-10-02T06:04:39.6868544Z PASS craepets.house.cory public owner activity rejects before leaving current lesson
2026-10-02T06:04:39.6926259Z PASS craepets.house.cory active storage event pauses stale persistence
2026-10-02T06:04:39.6984471Z PASS craepets.house.cory damaged refresh pauses before state/player mutation
2026-10-02T06:04:39.7042064Z PASS craepets.house.cory failed active startup is write-free
2026-10-02T06:04:39.7102869Z PASS craepets.house.ellie refuses partial JSON without replacing bytes
2026-10-02T06:04:39.7179496Z PASS craepets.house.ellie refuses empty string without replacing bytes
2026-10-02T06:04:39.7239641Z PASS craepets.house.ellie refuses whitespace without replacing bytes
2026-10-02T06:04:39.7300119Z PASS craepets.house.ellie refuses JSON null without replacing bytes
2026-10-02T06:04:39.7360091Z PASS craepets.house.ellie refuses array without replacing bytes
2026-10-02T06:04:39.7437154Z PASS craepets.house.ellie refuses number without replacing bytes
2026-10-02T06:04:39.7497485Z PASS craepets.house.ellie refuses boolean without replacing bytes
2026-10-02T06:04:39.7558079Z PASS craepets.house.ellie refuses old version without replacing bytes
2026-10-02T06:04:39.7621784Z PASS craepets.house.ellie refuses bad pet without replacing bytes
2026-10-02T06:04:39.7698513Z PASS craepets.house.ellie refuses stats string without replacing bytes
2026-10-02T06:04:39.7761677Z PASS craepets.house.ellie refuses fractional house without replacing bytes
2026-10-02T06:04:39.7824301Z PASS craepets.house.ellie refuses bad review without replacing bytes
2026-10-02T06:04:39.7885675Z PASS craepets.house.ellie refuses blank broken stats without replacing bytes
2026-10-02T06:04:39.7948874Z PASS craepets.house.ellie refuses blank broken house without replacing bytes
2026-10-02T06:04:39.8020286Z PASS craepets.house.ellie read failure is not absence
2026-10-02T06:04:39.8080279Z PASS craepets.house.ellie admits current blank without temporary pet or writes
2026-10-02T06:04:39.8138142Z PASS craepets.house.ellie admits legacy pet null without temporary pet or writes
2026-10-02T06:04:39.8196966Z PASS craepets.house.ellie admits legacy missing pet without temporary pet or writes
2026-10-02T06:04:39.8255609Z PASS craepets.house.ellie admits genuinely absent new valley
2026-10-02T06:04:39.8317167Z PASS craepets.house.ellie retains valid earned progress and legacy defaults
2026-10-02T06:04:39.8414862Z PASS craepets.house.ellie rejects sibling switch before changing healthy player/session
2026-10-02T06:04:39.8472663Z PASS craepets.house.ellie rejects damaged family visit without changing active lesson
2026-10-02T06:04:39.8529607Z PASS craepets.house.ellie public owner activity rejects before leaving current lesson
2026-10-02T06:04:39.8586056Z PASS craepets.house.ellie active storage event pauses stale persistence
2026-10-02T06:04:39.8642160Z PASS craepets.house.ellie damaged refresh pauses before state/player mutation
2026-10-02T06:04:39.8698034Z PASS craepets.house.ellie failed active startup is write-free
2026-10-02T06:04:39.8767268Z PASS craepets.house.kieran refuses partial JSON without replacing bytes
2026-10-02T06:04:39.8825565Z PASS craepets.house.kieran refuses empty string without replacing bytes
2026-10-02T06:04:39.8883848Z PASS craepets.house.kieran refuses whitespace without replacing bytes
2026-10-02T06:04:39.8942206Z PASS craepets.house.kieran refuses JSON null without replacing bytes
2026-10-02T06:04:39.9012823Z PASS craepets.house.kieran refuses array without replacing bytes
2026-10-02T06:04:39.9070803Z PASS craepets.house.kieran refuses number without replacing bytes
2026-10-02T06:04:39.9129366Z PASS craepets.house.kieran refuses boolean without replacing bytes
2026-10-02T06:04:39.9188724Z PASS craepets.house.kieran refuses old version without replacing bytes
2026-10-02T06:04:39.9248795Z PASS craepets.house.kieran refuses bad pet without replacing bytes
2026-10-02T06:04:39.9322211Z PASS craepets.house.kieran refuses stats string without replacing bytes
2026-10-02T06:04:39.9384197Z PASS craepets.house.kieran refuses fractional house without replacing bytes
2026-10-02T06:04:39.9445762Z PASS craepets.house.kieran refuses bad review without replacing bytes
2026-10-02T06:04:39.9507573Z PASS craepets.house.kieran refuses blank broken stats without replacing bytes
2026-10-02T06:04:39.9580282Z PASS craepets.house.kieran refuses blank broken house without replacing bytes
2026-10-02T06:04:39.9637479Z PASS craepets.house.kieran read failure is not absence
2026-10-02T06:04:39.9696350Z PASS craepets.house.kieran admits current blank without temporary pet or writes
2026-10-02T06:04:39.9753941Z PASS craepets.house.kieran admits legacy pet null without temporary pet or writes
2026-10-02T06:04:39.9812038Z PASS craepets.house.kieran admits legacy missing pet without temporary pet or writes
2026-10-02T06:04:39.9881594Z PASS craepets.house.kieran admits genuinely absent new valley
2026-10-02T06:04:39.9942188Z PASS craepets.house.kieran retains valid earned progress and legacy defaults
2026-10-02T06:04:40.0001300Z PASS craepets.house.kieran rejects sibling switch before changing healthy player/session
2026-10-02T06:04:40.0057968Z PASS craepets.house.kieran rejects damaged family visit without changing active lesson
2026-10-02T06:04:40.0113936Z PASS craepets.house.kieran public owner activity rejects before leaving current lesson
2026-10-02T06:04:40.0170195Z PASS craepets.house.kieran active storage event pauses stale persistence
2026-10-02T06:04:40.0239528Z PASS craepets.house.kieran damaged refresh pauses before state/player mutation
2026-10-02T06:04:40.0296118Z PASS craepets.house.kieran failed active startup is write-free
2026-10-02T06:04:40.0354396Z PASS craepets.house.shannon refuses partial JSON without replacing bytes
2026-10-02T06:04:40.0412373Z PASS craepets.house.shannon refuses empty string without replacing bytes
2026-10-02T06:04:40.0470713Z PASS craepets.house.shannon refuses whitespace without replacing bytes
2026-10-02T06:04:40.0541562Z PASS craepets.house.shannon refuses JSON null without replacing bytes
2026-10-02T06:04:40.0601072Z PASS craepets.house.shannon refuses array without replacing bytes
2026-10-02T06:04:40.0659245Z PASS craepets.house.shannon refuses number without replacing bytes
2026-10-02T06:04:40.0717994Z PASS craepets.house.shannon refuses boolean without replacing bytes
2026-10-02T06:04:40.0791784Z PASS craepets.house.shannon refuses old version without replacing bytes
2026-10-02T06:04:40.0852493Z PASS craepets.house.shannon refuses bad pet without replacing bytes
2026-10-02T06:04:40.0913368Z PASS craepets.house.shannon refuses stats string without replacing bytes
2026-10-02T06:04:40.0976995Z PASS craepets.house.shannon refuses fractional house without replacing bytes
2026-10-02T06:04:40.1051074Z PASS craepets.house.shannon refuses bad review without replacing bytes
2026-10-02T06:04:40.1113354Z PASS craepets.house.shannon refuses blank broken stats without replacing bytes
2026-10-02T06:04:40.1175262Z PASS craepets.house.shannon refuses blank broken house without replacing bytes
2026-10-02T06:04:40.1231829Z PASS craepets.house.shannon read failure is not absence
2026-10-02T06:04:40.1290331Z PASS craepets.house.shannon admits current blank without temporary pet or writes
2026-10-02T06:04:40.1359642Z PASS craepets.house.shannon admits legacy pet null without temporary pet or writes
2026-10-02T06:04:40.1417650Z PASS craepets.house.shannon admits legacy missing pet without temporary pet or writes
2026-10-02T06:04:40.1474225Z PASS craepets.house.shannon admits genuinely absent new valley
2026-10-02T06:04:40.1534693Z PASS craepets.house.shannon retains valid earned progress and legacy defaults
2026-10-02T06:04:40.1594215Z PASS craepets.house.shannon rejects sibling switch before changing healthy player/session
2026-10-02T06:04:40.1650813Z PASS craepets.house.shannon rejects damaged family visit without changing active lesson
2026-10-02T06:04:40.1720816Z PASS craepets.house.shannon public owner activity rejects before leaving current lesson
2026-10-02T06:04:40.1777643Z PASS craepets.house.shannon active storage event pauses stale persistence
2026-10-02T06:04:40.1839481Z PASS craepets.house.shannon damaged refresh pauses before state/player mutation
2026-10-02T06:04:40.1899400Z PASS craepets.house.shannon failed active startup is write-free
2026-10-02T06:04:40.1961082Z PASS craepets.house.tristan refuses partial JSON without replacing bytes
2026-10-02T06:04:40.2041468Z PASS craepets.house.tristan refuses empty string without replacing bytes
2026-10-02T06:04:40.2103219Z PASS craepets.house.tristan refuses whitespace without replacing bytes
2026-10-02T06:04:40.2163647Z PASS craepets.house.tristan refuses JSON null without replacing bytes
2026-10-02T06:04:40.2223841Z PASS craepets.house.tristan refuses array without replacing bytes
2026-10-02T06:04:40.2283672Z PASS craepets.house.tristan refuses number without replacing bytes
2026-10-02T06:04:40.2358419Z PASS craepets.house.tristan refuses boolean without replacing bytes
2026-10-02T06:04:40.2419213Z PASS craepets.house.tristan refuses old version without replacing bytes
2026-10-02T06:04:40.2480674Z PASS craepets.house.tristan refuses bad pet without replacing bytes
2026-10-02T06:04:40.2542854Z PASS craepets.house.tristan refuses stats string without replacing bytes
2026-10-02T06:04:40.2646675Z PASS craepets.house.tristan refuses fractional house without replacing bytes
2026-10-02T06:04:40.2709570Z PASS craepets.house.tristan refuses bad review without replacing bytes
2026-10-02T06:04:40.2770224Z PASS craepets.house.tristan refuses blank broken stats without replacing bytes
2026-10-02T06:04:40.2833584Z PASS craepets.house.tristan refuses blank broken house without replacing bytes
2026-10-02T06:04:40.2890170Z PASS craepets.house.tristan read failure is not absence
2026-10-02T06:04:40.2949132Z PASS craepets.house.tristan admits current blank without temporary pet or writes
2026-10-02T06:04:40.3018619Z PASS craepets.house.tristan admits legacy pet null without temporary pet or writes
2026-10-02T06:04:40.3077165Z PASS craepets.house.tristan admits legacy missing pet without temporary pet or writes
2026-10-02T06:04:40.3135612Z PASS craepets.house.tristan admits genuinely absent new valley
2026-10-02T06:04:40.3197738Z PASS craepets.house.tristan retains valid earned progress and legacy defaults
2026-10-02T06:04:40.3257921Z PASS craepets.house.tristan rejects sibling switch before changing healthy player/session
2026-10-02T06:04:40.3334109Z PASS craepets.house.tristan rejects damaged family visit without changing active lesson
2026-10-02T06:04:40.3393534Z PASS craepets.house.tristan public owner activity rejects before leaving current lesson
2026-10-02T06:04:40.3452261Z PASS craepets.house.tristan active storage event pauses stale persistence
2026-10-02T06:04:40.3513535Z PASS craepets.house.tristan damaged refresh pauses before state/player mutation
2026-10-02T06:04:40.3571291Z PASS craepets.house.tristan failed active startup is write-free
2026-10-02T06:04:40.3645945Z PASS craepets.house.guest refuses partial JSON without replacing bytes
2026-10-02T06:04:40.3706649Z PASS craepets.house.guest refuses empty string without replacing bytes
2026-10-02T06:04:40.3766576Z PASS craepets.house.guest refuses whitespace without replacing bytes
2026-10-02T06:04:40.3826097Z PASS craepets.house.guest refuses JSON null without replacing bytes
2026-10-02T06:04:40.3885751Z PASS craepets.house.guest refuses array without replacing bytes
2026-10-02T06:04:40.3957845Z PASS craepets.house.guest refuses number without replacing bytes
2026-10-02T06:04:40.4017641Z PASS craepets.house.guest refuses boolean without replacing bytes
2026-10-02T06:04:40.4079565Z PASS craepets.house.guest refuses old version without replacing bytes
2026-10-02T06:04:40.4143656Z PASS craepets.house.guest refuses bad pet without replacing bytes
2026-10-02T06:04:40.4220064Z PASS craepets.house.guest refuses stats string without replacing bytes
2026-10-02T06:04:40.4285049Z PASS craepets.house.guest refuses fractional house without replacing bytes
2026-10-02T06:04:40.4349340Z PASS craepets.house.guest refuses bad review without replacing bytes
2026-10-02T06:04:40.4411686Z PASS craepets.house.guest refuses blank broken stats without replacing bytes
2026-10-02T06:04:40.4485667Z PASS craepets.house.guest refuses blank broken house without replacing bytes
2026-10-02T06:04:40.4543295Z PASS craepets.house.guest read failure is not absence
2026-10-02T06:04:40.4603182Z PASS craepets.house.guest admits current blank without temporary pet or writes
2026-10-02T06:04:40.4661982Z PASS craepets.house.guest admits legacy pet null without temporary pet or writes
2026-10-02T06:04:40.4721507Z PASS craepets.house.guest admits legacy missing pet without temporary pet or writes
2026-10-02T06:04:40.4779491Z PASS craepets.house.guest admits genuinely absent new valley
2026-10-02T06:04:40.4856887Z PASS craepets.house.guest retains valid earned progress and legacy defaults
2026-10-02T06:04:40.4919059Z PASS craepets.house.guest rejects sibling switch before changing healthy player/session
2026-10-02T06:04:40.4977597Z PASS craepets.house.guest rejects damaged family visit without changing active lesson
2026-10-02T06:04:40.5035988Z PASS craepets.house.guest public owner activity rejects before leaving current lesson
2026-10-02T06:04:40.5093843Z PASS craepets.house.guest active storage event pauses stale persistence
2026-10-02T06:04:40.5166814Z PASS craepets.house.guest damaged refresh pauses before state/player mutation
2026-10-02T06:04:40.5225527Z PASS craepets.house.guest failed active startup is write-free
2026-10-02T06:04:40.5286058Z PASS craepets.jeannie refuses partial JSON without replacing bytes
2026-10-02T06:04:40.5346085Z PASS craepets.jeannie refuses empty string without replacing bytes
2026-10-02T06:04:40.5405799Z PASS craepets.jeannie refuses whitespace without replacing bytes
2026-10-02T06:04:40.5478154Z PASS craepets.jeannie refuses JSON null without replacing bytes
2026-10-02T06:04:40.5537769Z PASS craepets.jeannie refuses array without replacing bytes
2026-10-02T06:04:40.5596264Z PASS craepets.jeannie refuses number without replacing bytes
2026-10-02T06:04:40.5654455Z PASS craepets.jeannie refuses boolean without replacing bytes
2026-10-02T06:04:40.5726167Z PASS craepets.jeannie refuses old version without replacing bytes
2026-10-02T06:04:40.5787245Z PASS craepets.jeannie refuses bad pet without replacing bytes
2026-10-02T06:04:40.5848411Z PASS craepets.jeannie refuses stats string without replacing bytes
2026-10-02T06:04:40.5910516Z PASS craepets.jeannie refuses fractional house without replacing bytes
2026-10-02T06:04:40.5973402Z PASS craepets.jeannie refuses bad review without replacing bytes
2026-10-02T06:04:40.6046972Z PASS craepets.jeannie refuses blank broken stats without replacing bytes
2026-10-02T06:04:40.6109587Z PASS craepets.jeannie refuses blank broken house without replacing bytes
2026-10-02T06:04:40.6166481Z PASS craepets.jeannie read failure is not absence
2026-10-02T06:04:40.6225232Z PASS craepets.jeannie admits current blank without temporary pet or writes
2026-10-02T06:04:40.6282625Z PASS craepets.jeannie admits legacy pet null without temporary pet or writes
2026-10-02T06:04:40.6353494Z PASS craepets.jeannie admits legacy missing pet without temporary pet or writes
2026-10-02T06:04:40.6410629Z PASS craepets.jeannie admits genuinely absent new valley
2026-10-02T06:04:40.6471255Z PASS craepets.jeannie retains valid earned progress and legacy defaults
2026-10-02T06:04:40.6530980Z PASS craepets.jeannie rejects sibling switch before changing healthy player/session
2026-10-02T06:04:40.6587020Z PASS craepets.jeannie rejects damaged family visit without changing active lesson
2026-10-02T06:04:40.6679184Z PASS craepets.jeannie public owner activity rejects before leaving current lesson
2026-10-02T06:04:40.6738815Z PASS craepets.jeannie active storage event pauses stale persistence
2026-10-02T06:04:40.6794928Z PASS craepets.jeannie damaged refresh pauses before state/player mutation
2026-10-02T06:04:40.6851579Z PASS craepets.jeannie failed active startup is write-free
2026-10-02T06:04:40.6910953Z PASS craepets.cory refuses partial JSON without replacing bytes
2026-10-02T06:04:40.6969466Z PASS craepets.cory refuses empty string without replacing bytes
2026-10-02T06:04:40.7038205Z PASS craepets.cory refuses whitespace without replacing bytes
2026-10-02T06:04:40.7097273Z PASS craepets.cory refuses JSON null without replacing bytes
2026-10-02T06:04:40.7156087Z PASS craepets.cory refuses array without replacing bytes
2026-10-02T06:04:40.7214436Z PASS craepets.cory refuses number without replacing bytes
2026-10-02T06:04:40.7273021Z PASS craepets.cory refuses boolean without replacing bytes
2026-10-02T06:04:40.7345875Z PASS craepets.cory refuses old version without replacing bytes
2026-10-02T06:04:40.7405284Z PASS craepets.cory refuses bad pet without replacing bytes
2026-10-02T06:04:40.7465203Z PASS craepets.cory refuses stats string without replacing bytes
2026-10-02T06:04:40.7526620Z PASS craepets.cory refuses fractional house without replacing bytes
2026-10-02T06:04:40.7599346Z PASS craepets.cory refuses bad review without replacing bytes
2026-10-02T06:04:40.7661856Z PASS craepets.cory refuses blank broken stats without replacing bytes
2026-10-02T06:04:40.7723263Z PASS craepets.cory refuses blank broken house without replacing bytes
2026-10-02T06:04:40.7779656Z PASS craepets.cory read failure is not absence
2026-10-02T06:04:40.7839176Z PASS craepets.cory admits current blank without temporary pet or writes
2026-10-02T06:04:40.7909198Z PASS craepets.cory admits legacy pet null without temporary pet or writes
2026-10-02T06:04:40.7967034Z PASS craepets.cory admits legacy missing pet without temporary pet or writes
2026-10-02T06:04:40.8024743Z PASS craepets.cory admits genuinely absent new valley
2026-10-02T06:04:40.8086074Z PASS craepets.cory retains valid earned progress and legacy defaults
2026-10-02T06:04:40.8146110Z PASS craepets.cory rejects sibling switch before changing healthy player/session
2026-10-02T06:04:40.8218297Z PASS craepets.cory rejects damaged family visit without changing active lesson
2026-10-02T06:04:40.8275504Z PASS craepets.cory public owner activity rejects before leaving current lesson
2026-10-02T06:04:40.8332017Z PASS craepets.cory active storage event pauses stale persistence
2026-10-02T06:04:40.8389286Z PASS craepets.cory damaged refresh pauses before state/player mutation
2026-10-02T06:04:40.8445117Z PASS craepets.cory failed active startup is write-free
2026-10-02T06:04:40.8503385Z PASS craepets.ellie refuses partial JSON without replacing bytes
2026-10-02T06:04:40.8575623Z PASS craepets.ellie refuses empty string without replacing bytes
2026-10-02T06:04:40.8634054Z PASS craepets.ellie refuses whitespace without replacing bytes
2026-10-02T06:04:40.8692857Z PASS craepets.ellie refuses JSON null without replacing bytes
2026-10-02T06:04:40.8751416Z PASS craepets.ellie refuses array without replacing bytes
2026-10-02T06:04:40.8823601Z PASS craepets.ellie refuses number without replacing bytes
2026-10-02T06:04:40.8883039Z PASS craepets.ellie refuses boolean without replacing bytes
2026-10-02T06:04:40.8942299Z PASS craepets.ellie refuses old version without replacing bytes
2026-10-02T06:04:40.9001483Z PASS craepets.ellie refuses bad pet without replacing bytes
2026-10-02T06:04:40.9072948Z PASS craepets.ellie refuses stats string without replacing bytes
2026-10-02T06:04:40.9134944Z PASS craepets.ellie refuses fractional house without replacing bytes
2026-10-02T06:04:40.9197466Z PASS craepets.ellie refuses bad review without replacing bytes
2026-10-02T06:04:40.9258359Z PASS craepets.ellie refuses blank broken stats without replacing bytes
2026-10-02T06:04:40.9321747Z PASS craepets.ellie refuses blank broken house without replacing bytes
2026-10-02T06:04:40.9391458Z PASS craepets.ellie read failure is not absence
2026-10-02T06:04:40.9450375Z PASS craepets.ellie admits current blank without temporary pet or writes
2026-10-02T06:04:40.9513054Z PASS craepets.ellie admits legacy pet null without temporary pet or writes
2026-10-02T06:04:40.9571034Z PASS craepets.ellie admits legacy missing pet without temporary pet or writes
2026-10-02T06:04:40.9629129Z PASS craepets.ellie admits genuinely absent new valley
2026-10-02T06:04:40.9704239Z PASS craepets.ellie retains valid earned progress and legacy defaults
2026-10-02T06:04:40.9765563Z PASS craepets.ellie rejects sibling switch before changing healthy player/session
2026-10-02T06:04:40.9822402Z PASS craepets.ellie rejects damaged family visit without changing active lesson
2026-10-02T06:04:40.9879236Z PASS craepets.ellie public owner activity rejects before leaving current lesson
2026-10-02T06:04:40.9937189Z PASS craepets.ellie active storage event pauses stale persistence
2026-10-02T06:04:40.9994302Z PASS craepets.ellie damaged refresh pauses before state/player mutation
2026-10-02T06:04:41.0064851Z PASS craepets.ellie failed active startup is write-free
2026-10-02T06:04:41.0123260Z PASS craepets.kieran refuses partial JSON without replacing bytes
2026-10-02T06:04:41.0182413Z PASS craepets.kieran refuses empty string without replacing bytes
2026-10-02T06:04:41.0241571Z PASS craepets.kieran refuses whitespace without replacing bytes
2026-10-02T06:04:41.0313042Z PASS craepets.kieran refuses JSON null without replacing bytes
2026-10-02T06:04:41.0372024Z PASS craepets.kieran refuses array without replacing bytes
2026-10-02T06:04:41.0430959Z PASS craepets.kieran refuses number without replacing bytes
2026-10-02T06:04:41.0490122Z PASS craepets.kieran refuses boolean without replacing bytes
2026-10-02T06:04:41.0552156Z PASS craepets.kieran refuses old version without replacing bytes
2026-10-02T06:04:41.0635571Z PASS craepets.kieran refuses bad pet without replacing bytes
2026-10-02T06:04:41.0697146Z PASS craepets.kieran refuses stats string without replacing bytes
2026-10-02T06:04:41.0760278Z PASS craepets.kieran refuses fractional house without replacing bytes
2026-10-02T06:04:41.0824491Z PASS craepets.kieran refuses bad review without replacing bytes
2026-10-02T06:04:41.0926447Z PASS craepets.kieran refuses blank broken stats without replacing bytes
2026-10-02T06:04:41.0989882Z PASS craepets.kieran refuses blank broken house without replacing bytes
2026-10-02T06:04:41.1048156Z PASS craepets.kieran read failure is not absence
2026-10-02T06:04:41.1107767Z PASS craepets.kieran admits current blank without temporary pet or writes
2026-10-02T06:04:41.1166275Z PASS craepets.kieran admits legacy pet null without temporary pet or writes
2026-10-02T06:04:41.1224137Z PASS craepets.kieran admits legacy missing pet without temporary pet or writes
2026-10-02T06:04:41.1292661Z PASS craepets.kieran admits genuinely absent new valley
2026-10-02T06:04:41.1352778Z PASS craepets.kieran retains valid earned progress and legacy defaults
2026-10-02T06:04:41.1413075Z PASS craepets.kieran rejects sibling switch before changing healthy player/session
2026-10-02T06:04:41.1469946Z PASS craepets.kieran rejects damaged family visit without changing active lesson
2026-10-02T06:04:41.1526441Z PASS craepets.kieran public owner activity rejects before leaving current lesson
2026-10-02T06:04:41.1582726Z PASS craepets.kieran active storage event pauses stale persistence
2026-10-02T06:04:41.1653617Z PASS craepets.kieran damaged refresh pauses before state/player mutation
2026-10-02T06:04:41.1710674Z PASS craepets.kieran failed active startup is write-free
2026-10-02T06:04:41.1770501Z PASS craepets.shannon refuses partial JSON without replacing bytes
2026-10-02T06:04:41.1830197Z PASS craepets.shannon refuses empty string without replacing bytes
2026-10-02T06:04:41.1905685Z PASS craepets.shannon refuses whitespace without replacing bytes
2026-10-02T06:04:41.1965558Z PASS craepets.shannon refuses JSON null without replacing bytes
2026-10-02T06:04:41.2026131Z PASS craepets.shannon refuses array without replacing bytes
2026-10-02T06:04:41.2091564Z PASS craepets.shannon refuses number without replacing bytes
2026-10-02T06:04:41.2151846Z PASS craepets.shannon refuses boolean without replacing bytes
2026-10-02T06:04:41.2226527Z PASS craepets.shannon refuses old version without replacing bytes
2026-10-02T06:04:41.2284942Z PASS craepets.shannon refuses bad pet without replacing bytes
2026-10-02T06:04:41.2345039Z PASS craepets.shannon refuses stats string without replacing bytes
2026-10-02T06:04:41.2407970Z PASS craepets.shannon refuses fractional house without replacing bytes
2026-10-02T06:04:41.2483525Z PASS craepets.shannon refuses bad review without replacing bytes
2026-10-02T06:04:41.2545131Z PASS craepets.shannon refuses blank broken stats without replacing bytes
2026-10-02T06:04:41.2608159Z PASS craepets.shannon refuses blank broken house without replacing bytes
2026-10-02T06:04:41.2665511Z PASS craepets.shannon read failure is not absence
2026-10-02T06:04:41.2725780Z PASS craepets.shannon admits current blank without temporary pet or writes
2026-10-02T06:04:41.2796743Z PASS craepets.shannon admits legacy pet null without temporary pet or writes
2026-10-02T06:04:41.2854744Z PASS craepets.shannon admits legacy missing pet without temporary pet or writes
2026-10-02T06:04:41.2911610Z PASS craepets.shannon admits genuinely absent new valley
2026-10-02T06:04:41.2973086Z PASS craepets.shannon retains valid earned progress and legacy defaults
2026-10-02T06:04:41.3033443Z PASS craepets.shannon rejects sibling switch before changing healthy player/session
2026-10-02T06:04:41.3104589Z PASS craepets.shannon rejects damaged family visit without changing active lesson
2026-10-02T06:04:41.3162626Z PASS craepets.shannon public owner activity rejects before leaving current lesson
2026-10-02T06:04:41.3219545Z PASS craepets.shannon active storage event pauses stale persistence
2026-10-02T06:04:41.3276588Z PASS craepets.shannon damaged refresh pauses before state/player mutation
2026-10-02T06:04:41.3333495Z PASS craepets.shannon failed active startup is write-free
2026-10-02T06:04:41.3406356Z PASS craepets.tristan refuses partial JSON without replacing bytes
2026-10-02T06:04:41.3466282Z PASS craepets.tristan refuses empty string without replacing bytes
2026-10-02T06:04:41.3526100Z PASS craepets.tristan refuses whitespace without replacing bytes
2026-10-02T06:04:41.3584969Z PASS craepets.tristan refuses JSON null without replacing bytes
2026-10-02T06:04:41.3644265Z PASS craepets.tristan refuses array without replacing bytes
2026-10-02T06:04:41.3716825Z PASS craepets.tristan refuses number without replacing bytes
2026-10-02T06:04:41.3775182Z PASS craepets.tristan refuses boolean without replacing bytes
2026-10-02T06:04:41.3834893Z PASS craepets.tristan refuses old version without replacing bytes
2026-10-02T06:04:41.3894491Z PASS craepets.tristan refuses bad pet without replacing bytes
2026-10-02T06:04:41.3967523Z PASS craepets.tristan refuses stats string without replacing bytes
2026-10-02T06:04:41.4029320Z PASS craepets.tristan refuses fractional house without replacing bytes
2026-10-02T06:04:41.4091270Z PASS craepets.tristan refuses bad review without replacing bytes
2026-10-02T06:04:41.4150816Z PASS craepets.tristan refuses blank broken stats without replacing bytes
2026-10-02T06:04:41.4224261Z PASS craepets.tristan refuses blank broken house without replacing bytes
2026-10-02T06:04:41.4285085Z PASS craepets.tristan read failure is not absence
2026-10-02T06:04:41.4348914Z PASS craepets.tristan admits current blank without temporary pet or writes
2026-10-02T06:04:41.4407125Z PASS craepets.tristan admits legacy pet null without temporary pet or writes
2026-10-02T06:04:41.4465783Z PASS craepets.tristan admits legacy missing pet without temporary pet or writes
2026-10-02T06:04:41.4523035Z PASS craepets.tristan admits genuinely absent new valley
2026-10-02T06:04:41.4598089Z PASS craepets.tristan retains valid earned progress and legacy defaults
2026-10-02T06:04:41.4659530Z PASS craepets.tristan rejects sibling switch before changing healthy player/session
2026-10-02T06:04:41.4717456Z PASS craepets.tristan rejects damaged family visit without changing active lesson
2026-10-02T06:04:41.4773571Z PASS craepets.tristan public owner activity rejects before leaving current lesson
2026-10-02T06:04:41.4829876Z PASS craepets.tristan active storage event pauses stale persistence
2026-10-02T06:04:41.4900976Z PASS craepets.tristan damaged refresh pauses before state/player mutation
2026-10-02T06:04:41.4958320Z PASS craepets.tristan failed active startup is write-free
2026-10-02T06:04:41.5049452Z PASS craepets.guest refuses partial JSON without replacing bytes
2026-10-02T06:04:41.5107721Z PASS craepets.guest refuses empty string without replacing bytes
2026-10-02T06:04:41.5167957Z PASS craepets.guest refuses whitespace without replacing bytes
2026-10-02T06:04:41.5237824Z PASS craepets.guest refuses JSON null without replacing bytes
2026-10-02T06:04:41.5298338Z PASS craepets.guest refuses array without replacing bytes
2026-10-02T06:04:41.5367409Z PASS craepets.guest refuses number without replacing bytes
2026-10-02T06:04:41.5427184Z PASS craepets.guest refuses boolean without replacing bytes
2026-10-02T06:04:41.5527161Z PASS craepets.guest refuses old version without replacing bytes
2026-10-02T06:04:41.5587167Z PASS craepets.guest refuses bad pet without replacing bytes
2026-10-02T06:04:41.5660954Z PASS craepets.guest refuses stats string without replacing bytes
2026-10-02T06:04:41.5724141Z PASS craepets.guest refuses fractional house without replacing bytes
2026-10-02T06:04:41.5788614Z PASS craepets.guest refuses bad review without replacing bytes
2026-10-02T06:04:41.5923767Z PASS craepets.guest refuses blank broken stats without replacing bytes
2026-10-02T06:04:41.6090103Z PASS craepets.guest refuses blank broken house without replacing bytes
2026-10-02T06:04:41.6282292Z PASS craepets.guest read failure is not absence
2026-10-02T06:04:41.6423717Z PASS craepets.guest admits current blank without temporary pet or writes
2026-10-02T06:04:41.6566122Z PASS craepets.guest admits legacy pet null without temporary pet or writes
2026-10-02T06:04:41.6670727Z PASS craepets.guest admits legacy missing pet without temporary pet or writes
2026-10-02T06:04:41.6772021Z PASS craepets.guest admits genuinely absent new valley
2026-10-02T06:04:41.6865169Z PASS craepets.guest retains valid earned progress and legacy defaults
2026-10-02T06:04:41.6926271Z PASS craepets.guest rejects sibling switch before changing healthy player/session
2026-10-02T06:04:41.6983729Z PASS craepets.guest rejects damaged family visit without changing active lesson
2026-10-02T06:04:41.7042217Z PASS craepets.guest public owner activity rejects before leaving current lesson
2026-10-02T06:04:41.7099708Z PASS craepets.guest active storage event pauses stale persistence
2026-10-02T06:04:41.7174830Z PASS craepets.guest damaged refresh pauses before state/player mutation
2026-10-02T06:04:41.7232853Z PASS craepets.guest failed active startup is write-free
2026-10-02T06:04:41.7290977Z PASS craepets.house. native-ID fence refuses unknown keys before reading
2026-10-02T06:04:41.7350955Z PASS craepets.house.WHO read unavailable pauses startup without writes
2026-10-02T06:04:41.7409190Z PASS craepets.house.invalid WHO pauses startup without writes
2026-10-02T06:04:41.7504530Z PASS craepets.house. unavailable sibling stays out of neighborhood without blocking healthy current
2026-10-02T06:04:41.7670117Z PASS craepets.house. prior family pending guard remains effective
2026-10-02T06:04:41.7749588Z PASS craepets. native-ID fence refuses unknown keys before reading
2026-10-02T06:04:41.7820418Z PASS craepets.WHO read unavailable pauses startup without writes
2026-10-02T06:04:41.7907715Z PASS craepets.invalid WHO pauses startup without writes
2026-10-02T06:04:41.8033482Z PASS craepets. unavailable sibling stays out of neighborhood without blocking healthy current
2026-10-02T06:04:41.8142685Z PASS craepets. prior family pending guard remains effective
2026-10-02T06:04:41.8304879Z PASS craepets.house.jeannie actual registration refuses damaged active with all healthy siblings
2026-10-02T06:04:41.8372179Z PASS craepets.house.cory actual registration refuses damaged active with all healthy siblings
2026-10-02T06:04:41.8437617Z PASS craepets.house.ellie actual registration refuses damaged active with all healthy siblings
2026-10-02T06:04:41.8518171Z PASS craepets.house.kieran actual registration refuses damaged active with all healthy siblings
2026-10-02T06:04:41.8582656Z PASS craepets.house.shannon actual registration refuses damaged active with all healthy siblings
2026-10-02T06:04:41.8647776Z PASS craepets.house.tristan actual registration refuses damaged active with all healthy siblings
2026-10-02T06:04:41.8712503Z PASS craepets.house.guest actual registration refuses damaged active with all healthy siblings
2026-10-02T06:04:41.8790742Z PASS craepets.jeannie actual registration refuses damaged active with all healthy siblings
2026-10-02T06:04:41.8855761Z PASS craepets.cory actual registration refuses damaged active with all healthy siblings
2026-10-02T06:04:41.8920484Z PASS craepets.ellie actual registration refuses damaged active with all healthy siblings
2026-10-02T06:04:41.8985854Z PASS craepets.kieran actual registration refuses damaged active with all healthy siblings
2026-10-02T06:04:41.9065661Z PASS craepets.shannon actual registration refuses damaged active with all healthy siblings
2026-10-02T06:04:41.9132771Z PASS craepets.tristan actual registration refuses damaged active with all healthy siblings
2026-10-02T06:04:41.9199080Z PASS craepets.guest actual registration refuses damaged active with all healthy siblings
2026-10-02T06:04:41.9260368Z PASS actual house registration distinguishes WHO read unavailable and suppresses its one auto cycle
2026-10-02T06:04:41.9333041Z PASS actual house registration distinguishes active read unavailable and suppresses its one auto cycle
2026-10-02T06:04:41.9334062Z PASS active saved-data loader: 390 production checks across seven house/shared profiles; malformed/read-failure preservation, blank/legacy/earned states, startup, switching, refresh and external-update refusal.
2026-10-02T06:04:41.9499231Z PASS: craepets-active-save.cjs (2.6s)
2026-10-02T06:04:41.9499545Z 
2026-10-02T06:04:41.9499763Z --- craepets-active-save-browser.cjs ---
2026-10-02T06:04:50.8696209Z PASS active loader Chromium Desktop: all fourteen active profile/mode refusals, exact namespaces/selection, real startup gate/link/download, unavailable reads/retry, sibling lesson preservation, other-document storage refusal and valid legacy/blank play.
2026-10-02T06:04:58.5109947Z PASS active loader Chromium iPad: all fourteen active profile/mode refusals, exact namespaces/selection, real startup gate/link/download, unavailable reads/retry, sibling lesson preservation, other-document storage refusal and valid legacy/blank play.
2026-10-02T06:05:06.2152676Z PASS active loader Chromium iPhone: all fourteen active profile/mode refusals, exact namespaces/selection, real startup gate/link/download, unavailable reads/retry, sibling lesson preservation, other-document storage refusal and valid legacy/blank play.
2026-10-02T06:05:06.3546995Z PASS: craepets-active-save-browser.cjs (24.4s)
2026-10-02T06:05:06.3548823Z 
2026-10-02T06:05:06.3550671Z --- craepets-auto-seeding.cjs ---
2026-10-02T06:05:06.3970623Z PASS jeannie does not seed stats string
2026-10-02T06:05:06.4054002Z PASS jeannie does not seed fractional legacy house
2026-10-02T06:05:06.4130939Z PASS jeannie does not seed review null
2026-10-02T06:05:06.4206709Z PASS jeannie does not seed bag string count
2026-10-02T06:05:06.4282615Z PASS jeannie does not seed subject stats
2026-10-02T06:05:06.4358805Z PASS jeannie does not seed room array
2026-10-02T06:05:06.4440498Z PASS jeannie does not seed species
2026-10-02T06:05:06.4506437Z PASS jeannie does not seed colour
2026-10-02T06:05:06.4581257Z PASS jeannie does not seed blank pet name
2026-10-02T06:05:06.4648733Z PASS jeannie does not seed null needs
2026-10-02T06:05:06.4722717Z PASS jeannie does not seed diary record
2026-10-02T06:05:06.4800744Z PASS jeannie does not seed mail record
2026-10-02T06:05:06.4869232Z PASS jeannie does not seed quest record
2026-10-02T06:05:06.4947112Z PASS jeannie does not seed negative coins
2026-10-02T06:05:06.5021335Z PASS jeannie does not seed bank array
2026-10-02T06:05:06.5105315Z PASS jeannie does not seed seen row
2026-10-02T06:05:06.5168902Z PASS jeannie does not seed pet array
2026-10-02T06:05:06.5239622Z PASS jeannie does not seed version
2026-10-02T06:05:06.5314908Z PASS jeannie does not seed answer index
2026-10-02T06:05:06.5392056Z PASS cory does not seed stats string
2026-10-02T06:05:06.5454490Z PASS cory does not seed fractional legacy house
2026-10-02T06:05:06.5538616Z PASS cory does not seed review null
2026-10-02T06:05:06.5599971Z PASS cory does not seed bag string count
2026-10-02T06:05:06.5661445Z PASS cory does not seed subject stats
2026-10-02T06:05:06.5723869Z PASS cory does not seed room array
2026-10-02T06:05:06.5794153Z PASS cory does not seed species
2026-10-02T06:05:06.5855391Z PASS cory does not seed colour
2026-10-02T06:05:06.5916724Z PASS cory does not seed blank pet name
2026-10-02T06:05:06.5979256Z PASS cory does not seed null needs
2026-10-02T06:05:06.6050592Z PASS cory does not seed diary record
2026-10-02T06:05:06.6111605Z PASS cory does not seed mail record
2026-10-02T06:05:06.6173365Z PASS cory does not seed quest record
2026-10-02T06:05:06.6253920Z PASS cory does not seed negative coins
2026-10-02T06:05:06.6314543Z PASS cory does not seed bank array
2026-10-02T06:05:06.6376694Z PASS cory does not seed seen row
2026-10-02T06:05:06.6437497Z PASS cory does not seed pet array
2026-10-02T06:05:06.6505688Z PASS cory does not seed version
2026-10-02T06:05:06.6577578Z PASS cory does not seed answer index
2026-10-02T06:05:06.6649692Z PASS ellie does not seed stats string
2026-10-02T06:05:06.6724282Z PASS ellie does not seed fractional legacy house
2026-10-02T06:05:06.6804016Z PASS ellie does not seed review null
2026-10-02T06:05:06.6867052Z PASS ellie does not seed bag string count
2026-10-02T06:05:06.6930693Z PASS ellie does not seed subject stats
2026-10-02T06:05:06.6999617Z PASS ellie does not seed room array
2026-10-02T06:05:06.7071806Z PASS ellie does not seed species
2026-10-02T06:05:06.7144825Z PASS ellie does not seed colour
2026-10-02T06:05:06.7216778Z PASS ellie does not seed blank pet name
2026-10-02T06:05:06.7304345Z PASS ellie does not seed null needs
2026-10-02T06:05:06.7368782Z PASS ellie does not seed diary record
2026-10-02T06:05:06.7433442Z PASS ellie does not seed mail record
2026-10-02T06:05:06.7498048Z PASS ellie does not seed quest record
2026-10-02T06:05:06.7563101Z PASS ellie does not seed negative coins
2026-10-02T06:05:06.7627957Z PASS ellie does not seed bank array
2026-10-02T06:05:06.7694230Z PASS ellie does not seed seen row
2026-10-02T06:05:06.7777373Z PASS ellie does not seed pet array
2026-10-02T06:05:06.7840015Z PASS ellie does not seed version
2026-10-02T06:05:06.7904599Z PASS ellie does not seed answer index
2026-10-02T06:05:06.7968873Z PASS kieran does not seed stats string
2026-10-02T06:05:06.8033049Z PASS kieran does not seed fractional legacy house
2026-10-02T06:05:06.8097138Z PASS kieran does not seed review null
2026-10-02T06:05:06.8164068Z PASS kieran does not seed bag string count
2026-10-02T06:05:06.8247461Z PASS kieran does not seed subject stats
2026-10-02T06:05:06.8311450Z PASS kieran does not seed room array
2026-10-02T06:05:06.8375457Z PASS kieran does not seed species
2026-10-02T06:05:06.8438505Z PASS kieran does not seed colour
2026-10-02T06:05:06.8503298Z PASS kieran does not seed blank pet name
2026-10-02T06:05:06.8574081Z PASS kieran does not seed null needs
2026-10-02T06:05:06.8641046Z PASS kieran does not seed diary record
2026-10-02T06:05:06.8726164Z PASS kieran does not seed mail record
2026-10-02T06:05:06.8791012Z PASS kieran does not seed quest record
2026-10-02T06:05:06.8855553Z PASS kieran does not seed negative coins
2026-10-02T06:05:06.8920440Z PASS kieran does not seed bank array
2026-10-02T06:05:06.8984468Z PASS kieran does not seed seen row
2026-10-02T06:05:06.9047629Z PASS kieran does not seed pet array
2026-10-02T06:05:06.9111541Z PASS kieran does not seed version
2026-10-02T06:05:06.9218606Z PASS kieran does not seed answer index
2026-10-02T06:05:06.9281069Z PASS shannon does not seed stats string
2026-10-02T06:05:06.9344818Z PASS shannon does not seed fractional legacy house
2026-10-02T06:05:06.9408404Z PASS shannon does not seed review null
2026-10-02T06:05:06.9472334Z PASS shannon does not seed bag string count
2026-10-02T06:05:06.9536036Z PASS shannon does not seed subject stats
2026-10-02T06:05:06.9599883Z PASS shannon does not seed room array
2026-10-02T06:05:06.9662556Z PASS shannon does not seed species
2026-10-02T06:05:06.9739485Z PASS shannon does not seed colour
2026-10-02T06:05:06.9803645Z PASS shannon does not seed blank pet name
2026-10-02T06:05:06.9867171Z PASS shannon does not seed null needs
2026-10-02T06:05:06.9931786Z PASS shannon does not seed diary record
2026-10-02T06:05:06.9995804Z PASS shannon does not seed mail record
2026-10-02T06:05:07.0059606Z PASS shannon does not seed quest record
2026-10-02T06:05:07.0122502Z PASS shannon does not seed negative coins
2026-10-02T06:05:07.0204081Z PASS shannon does not seed bank array
2026-10-02T06:05:07.0268716Z PASS shannon does not seed seen row
2026-10-02T06:05:07.0332707Z PASS shannon does not seed pet array
2026-10-02T06:05:07.0396898Z PASS shannon does not seed version
2026-10-02T06:05:07.0461855Z PASS shannon does not seed answer index
2026-10-02T06:05:07.0525785Z PASS tristan does not seed stats string
2026-10-02T06:05:07.0590350Z PASS tristan does not seed fractional legacy house
2026-10-02T06:05:07.0672642Z PASS tristan does not seed review null
2026-10-02T06:05:07.0737219Z PASS tristan does not seed bag string count
2026-10-02T06:05:07.0801539Z PASS tristan does not seed subject stats
2026-10-02T06:05:07.0866426Z PASS tristan does not seed room array
2026-10-02T06:05:07.0931566Z PASS tristan does not seed species
2026-10-02T06:05:07.0995465Z PASS tristan does not seed colour
2026-10-02T06:05:07.1058418Z PASS tristan does not seed blank pet name
2026-10-02T06:05:07.1142903Z PASS tristan does not seed null needs
2026-10-02T06:05:07.1209842Z PASS tristan does not seed diary record
2026-10-02T06:05:07.1275830Z PASS tristan does not seed mail record
2026-10-02T06:05:07.1345981Z PASS tristan does not seed quest record
2026-10-02T06:05:07.1410079Z PASS tristan does not seed negative coins
2026-10-02T06:05:07.1476492Z PASS tristan does not seed bank array
2026-10-02T06:05:07.1541750Z PASS tristan does not seed seen row
2026-10-02T06:05:07.1625808Z PASS tristan does not seed pet array
2026-10-02T06:05:07.1687726Z PASS tristan does not seed version
2026-10-02T06:05:07.1753705Z PASS tristan does not seed answer index
2026-10-02T06:05:07.1820091Z PASS guest does not seed stats string
2026-10-02T06:05:07.1886298Z PASS guest does not seed fractional legacy house
2026-10-02T06:05:07.1950751Z PASS guest does not seed review null
2026-10-02T06:05:07.2015105Z PASS guest does not seed bag string count
2026-10-02T06:05:07.2098627Z PASS guest does not seed subject stats
2026-10-02T06:05:07.2163731Z PASS guest does not seed room array
2026-10-02T06:05:07.2227006Z PASS guest does not seed species
2026-10-02T06:05:07.2289791Z PASS guest does not seed colour
2026-10-02T06:05:07.2353173Z PASS guest does not seed blank pet name
2026-10-02T06:05:07.2419636Z PASS guest does not seed null needs
2026-10-02T06:05:07.2484710Z PASS guest does not seed diary record
2026-10-02T06:05:07.2564646Z PASS guest does not seed mail record
2026-10-02T06:05:07.2628448Z PASS guest does not seed quest record
2026-10-02T06:05:07.2692040Z PASS guest does not seed negative coins
2026-10-02T06:05:07.2756248Z PASS guest does not seed bank array
2026-10-02T06:05:07.2820665Z PASS guest does not seed seen row
2026-10-02T06:05:07.2883238Z PASS guest does not seed pet array
2026-10-02T06:05:07.2945925Z PASS guest does not seed version
2026-10-02T06:05:07.3032021Z PASS guest does not seed answer index
2026-10-02T06:05:07.3097243Z PASS jeannie preserves present raw ""
2026-10-02T06:05:07.3161355Z PASS jeannie preserves present raw "null"
2026-10-02T06:05:07.3224848Z PASS jeannie preserves present raw "[]"
2026-10-02T06:05:07.3288393Z PASS jeannie preserves present raw "0"
2026-10-02T06:05:07.3352452Z PASS jeannie preserves present raw "  "
2026-10-02T06:05:07.3416958Z PASS jeannie preserves present raw "{ valuable partial bytes"
2026-10-02T06:05:07.3501313Z PASS jeannie preserves present raw "{\"v\":2,\"pet\":{\"name\":\"Future\",\"species\":\"blorb\",\"colour\":\"meadow\"}}"
2026-10-02T06:05:07.3564448Z PASS jeannie preserves present raw "{\"v\":1,\"pet\":{\"name\":\"Damaged\",\"species\":\"blorb\",\"colour\":\"meadow\"},\"stats\":\"broken\"}"
2026-10-02T06:05:07.3625781Z PASS cory preserves present raw ""
2026-10-02T06:05:07.3686981Z PASS cory preserves present raw "null"
2026-10-02T06:05:07.3749406Z PASS cory preserves present raw "[]"
2026-10-02T06:05:07.3811422Z PASS cory preserves present raw "0"
2026-10-02T06:05:07.3872989Z PASS cory preserves present raw "  "
2026-10-02T06:05:07.3979832Z PASS cory preserves present raw "{ valuable partial bytes"
2026-10-02T06:05:07.4040177Z PASS cory preserves present raw "{\"v\":2,\"pet\":{\"name\":\"Future\",\"species\":\"blorb\",\"colour\":\"meadow\"}}"
2026-10-02T06:05:07.4100637Z PASS cory preserves present raw "{\"v\":1,\"pet\":{\"name\":\"Damaged\",\"species\":\"blorb\",\"colour\":\"meadow\"},\"stats\":\"broken\"}"
2026-10-02T06:05:07.4162262Z PASS ellie preserves present raw ""
2026-10-02T06:05:07.4223310Z PASS ellie preserves present raw "null"
2026-10-02T06:05:07.4284646Z PASS ellie preserves present raw "[]"
2026-10-02T06:05:07.4345715Z PASS ellie preserves present raw "0"
2026-10-02T06:05:07.4406841Z PASS ellie preserves present raw "  "
2026-10-02T06:05:07.4468430Z PASS ellie preserves present raw "{ valuable partial bytes"
2026-10-02T06:05:07.4543094Z PASS ellie preserves present raw "{\"v\":2,\"pet\":{\"name\":\"Future\",\"species\":\"blorb\",\"colour\":\"meadow\"}}"
2026-10-02T06:05:07.4604576Z PASS ellie preserves present raw "{\"v\":1,\"pet\":{\"name\":\"Damaged\",\"species\":\"blorb\",\"colour\":\"meadow\"},\"stats\":\"broken\"}"
2026-10-02T06:05:07.4666050Z PASS kieran preserves present raw ""
2026-10-02T06:05:07.4728071Z PASS kieran preserves present raw "null"
2026-10-02T06:05:07.4789362Z PASS kieran preserves present raw "[]"
2026-10-02T06:05:07.4850444Z PASS kieran preserves present raw "0"
2026-10-02T06:05:07.4929850Z PASS kieran preserves present raw "  "
2026-10-02T06:05:07.4992592Z PASS kieran preserves present raw "{ valuable partial bytes"
2026-10-02T06:05:07.5055494Z PASS kieran preserves present raw "{\"v\":2,\"pet\":{\"name\":\"Future\",\"species\":\"blorb\",\"colour\":\"meadow\"}}"
2026-10-02T06:05:07.5117168Z PASS kieran preserves present raw "{\"v\":1,\"pet\":{\"name\":\"Damaged\",\"species\":\"blorb\",\"colour\":\"meadow\"},\"stats\":\"broken\"}"
2026-10-02T06:05:07.5178789Z PASS shannon preserves present raw ""
2026-10-02T06:05:07.5240776Z PASS shannon preserves present raw "null"
2026-10-02T06:05:07.5302904Z PASS shannon preserves present raw "[]"
2026-10-02T06:05:07.5364793Z PASS shannon preserves present raw "0"
2026-10-02T06:05:07.5443649Z PASS shannon preserves present raw "  "
2026-10-02T06:05:07.5505927Z PASS shannon preserves present raw "{ valuable partial bytes"
2026-10-02T06:05:07.5568735Z PASS shannon preserves present raw "{\"v\":2,\"pet\":{\"name\":\"Future\",\"species\":\"blorb\",\"colour\":\"meadow\"}}"
2026-10-02T06:05:07.5630691Z PASS shannon preserves present raw "{\"v\":1,\"pet\":{\"name\":\"Damaged\",\"species\":\"blorb\",\"colour\":\"meadow\"},\"stats\":\"broken\"}"
2026-10-02T06:05:07.5692690Z PASS tristan preserves present raw ""
2026-10-02T06:05:07.5756430Z PASS tristan preserves present raw "null"
2026-10-02T06:05:07.5818828Z PASS tristan preserves present raw "[]"
2026-10-02T06:05:07.5899967Z PASS tristan preserves present raw "0"
2026-10-02T06:05:07.5961790Z PASS tristan preserves present raw "  "
2026-10-02T06:05:07.6023798Z PASS tristan preserves present raw "{ valuable partial bytes"
2026-10-02T06:05:07.6086270Z PASS tristan preserves present raw "{\"v\":2,\"pet\":{\"name\":\"Future\",\"species\":\"blorb\",\"colour\":\"meadow\"}}"
2026-10-02T06:05:07.6148214Z PASS tristan preserves present raw "{\"v\":1,\"pet\":{\"name\":\"Damaged\",\"species\":\"blorb\",\"colour\":\"meadow\"},\"stats\":\"broken\"}"
2026-10-02T06:05:07.6209211Z PASS guest preserves present raw ""
2026-10-02T06:05:07.6270591Z PASS guest preserves present raw "null"
2026-10-02T06:05:07.6351973Z PASS guest preserves present raw "[]"
2026-10-02T06:05:07.6413030Z PASS guest preserves present raw "0"
2026-10-02T06:05:07.6474378Z PASS guest preserves present raw "  "
2026-10-02T06:05:07.6536131Z PASS guest preserves present raw "{ valuable partial bytes"
2026-10-02T06:05:07.6597876Z PASS guest preserves present raw "{\"v\":2,\"pet\":{\"name\":\"Future\",\"species\":\"blorb\",\"colour\":\"meadow\"}}"
2026-10-02T06:05:07.6659590Z PASS guest preserves present raw "{\"v\":1,\"pet\":{\"name\":\"Damaged\",\"species\":\"blorb\",\"colour\":\"meadow\"},\"stats\":\"broken\"}"
2026-10-02T06:05:07.6721858Z PASS jeannie respects reset marker "1"
2026-10-02T06:05:07.6801087Z PASS jeannie respects reset marker ""
2026-10-02T06:05:07.6863803Z PASS jeannie respects reset marker "0"
2026-10-02T06:05:07.6926099Z PASS cory respects reset marker "1"
2026-10-02T06:05:07.6986897Z PASS cory respects reset marker ""
2026-10-02T06:05:07.7047078Z PASS cory respects reset marker "0"
2026-10-02T06:05:07.7108666Z PASS ellie respects reset marker "1"
2026-10-02T06:05:07.7170519Z PASS ellie respects reset marker ""
2026-10-02T06:05:07.7250190Z PASS ellie respects reset marker "0"
2026-10-02T06:05:07.7311968Z PASS kieran respects reset marker "1"
2026-10-02T06:05:07.7373282Z PASS kieran respects reset marker ""
2026-10-02T06:05:07.7438418Z PASS kieran respects reset marker "0"
2026-10-02T06:05:07.7500818Z PASS shannon respects reset marker "1"
2026-10-02T06:05:07.7563229Z PASS shannon respects reset marker ""
2026-10-02T06:05:07.7624769Z PASS shannon respects reset marker "0"
2026-10-02T06:05:07.7702505Z PASS tristan respects reset marker "1"
2026-10-02T06:05:07.7764170Z PASS tristan respects reset marker ""
2026-10-02T06:05:07.7826040Z PASS tristan respects reset marker "0"
2026-10-02T06:05:07.7887949Z PASS guest respects reset marker "1"
2026-10-02T06:05:07.7949088Z PASS guest respects reset marker ""
2026-10-02T06:05:07.8011089Z PASS guest respects reset marker "0"
2026-10-02T06:05:07.8081090Z PASS jeannie isolates set failure at craepets.house.v1.jeannie
2026-10-02T06:05:07.8164281Z PASS jeannie isolates get failure at craepets.house.v1.jeannie
2026-10-02T06:05:07.8227181Z PASS jeannie isolates get failure at craepets.v1.jeannie
2026-10-02T06:05:07.8290166Z PASS jeannie isolates get failure at craepets.house.reset.jeannie
2026-10-02T06:05:07.8351827Z PASS cory isolates set failure at craepets.house.v1.cory
2026-10-02T06:05:07.8462366Z PASS cory isolates get failure at craepets.house.v1.cory
2026-10-02T06:05:07.8542030Z PASS cory isolates get failure at craepets.v1.cory
2026-10-02T06:05:07.8646748Z PASS cory isolates get failure at craepets.house.reset.cory
2026-10-02T06:05:07.8711961Z PASS ellie isolates set failure at craepets.house.v1.ellie
2026-10-02T06:05:07.8774361Z PASS ellie isolates get failure at craepets.house.v1.ellie
2026-10-02T06:05:07.8838057Z PASS ellie isolates get failure at craepets.v1.ellie
2026-10-02T06:05:07.8900713Z PASS ellie isolates get failure at craepets.house.reset.ellie
2026-10-02T06:05:07.8964806Z PASS kieran isolates set failure at craepets.house.v1.kieran
2026-10-02T06:05:07.9026844Z PASS kieran isolates get failure at craepets.house.v1.kieran
2026-10-02T06:05:07.9089204Z PASS kieran isolates get failure at craepets.v1.kieran
2026-10-02T06:05:07.9152264Z PASS kieran isolates get failure at craepets.house.reset.kieran
2026-10-02T06:05:07.9228820Z PASS shannon isolates set failure at craepets.house.v1.shannon
2026-10-02T06:05:07.9291587Z PASS shannon isolates get failure at craepets.house.v1.shannon
2026-10-02T06:05:07.9354326Z PASS shannon isolates get failure at craepets.v1.shannon
2026-10-02T06:05:07.9416882Z PASS shannon isolates get failure at craepets.house.reset.shannon
2026-10-02T06:05:07.9481622Z PASS tristan isolates set failure at craepets.house.v1.tristan
2026-10-02T06:05:07.9551729Z PASS tristan isolates get failure at craepets.house.v1.tristan
2026-10-02T06:05:07.9642118Z PASS tristan isolates get failure at craepets.v1.tristan
2026-10-02T06:05:07.9705871Z PASS tristan isolates get failure at craepets.house.reset.tristan
2026-10-02T06:05:07.9769404Z PASS guest isolates set failure at craepets.house.v1.guest
2026-10-02T06:05:07.9831856Z PASS guest isolates get failure at craepets.house.v1.guest
2026-10-02T06:05:07.9894987Z PASS guest isolates get failure at craepets.v1.guest
2026-10-02T06:05:07.9957715Z PASS guest isolates get failure at craepets.house.reset.guest
2026-10-02T06:05:08.0031688Z PASS waits for preparation; then seeds all seven without losing earned progress
2026-10-02T06:05:08.0118423Z PASS jeannie normalizes legacy original only in new house slot
2026-10-02T06:05:08.0183491Z PASS cory normalizes legacy original only in new house slot
2026-10-02T06:05:08.0247503Z PASS ellie normalizes legacy original only in new house slot
2026-10-02T06:05:08.0311947Z PASS kieran normalizes legacy original only in new house slot
2026-10-02T06:05:08.0376238Z PASS shannon normalizes legacy original only in new house slot
2026-10-02T06:05:08.0440085Z PASS tristan normalizes legacy original only in new house slot
2026-10-02T06:05:08.0504150Z PASS guest normalizes legacy original only in new house slot
2026-10-02T06:05:08.0570097Z PASS jeannie rechecks newer slot after preparation
2026-10-02T06:05:08.0657032Z PASS jeannie rechecks newer reset after preparation
2026-10-02T06:05:08.0721320Z PASS cory rechecks newer slot after preparation
2026-10-02T06:05:08.0785781Z PASS cory rechecks newer reset after preparation
2026-10-02T06:05:08.0851203Z PASS ellie rechecks newer slot after preparation
2026-10-02T06:05:08.0915814Z PASS ellie rechecks newer reset after preparation
2026-10-02T06:05:08.0980529Z PASS kieran rechecks newer slot after preparation
2026-10-02T06:05:08.1067721Z PASS kieran rechecks newer reset after preparation
2026-10-02T06:05:08.1132593Z PASS shannon rechecks newer slot after preparation
2026-10-02T06:05:08.1196910Z PASS shannon rechecks newer reset after preparation
2026-10-02T06:05:08.1261379Z PASS tristan rechecks newer slot after preparation
2026-10-02T06:05:08.1326760Z PASS tristan rechecks newer reset after preparation
2026-10-02T06:05:08.1391466Z PASS guest rechecks newer slot after preparation
2026-10-02T06:05:08.1456446Z PASS guest rechecks newer reset after preparation
2026-10-02T06:05:08.1505324Z PASS shared game mode never seeds even on explicit request
2026-10-02T06:05:08.1579542Z PASS export-only page does not seed or change selection/preferences
2026-10-02T06:05:08.1641049Z PASS existing selection and voice are preserved
2026-10-02T06:05:08.1704080Z PASS unknown original selection cannot redirect outside real profiles
2026-10-02T06:05:08.1769639Z PASS metadata write failure preserves valid new copies: craepets.house.who
2026-10-02T06:05:08.1833882Z PASS metadata write failure preserves valid new copies: craepets.house.voice
2026-10-02T06:05:08.1908921Z PASS unacknowledged copy is not reported successful
2026-10-02T06:05:08.1955521Z PASS completed pending recovery suppresses automatic recopy
2026-10-02T06:05:08.1956937Z PASS house auto-seeding: 268 production checks across seven profiles; deep source admission, every present raw target, reset/game/recovery controls, delayed registration and storage failures.
2026-10-02T06:05:08.2119628Z PASS: craepets-auto-seeding.cjs (1.9s)
2026-10-02T06:05:08.2119860Z 
2026-10-02T06:05:08.2120018Z --- craepets-auto-seeding-browser.cjs ---
2026-10-02T06:05:11.2596505Z PASS auto-seeding Chromium Desktop: actual startup, damaged sibling/malformed source/reset/quota isolation, all seven original profiles, legacy defaults, real learning/reload, shared mode and downloaded export.
2026-10-02T06:05:13.3065466Z PASS auto-seeding Chromium iPad: actual startup, damaged sibling/malformed source/reset/quota isolation, all seven original profiles, legacy defaults, real learning/reload, shared mode and downloaded export.
2026-10-02T06:05:15.4654792Z PASS auto-seeding Chromium iPhone: actual startup, damaged sibling/malformed source/reset/quota isolation, all seven original profiles, legacy defaults, real learning/reload, shared mode and downloaded export.
2026-10-02T06:05:15.5574320Z PASS: craepets-auto-seeding-browser.cjs (7.3s)
2026-10-02T06:05:15.5574671Z 
2026-10-02T06:05:15.5574816Z --- craepets-family-restore.cjs ---
2026-10-02T06:05:15.5969413Z PASS jeannie rejects stats string
2026-10-02T06:05:15.6035307Z PASS jeannie rejects fractional house
2026-10-02T06:05:15.6097210Z PASS jeannie rejects review null
2026-10-02T06:05:15.6157737Z PASS jeannie rejects bag count string
2026-10-02T06:05:15.6209964Z PASS jeannie rejects subject stats string
2026-10-02T06:05:15.6270931Z PASS jeannie rejects room array
2026-10-02T06:05:15.6329316Z PASS jeannie rejects pet unknown species
2026-10-02T06:05:15.6386803Z PASS jeannie rejects pet unknown colour
2026-10-02T06:05:15.6447436Z PASS jeannie rejects blank name
2026-10-02T06:05:15.6500957Z PASS jeannie rejects invalid needs
2026-10-02T06:05:15.6561686Z PASS jeannie rejects bad diary
2026-10-02T06:05:15.6614840Z PASS jeannie rejects mail markup shape
2026-10-02T06:05:15.6681539Z PASS jeannie rejects invalid quest
2026-10-02T06:05:15.6732971Z PASS jeannie rejects bad coins
2026-10-02T06:05:15.6784867Z PASS jeannie rejects bad bank
2026-10-02T06:05:15.6843131Z PASS jeannie rejects seen string
2026-10-02T06:05:15.6899164Z PASS jeannie rejects pet array
2026-10-02T06:05:15.6962578Z PASS jeannie rejects bad version
2026-10-02T06:05:15.7015375Z PASS jeannie rejects review answer
2026-10-02T06:05:15.7077899Z PASS cory rejects stats string
2026-10-02T06:05:15.7137749Z PASS cory rejects fractional house
2026-10-02T06:05:15.7227104Z PASS cory rejects review null
2026-10-02T06:05:15.7279184Z PASS cory rejects bag count string
2026-10-02T06:05:15.7331618Z PASS cory rejects subject stats string
2026-10-02T06:05:15.7383503Z PASS cory rejects room array
2026-10-02T06:05:15.7435265Z PASS cory rejects pet unknown species
2026-10-02T06:05:15.7486431Z PASS cory rejects pet unknown colour
2026-10-02T06:05:15.7544625Z PASS cory rejects blank name
2026-10-02T06:05:15.7596857Z PASS cory rejects invalid needs
2026-10-02T06:05:15.7648828Z PASS cory rejects bad diary
2026-10-02T06:05:15.7701810Z PASS cory rejects mail markup shape
2026-10-02T06:05:15.7772155Z PASS cory rejects invalid quest
2026-10-02T06:05:15.7823595Z PASS cory rejects bad coins
2026-10-02T06:05:15.7875504Z PASS cory rejects bad bank
2026-10-02T06:05:15.7927209Z PASS cory rejects seen string
2026-10-02T06:05:15.7980454Z PASS cory rejects pet array
2026-10-02T06:05:15.8045426Z PASS cory rejects bad version
2026-10-02T06:05:15.8105063Z PASS cory rejects review answer
2026-10-02T06:05:15.8165609Z PASS ellie rejects stats string
2026-10-02T06:05:15.8225696Z PASS ellie rejects fractional house
2026-10-02T06:05:15.8298686Z PASS ellie rejects review null
2026-10-02T06:05:15.8353206Z PASS ellie rejects bag count string
2026-10-02T06:05:15.8406480Z PASS ellie rejects subject stats string
2026-10-02T06:05:15.8462649Z PASS ellie rejects room array
2026-10-02T06:05:15.8516454Z PASS ellie rejects pet unknown species
2026-10-02T06:05:15.8576951Z PASS ellie rejects pet unknown colour
2026-10-02T06:05:15.8638553Z PASS ellie rejects blank name
2026-10-02T06:05:15.8704122Z PASS ellie rejects invalid needs
2026-10-02T06:05:15.8787232Z PASS ellie rejects bad diary
2026-10-02T06:05:15.8843635Z PASS ellie rejects mail markup shape
2026-10-02T06:05:15.8898321Z PASS ellie rejects invalid quest
2026-10-02T06:05:15.8952325Z PASS ellie rejects bad coins
2026-10-02T06:05:15.9006458Z PASS ellie rejects bad bank
2026-10-02T06:05:15.9060584Z PASS ellie rejects seen string
2026-10-02T06:05:15.9110692Z PASS ellie rejects pet array
2026-10-02T06:05:15.9160884Z PASS ellie rejects bad version
2026-10-02T06:05:15.9216498Z PASS ellie rejects review answer
2026-10-02T06:05:15.9295800Z PASS kieran rejects stats string
2026-10-02T06:05:15.9353373Z PASS kieran rejects fractional house
2026-10-02T06:05:15.9410959Z PASS kieran rejects review null
2026-10-02T06:05:15.9467502Z PASS kieran rejects bag count string
2026-10-02T06:05:15.9524069Z PASS kieran rejects subject stats string
2026-10-02T06:05:15.9580437Z PASS kieran rejects room array
2026-10-02T06:05:15.9636797Z PASS kieran rejects pet unknown species
2026-10-02T06:05:15.9692231Z PASS kieran rejects pet unknown colour
2026-10-02T06:05:15.9769941Z PASS kieran rejects blank name
2026-10-02T06:05:15.9828216Z PASS kieran rejects invalid needs
2026-10-02T06:05:15.9886095Z PASS kieran rejects bad diary
2026-10-02T06:05:15.9943683Z PASS kieran rejects mail markup shape
2026-10-02T06:05:16.0000389Z PASS kieran rejects invalid quest
2026-10-02T06:05:16.0056814Z PASS kieran rejects bad coins
2026-10-02T06:05:16.0112699Z PASS kieran rejects bad bank
2026-10-02T06:05:16.0169326Z PASS kieran rejects seen string
2026-10-02T06:05:16.0219963Z PASS kieran rejects pet array
2026-10-02T06:05:16.0293423Z PASS kieran rejects bad version
2026-10-02T06:05:16.0350741Z PASS kieran rejects review answer
2026-10-02T06:05:16.0408909Z PASS shannon rejects stats string
2026-10-02T06:05:16.0466380Z PASS shannon rejects fractional house
2026-10-02T06:05:16.0524075Z PASS shannon rejects review null
2026-10-02T06:05:16.0581763Z PASS shannon rejects bag count string
2026-10-02T06:05:16.0639953Z PASS shannon rejects subject stats string
2026-10-02T06:05:16.0697311Z PASS shannon rejects room array
2026-10-02T06:05:16.0791828Z PASS shannon rejects pet unknown species
2026-10-02T06:05:16.0862973Z PASS shannon rejects pet unknown colour
2026-10-02T06:05:16.0918199Z PASS shannon rejects blank name
2026-10-02T06:05:16.0973918Z PASS shannon rejects invalid needs
2026-10-02T06:05:16.1029963Z PASS shannon rejects bad diary
2026-10-02T06:05:16.1085452Z PASS shannon rejects mail markup shape
2026-10-02T06:05:16.1141495Z PASS shannon rejects invalid quest
2026-10-02T06:05:16.1197416Z PASS shannon rejects bad coins
2026-10-02T06:05:16.1252533Z PASS shannon rejects bad bank
2026-10-02T06:05:16.1308989Z PASS shannon rejects seen string
2026-10-02T06:05:16.1358328Z PASS shannon rejects pet array
2026-10-02T06:05:16.1424091Z PASS shannon rejects bad version
2026-10-02T06:05:16.1480457Z PASS shannon rejects review answer
2026-10-02T06:05:16.1537764Z PASS tristan rejects stats string
2026-10-02T06:05:16.1596346Z PASS tristan rejects fractional house
2026-10-02T06:05:16.1654130Z PASS tristan rejects review null
2026-10-02T06:05:16.1712096Z PASS tristan rejects bag count string
2026-10-02T06:05:16.1772817Z PASS tristan rejects subject stats string
2026-10-02T06:05:16.1831555Z PASS tristan rejects room array
2026-10-02T06:05:16.1908617Z PASS tristan rejects pet unknown species
2026-10-02T06:05:16.1965325Z PASS tristan rejects pet unknown colour
2026-10-02T06:05:16.2021878Z PASS tristan rejects blank name
2026-10-02T06:05:16.2079407Z PASS tristan rejects invalid needs
2026-10-02T06:05:16.2136746Z PASS tristan rejects bad diary
2026-10-02T06:05:16.2194839Z PASS tristan rejects mail markup shape
2026-10-02T06:05:16.2251702Z PASS tristan rejects invalid quest
2026-10-02T06:05:16.2308471Z PASS tristan rejects bad coins
2026-10-02T06:05:16.2382483Z PASS tristan rejects bad bank
2026-10-02T06:05:16.2439772Z PASS tristan rejects seen string
2026-10-02T06:05:16.2488749Z PASS tristan rejects pet array
2026-10-02T06:05:16.2537405Z PASS tristan rejects bad version
2026-10-02T06:05:16.2595250Z PASS tristan rejects review answer
2026-10-02T06:05:16.2653371Z PASS guest rejects stats string
2026-10-02T06:05:16.2716947Z PASS guest rejects fractional house
2026-10-02T06:05:16.2776036Z PASS guest rejects review null
2026-10-02T06:05:16.2852956Z PASS guest rejects bag count string
2026-10-02T06:05:16.2911439Z PASS guest rejects subject stats string
2026-10-02T06:05:16.2969922Z PASS guest rejects room array
2026-10-02T06:05:16.3027461Z PASS guest rejects pet unknown species
2026-10-02T06:05:16.3085461Z PASS guest rejects pet unknown colour
2026-10-02T06:05:16.3143413Z PASS guest rejects blank name
2026-10-02T06:05:16.3201521Z PASS guest rejects invalid needs
2026-10-02T06:05:16.3260030Z PASS guest rejects bad diary
2026-10-02T06:05:16.3335768Z PASS guest rejects mail markup shape
2026-10-02T06:05:16.3394396Z PASS guest rejects invalid quest
2026-10-02T06:05:16.3451947Z PASS guest rejects bad coins
2026-10-02T06:05:16.3509720Z PASS guest rejects bad bank
2026-10-02T06:05:16.3568400Z PASS guest rejects seen string
2026-10-02T06:05:16.3618347Z PASS guest rejects pet array
2026-10-02T06:05:16.3666825Z PASS guest rejects bad version
2026-10-02T06:05:16.3728160Z PASS guest rejects review answer
2026-10-02T06:05:16.3793793Z PASS invalid JSON
2026-10-02T06:05:16.3840760Z PASS empty family
2026-10-02T06:05:16.3887856Z PASS unknown ID
2026-10-02T06:05:16.3934844Z PASS array profiles
2026-10-02T06:05:16.3981881Z PASS unsupported family version
2026-10-02T06:05:16.4067755Z PASS prepare is detached; all seven profiles retain tier, progress and namespaces
2026-10-02T06:05:16.4116903Z PASS jeannie legacy single-pet normalization
2026-10-02T06:05:16.4165675Z PASS cory legacy single-pet normalization
2026-10-02T06:05:16.4214081Z PASS ellie legacy single-pet normalization
2026-10-02T06:05:16.4282369Z PASS kieran legacy single-pet normalization
2026-10-02T06:05:16.4331601Z PASS shannon legacy single-pet normalization
2026-10-02T06:05:16.4380325Z PASS tristan legacy single-pet normalization
2026-10-02T06:05:16.4428726Z PASS guest legacy single-pet normalization
2026-10-02T06:05:16.4494453Z PASS jeannie failed target write restores all original bytes
2026-10-02T06:05:16.4557060Z PASS cory failed target write restores all original bytes
2026-10-02T06:05:16.4619461Z PASS ellie failed target write restores all original bytes
2026-10-02T06:05:16.4681039Z PASS kieran failed target write restores all original bytes
2026-10-02T06:05:16.4766764Z PASS shannon failed target write restores all original bytes
2026-10-02T06:05:16.4830608Z PASS tristan failed target write restores all original bytes
2026-10-02T06:05:16.4892317Z PASS guest failed target write restores all original bytes
2026-10-02T06:05:16.4953561Z PASS failure at craepets.house.import-recovery.v1
2026-10-02T06:05:16.5016553Z PASS failure at craepets.house.reset.cory
2026-10-02T06:05:16.5078433Z PASS failure at craepets.house.who
2026-10-02T06:05:16.5145108Z PASS size quota rollback frees changed pets before restoring larger old bytes
2026-10-02T06:05:16.5305428Z PASS persistent rollback failure preserves journal, blocks writes and recovers on next boot
2026-10-02T06:05:16.5736027Z PASS full/malformed/foreign-key journals safely refuse imports
2026-10-02T06:05:16.5784153Z PASS pending recovery failure blocks boot auto-copy
2026-10-02T06:05:16.5846584Z PASS pending journal acknowledgment failure refuses import without stale writes
2026-10-02T06:05:16.5970162Z PASS completed journal acknowledgment failure reports uncertainty and pauses stale engine
2026-10-02T06:05:16.6014124Z PASS pending boot preserves exact damaged previous bytes instead of automatic recopy
2026-10-02T06:05:16.6014926Z PASS family restore: 163 production checks; seven profile namespaces, malformed state, exact-byte recovery, real size quota and interrupted recovery.
2026-10-02T06:05:16.6133313Z PASS: craepets-family-restore.cjs (1.1s)
2026-10-02T06:05:16.6133526Z 
2026-10-02T06:05:16.6133683Z --- craepets-family-restore-browser.cjs ---
2026-10-02T06:05:19.5623215Z PASS family restore Chromium Desktop: real file preview/apply, seven profiles, literal text, quota retry, interrupted recovery/reload, original export and isolation.
2026-10-02T06:05:21.6157757Z PASS family restore Chromium iPad: real file preview/apply, seven profiles, literal text, quota retry, interrupted recovery/reload, original export and isolation.
2026-10-02T06:05:23.6387674Z PASS family restore Chromium iPhone: real file preview/apply, seven profiles, literal text, quota retry, interrupted recovery/reload, original export and isolation.
2026-10-02T06:05:23.8379993Z PASS: craepets-family-restore-browser.cjs (7.2s)
2026-10-02T06:05:23.8380496Z 
2026-10-02T06:05:23.8380849Z --- post-office-storage.cjs ---
2026-10-02T06:05:23.8611464Z PASS normal saves and key ordering do not create recovery copies
2026-10-02T06:05:23.8620314Z PASS all six drafts and valid family mail survive mixed damage without read-time writes
2026-10-02T06:05:23.8622669Z PASS invalid letter 0 cannot hide a valid sibling
2026-10-02T06:05:23.8623649Z PASS invalid letter 1 cannot hide a valid sibling
2026-10-02T06:05:23.8624599Z PASS invalid letter 2 cannot hide a valid sibling
2026-10-02T06:05:23.8626095Z PASS invalid letter 3 cannot hide a valid sibling
2026-10-02T06:05:23.8627709Z PASS invalid letter 4 cannot hide a valid sibling
2026-10-02T06:05:23.8628806Z PASS invalid letter 5 cannot hide a valid sibling
2026-10-02T06:05:23.8630453Z PASS invalid letter 6 cannot hide a valid sibling
2026-10-02T06:05:23.8633368Z PASS invalid letter 7 cannot hide a valid sibling
2026-10-02T06:05:23.8635123Z PASS invalid letter 8 cannot hide a valid sibling
2026-10-02T06:05:23.8636086Z PASS invalid letter 9 cannot hide a valid sibling
2026-10-02T06:05:23.8636882Z PASS invalid letter 10 cannot hide a valid sibling
2026-10-02T06:05:23.8637518Z PASS invalid letter 11 cannot hide a valid sibling
2026-10-02T06:05:23.8643861Z PASS invalid letter 12 cannot hide a valid sibling
2026-10-02T06:05:23.8644382Z PASS invalid letter 13 cannot hide a valid sibling
2026-10-02T06:05:23.8644987Z PASS invalid letter 14 cannot hide a valid sibling
2026-10-02T06:05:23.8645596Z PASS invalid letter 15 cannot hide a valid sibling
2026-10-02T06:05:23.8646255Z PASS invalid letter 16 cannot hide a valid sibling
2026-10-02T06:05:23.8646912Z PASS invalid letter 17 cannot hide a valid sibling
2026-10-02T06:05:23.8647782Z PASS invalid letter 18 cannot hide a valid sibling
2026-10-02T06:05:23.8648240Z PASS invalid letter 19 cannot hide a valid sibling
2026-10-02T06:05:23.8648880Z PASS invalid letter 20 cannot hide a valid sibling
2026-10-02T06:05:23.8649506Z PASS invalid letter 21 cannot hide a valid sibling
2026-10-02T06:05:23.8650188Z PASS invalid letter 22 cannot hide a valid sibling
2026-10-02T06:05:23.8650844Z PASS invalid letter 23 cannot hide a valid sibling
2026-10-02T06:05:23.8651658Z PASS invalid letter 24 cannot hide a valid sibling
2026-10-02T06:05:23.8652332Z PASS invalid letter 25 cannot hide a valid sibling
2026-10-02T06:05:23.8653228Z PASS invalid letter 26 cannot hide a valid sibling
2026-10-02T06:05:23.8653701Z PASS invalid letter 27 cannot hide a valid sibling
2026-10-02T06:05:23.8654319Z PASS invalid letter 28 cannot hide a valid sibling
2026-10-02T06:05:23.8654934Z PASS invalid letter 29 cannot hide a valid sibling
2026-10-02T06:05:23.8655588Z PASS invalid letter 30 cannot hide a valid sibling
2026-10-02T06:05:23.8661472Z PASS invalid letter 31 cannot hide a valid sibling
2026-10-02T06:05:23.8661942Z PASS invalid letter 32 cannot hide a valid sibling
2026-10-02T06:05:23.8662402Z PASS invalid letter 33 cannot hide a valid sibling
2026-10-02T06:05:23.8662885Z PASS invalid letter 34 cannot hide a valid sibling
2026-10-02T06:05:23.8663360Z PASS invalid letter 35 cannot hide a valid sibling
2026-10-02T06:05:23.8664925Z PASS malformed draft repair preserves jeannie text and isolates recipients
2026-10-02T06:05:23.8665557Z PASS malformed draft repair preserves cory text and isolates recipients
2026-10-02T06:05:23.8666113Z PASS malformed draft repair preserves ellie text and isolates recipients
2026-10-02T06:05:23.8666743Z PASS malformed draft repair preserves kieran text and isolates recipients
2026-10-02T06:05:23.8667300Z PASS malformed draft repair preserves shannon text and isolates recipients
2026-10-02T06:05:23.8668447Z PASS malformed draft repair preserves tristan text and isolates recipients
2026-10-02T06:05:23.8671294Z PASS bad draft body cannot reach trim and valid siblings survive
2026-10-02T06:05:23.8672529Z PASS old Dad draft migration uses only own known IDs
2026-10-02T06:05:23.8674053Z PASS unusable snapshot stays intact until protected repair: {broken
2026-10-02T06:05:23.8674684Z PASS unusable snapshot stays intact until protected repair: null
2026-10-02T06:05:23.8675295Z PASS unusable snapshot stays intact until protected repair: []
2026-10-02T06:05:23.8675885Z PASS unusable snapshot stays intact until protected repair: 45
2026-10-02T06:05:23.8676508Z PASS unusable snapshot stays intact until protected repair: "broken"
2026-10-02T06:05:23.8677129Z PASS backup quota failure refuses original overwrite and warns
2026-10-02T06:05:23.8678179Z PASS mailbag quota failure retains the already captured damaged bytes
2026-10-02T06:05:23.8681745Z PASS distinct recovery copies are append-only, deduplicated and bounded
2026-10-02T06:05:23.8685215Z PASS damaged recovery storage is never overwritten
2026-10-02T06:05:23.8686201Z PASS duplicate IDs cannot bind readers to multiple letters
2026-10-02T06:05:23.8686724Z Post Office storage regressions: 56 checks passed.
2026-10-02T06:05:23.8718476Z PASS: post-office-storage.cjs (0.0s)
2026-10-02T06:05:23.8718885Z 
2026-10-02T06:05:23.8719280Z --- post-office-storage-browser.cjs ---
2026-10-02T06:05:56.6255721Z PASS Post Office Desktop: damaged save recovery, six drafts, real storage events, rebound read/delete, removed/switch reader cancellation, sender preview, quota retry, reload, namespaces and literal text
2026-10-02T06:06:27.8547700Z PASS Post Office iPad: damaged save recovery, six drafts, real storage events, rebound read/delete, removed/switch reader cancellation, sender preview, quota retry, reload, namespaces and literal text
2026-10-02T06:07:05.0362776Z PASS Post Office iPhone: damaged save recovery, six drafts, real storage events, rebound read/delete, removed/switch reader cancellation, sender preview, quota retry, reload, namespaces and literal text
2026-10-02T06:07:05.1171896Z PASS: post-office-storage-browser.cjs (101.2s)
2026-10-02T06:07:05.1174305Z 
2026-10-02T06:07:05.1174865Z --- craepets-import.cjs ---
2026-10-02T06:07:05.4623901Z PASS games/craepets/craepets.js [craepets.] import transactions: 53 invalid backups, storage failure, full and legacy transfers, reload, house progress and shared-profile interoperability
2026-10-02T06:07:05.7619389Z PASS house-test/engine.js [craepets.house.] import transactions: 53 invalid backups, storage failure, full and legacy transfers, reload, house progress and shared-profile interoperability
2026-10-02T06:07:06.0628376Z PASS house-test/engine.js [craepets.] import transactions: 53 invalid backups, storage failure, full and legacy transfers, reload, house progress and shared-profile interoperability
2026-10-02T06:07:06.0774942Z PASS: craepets-import.cjs (1.0s)
2026-10-02T06:07:06.0775229Z 
2026-10-02T06:07:06.0775432Z --- craepets-import-browser.cjs ---
2026-10-02T06:07:09.9753981Z PASS game import browser checks at desktop/phone
2026-10-02T06:07:12.9214441Z PASS house import browser checks at desktop/phone
2026-10-02T06:07:17.0471965Z PASS shared import browser checks at desktop/phone
2026-10-02T06:07:17.0473670Z PASS Craepets browser imports: rejected files and quota failure preserve active lessons; current and legacy transfers reload and play on desktop/phone in game, standalone-house and shared-house modes
2026-10-02T06:07:17.2416357Z PASS: craepets-import-browser.cjs (11.2s)
2026-10-02T06:07:17.2416593Z 
2026-10-02T06:07:17.2416737Z --- shared-media-lifecycle.cjs ---
2026-10-02T06:07:17.3276147Z PASS shared media: canceled narration, audio failure recovery, bounded effects, live preferences, and background cleanup
2026-10-02T06:07:17.3331852Z PASS: shared-media-lifecycle.cjs (0.1s)
2026-10-02T06:07:17.3332167Z 
2026-10-02T06:07:17.3332367Z --- photo-daily-assignment.cjs ---
2026-10-02T06:07:17.3678132Z PASS: Photo daily assignments (300 date/explorer/unlock cases; 101 compatible low-bit hashes, 149 high-bit hashes), real map rendering and one daily reward
2026-10-02T06:07:17.3711701Z PASS: photo-daily-assignment.cjs (0.0s)
2026-10-02T06:07:17.3712013Z 
2026-10-02T06:07:17.3712167Z --- arcade-usability.cjs ---
2026-10-02T06:07:18.4094033Z PASS: corrupt saved preferences, canonical resume metadata and keyboard navigation
2026-10-02T06:07:19.0317354Z PASS: search, kid filters, result status, empty state, reset and reduced motion at 1280px
2026-10-02T06:07:19.5588890Z PASS: search, kid filters, result status, empty state, reset and reduced motion at 320px
2026-10-02T06:07:19.9342442Z PASS: arcade remains playable without localStorage; Surprise me respects search
2026-10-02T06:07:20.0070399Z PASS: arcade-usability.cjs (2.6s)
2026-10-02T06:07:20.0070698Z 
2026-10-02T06:07:20.0070882Z --- math-reliability.test.js ---
2026-10-02T06:07:25.2023631Z Math/logic reliability checks passed (5 games, numeric answers, blocked storage, damaged saves, immediate reload and phone layouts).
2026-10-02T06:07:25.5405876Z PASS: math-reliability.test.js (5.5s)
2026-10-02T06:07:25.5406221Z 
2026-10-02T06:07:25.5406377Z --- service-worker.cjs ---
2026-10-02T06:07:27.7384300Z PASS: scoped cache cleanup, safe bounded warming, module refresh, nested/dynamic imports offline, partial responses, correct fallback URL
2026-10-02T06:07:27.8193038Z PASS: service-worker.cjs (2.3s)
2026-10-02T06:07:27.8193332Z 
2026-10-02T06:07:27.8193528Z --- young-games-regressions.js ---
2026-10-02T06:07:39.1262679Z PASS young games: Desktop
2026-10-02T06:07:49.7533277Z PASS young games: Phone
2026-10-02T06:07:50.5246962Z PASS young games: corrupt and blocked saves
2026-10-02T06:07:50.6872250Z PASS: young-games-regressions.js (22.9s)
2026-10-02T06:07:50.6872584Z 
2026-10-02T06:07:50.6872780Z --- word-puzzles-lifecycle.cjs ---
2026-10-02T06:07:52.6142937Z PASS word puzzles: Desktop, duplicate submit, disabled cards, solve/hint cancellation, stopped/restored clocks, Clear and crossing direction
2026-10-02T06:07:53.9644513Z PASS word puzzles: Phone, duplicate submit, disabled cards, solve/hint cancellation, stopped/restored clocks, Clear and crossing direction
2026-10-02T06:07:54.0429895Z PASS: word-puzzles-lifecycle.cjs (3.4s)
2026-10-02T06:07:54.0430212Z 
2026-10-02T06:07:54.0430399Z --- three-model-visuals.cjs ---
2026-10-02T06:08:30.4578576Z PASS models: 35 wildlife, 18 pets/companions, 221 furnishings, 12 biome/quality variants; geometry, shaders, animation and disposal
2026-10-02T06:08:30.4727619Z PASS real WebGL: 35 wildlife models, 18 pets and companions, 221 furnishings, 12 biome/quality variants; finite geometry and rigs, shaders, animation, quality and disposal.
2026-10-02T06:08:30.4743442Z {"maxAnimalDraws":33,"maxAnimalTriangles":15564,"maxPetDraws":2,"maxFurnitureDraws":4,"maxFurnitureTriangles":2480,"maxWorldDraws":614,"maxWorldTriangles":1034478,"evidence":"/tmp/kid-games-visuals/validation"}
2026-10-02T06:08:30.5646232Z PASS: three-model-visuals.cjs (36.5s)
2026-10-02T06:08:30.5646543Z 
2026-10-02T06:08:30.5646663Z Regressions: 20/20 passed.
2026-10-02T06:08:30.5873749Z Post job cleanup.
2026-10-02T06:08:30.6914269Z (node:5676) [DEP0040] DeprecationWarning: The `punycode` module is deprecated. Please use a userland alternative instead.
2026-10-02T06:08:30.6915200Z (Use `node --trace-deprecation ...` to show where the warning was created)
2026-10-02T06:08:30.7132789Z Post job cleanup.
2026-10-02T06:08:30.7851293Z [command]/usr/bin/git version
2026-10-02T06:08:30.7886389Z git version 2.55.0
2026-10-02T06:08:30.7916857Z Temporarily overriding HOME='/home/runner/work/_temp/9adb67db-e411-4cd2-b172-8c19791b619a' before making global git config changes
2026-10-02T06:08:30.7918245Z Adding repository directory to the temporary git global config as a safe directory
2026-10-02T06:08:30.7920955Z [command]/usr/bin/git config --global --add safe.directory /home/runner/work/Kid-games/Kid-games
2026-10-02T06:08:30.7956611Z [command]/usr/bin/git config --local --name-only --get-regexp core\.sshCommand
2026-10-02T06:08:30.7986996Z [command]/usr/bin/git submodule foreach --recursive sh -c "git config --local --name-only --get-regexp 'core\.sshCommand' && git config --local --unset-all 'core.sshCommand' || :"
2026-10-02T06:08:30.8203539Z [command]/usr/bin/git config --local --name-only --get-regexp http\.https\:\/\/github\.com\/\.extraheader
2026-10-02T06:08:30.8236444Z http.https://github.com/.extraheader
2026-10-02T06:08:30.8245597Z [command]/usr/bin/git config --local --unset-all http.https://github.com/.extraheader
2026-10-02T06:08:30.8275870Z [command]/usr/bin/git submodule foreach --recursive sh -c "git config --local --name-only --get-regexp 'http\.https\:\/\/github\.com\/\.extraheader' && git config --local --unset-all 'http.https://github.com/.extraheader' || :"
2026-10-02T06:08:30.8511801Z [command]/usr/bin/git config --local --name-only --get-regexp ^includeIf\.gitdir:
2026-10-02T06:08:30.8547506Z [command]/usr/bin/git submodule foreach --recursive git config --local --show-origin --name-only --get-regexp remote.origin.url
2026-10-02T06:08:30.8921861Z Cleaning up orphan processes
2026-10-02T06:08:30.9172718Z ##[warning]Node.js 20 is deprecated. The following actions target Node.js 20 but are being forced to run on Node.js 24: actions/checkout@v4, actions/setup-node@v4. For more information see: https://github.blog/changelog/2025-09-19-deprecation-of-node-20-on-github-actions-runners/
